cell_id,x,y
1,9717.510795698925,4108.43176344086
2,4056.1583,5024.8565
3,2665.011,2970.2241000000004
4,3079.763333333334,2483.7656666666667
5,3368.6445,3376.3464999999997
6,3632.4790000000003,5088.4012
7,6100.443090909091,6415.160727272727
8,3599.6612,5229.9088
9,3942.4111,6492.47708
10,3619.2309999999998,3023.726
11,3782.1954482758624,6659.024793103448
12,2776.259,2351.6997499999998
13,4319.891166666666,1369.38
14,3093.535,3328.592
15,2909.31875,3192.3872499999998
16,5774.351647058824,6341.461117647058
17,3673.4457222222222,6189.624388888889
19,4000.532,2794.4644
20,3491.410085106383,6825.4175957446805
21,3899.5926923076922,6739.028692307693
22,2625.4605714285717,3227.3941428571425
23,3843.3289999999997,6701.578
24,2848.555,2456.6402000000003
25,3960.301,2919.6893333333333
26,2897.2483333333334,3544.286666666667
27,3804.89,4972.376833333333
28,3175.9526666666666,4738.416166666667
29,2388.66,2986.44
30,6127.05525,6573.34525
31,2437.4635,3020.406
32,2939.738,2723.943333333333
33,5804.64875,6244.55425
34,6164.5,6501.5
35,3054.578,3349.026
36,2803.484,3587.097
37,4046.94025,3126.24625
38,2662.795,3381.051
39,2847.6195,2783.9755
40,3277.3481999999995,3739.3228000000004
41,3159.6052307692307,7457.683307692308
42,3442.786,3254.786
43,3840.134,2977.1119999999996
44,3510.875,3160.0
45,3061.222,3375.333
46,2991.684333333333,3407.2083333333335
47,2984.180722222222,5236.013833333333
48,4006.9466,6769.5779999999995
50,2131.3903333333333,3961.1746666666663
51,2629.8942592592593,6047.832555555556
52,1864.789,3986.016
53,2918.813666666667,5334.190777777778
54,2741.1292000000003,2830.2493999999997
55,3022.1774666666665,5311.457333333334
56,2964.54,5406.5160000000005
57,3068.897,3598.541875
58,3922.74,2720.28
59,3521.0826666666667,3344.081666666667
60,2077.677,4094.492
61,2896.822571428572,5466.673428571428
62,3079.706,3470.7945
63,3464.8625,5180.5845
64,4202.2101999999995,3065.7258
66,2925.156,4659.422
68,4124.5017333333335,6467.966333333333
69,2672.6282,4410.4172
70,2466.4371176470586,6340.2747058823525
71,3807.9223684210524,6358.680947368421
72,8127.646333333333,4715.165666666667
73,2533.65,5291.369166666666
75,2741.0918333333334,3580.017333333333
76,4087.537666666667,3054.5033333333336
77,3729.789090909091,6886.969636363636
78,2800.663789473684,8023.02094736842
79,2846.6885,4651.843500000001
80,2691.6324999999997,3407.8005000000003
81,2821.463333333333,2830.027
82,3369.606888888889,5066.127777777778
83,3920.2,5007.3195
84,2856.4085,6808.345583333333
85,3747.7099999999996,6297.474636363637
86,3363.4003333333335,2944.207
87,3144.0,3180.387
88,2360.4836,2667.9004
89,2416.4120000000003,3220.5119999999997
90,4122.472125,6600.43725
91,2946.4883999999997,6873.779
93,3370.873,4787.036
94,4228.863714285714,6481.447
95,4174.80825,6604.30675
96,2563.661,4088.7889999999998
97,2642.26,4549.66
98,4239.63875,5361.9
99,3350.8140000000003,4692.58
100,2982.6235,3958.8835
101,2241.1802857142857,3525.205428571429
102,5902.552318181818,8384.932499999999
103,2883.87,2919.519
104,3669.868,5623.4625
105,3992.1085000000003,3429.881
106,3734.9066,6818.6992
107,3233.9,4689.483
108,3097.0164999999997,3917.1775
109,4541.3974,3864.3922
111,3404.934,4765.263
112,8622.118617021277,3074.781787234043
113,5268.549,5029.942333333333
114,4084.5,2892.5625
115,6679.148999999999,3802.60825
116,3998.4228125,6889.136125
117,2825.2965000000004,3371.9885
118,3707.2745,6778.815625
119,10134.380657894737,4642.022618421052
120,2495.878,6236.699529411764
121,6663.2865,3870.0675
122,3668.757,6542.698625
123,3765.41025,6182.5625
124,9136.857984848484,3704.045287878788
125,3607.2179999999994,2757.6013333333335
126,3607.3086000000003,6522.6440999999995
127,8726.2485,3206.2816944444444
128,3058.209125,8442.2660625
129,6633.9755000000005,3757.8895
130,3586.493142857143,5015.704714285714
131,8659.586,6762.276
132,3694.10775,6483.339
133,4194.611999999999,2971.5555
134,3968.109,3067.073
135,8381.2835,7356.105500000001
136,4132.538333333334,2870.4666666666667
137,2514.2375,3591.8905
139,2456.4334,2445.3378000000002
140,4027.0626666666667,3763.548666666667
142,4438.3369999999995,4964.261
143,6128.659133333334,1221.7858666666666
144,3034.667,2752.778
145,6204.143,6294.2880000000005
147,8290.493,6196.521000000001
148,3901.6529,6278.3313
150,4177.823833333333,6737.107833333333
151,4451.478999999999,6156.862499999999
152,10075.444827586207,6865.03124137931
153,4132.275727272728,6692.592636363636
155,3236.5853636363636,6941.711181818182
156,3716.177,6802.962
157,4466.089,3933.511
158,8990.871125,6609.6365000000005
159,2646.778,2229.0809999999997
161,3784.648333333333,6090.314666666666
162,3040.4757777777777,7626.508777777777
164,9332.088,5933.4225
165,2630.2735000000002,2617.4565000000002
166,2353.105,3221.605
167,1914.513222222222,3280.450333333333
168,3240.839,2742.661
169,3525.483,5597.586
170,3314.7389000000003,6843.3408
171,2350.208052631579,6338.339157894737
172,4302.719875,1506.21825
173,2881.0604999999996,3652.6375
174,5777.236235294118,8468.38388235294
175,5728.556,8506.444
176,9583.768869565218,3990.0978260869565
177,3800.5314,7969.991333333333
178,5690.218705882353,8481.795411764706
179,5569.894533333334,544.8562933333334
180,9917.546421052632,4302.732631578947
181,9900.319227272726,4362.545772727272
182,5736.343333333333,8496.563666666667
183,3641.863,3813.723
185,4013.5175000000004,6246.884857142858
186,2341.84,4038.21
187,2137.202,3231.991
188,9451.127499999999,5967.3445
189,2688.18025,4022.095
190,7493.617,7036.525
192,1718.0542916666666,8193.63075
193,2175.7385,3174.9695
194,4919.530000000001,3898.5370000000003
195,2427.6875,3471.7835
196,9615.268153846155,3928.469692307692
197,3461.39,4772.22275
198,2276.906625,6274.712666666666
199,4148.377,4937.148
200,3099.6621999999998,5259.4848
201,3057.265,4744.265
202,4172.413181818181,6302.504545454546
203,2409.1704,2580.5154
204,2304.3759999999997,2838.630333333333
205,9355.8812,6060.4872000000005
206,3075.2691999999997,5356.576999999999
208,3383.231,2308.731
209,3003.5695,2332.1025
211,3516.5204,5466.7636
213,5731.091,6225.818
214,5051.845555555556,327.91387777777777
215,3539.1,5229.84
216,3478.1691578947366,8175.510263157895
218,2956.077,2543.11975
219,3560.7039999999997,5662.3805
220,3561.546,2695.3633333333332
221,7463.716333333333,8063.909
222,4666.46,3914.605333333333
223,3393.0054999999998,6666.454857142858
224,3982.5326153846154,8327.096730769232
225,8774.547,6479.047
226,5973.01125,6261.046249999999
227,3003.217,3726.75
228,5661.477833333333,9419.929666666667
229,2546.0,2549.5
231,4289.417642857143,7162.978571428571
232,2206.641,3233.375
233,3605.6027777777776,6608.4291111111115
234,2686.6471666666666,8126.606722222223
236,1946.556,4097.844
237,2756.7101666666667,6071.434111111111
238,4135.777833333334,2050.9211666666665
239,3813.087,5592.982333333333
240,2146.9341666666664,3389.5778333333333
241,4042.1902857142854,6442.252428571429
242,9230.180714285714,6053.669857142857
243,3346.5903333333335,6904.180666666666
244,3093.692,6964.287399999999
245,5100.862,4185.839
246,4228.986111111111,6694.713777777778
247,9563.222434782609,3897.128695652174
248,3953.8943333333336,3727.1589999999997
249,3492.808285714286,6991.284571428571
251,3368.5,2670.0
253,3883.4688,8014.107866666667
254,2230.6274444444443,5310.958888888889
255,2614.6128,6258.1252
256,2411.269,2856.776
258,9729.81684,3959.618
259,9506.385,4544.378000000001
260,5050.3389090909095,9415.625727272727
262,3785.246,5120.904
263,3413.478333333334,6736.879333333333
264,9587.333,4609.455
265,2794.422,4712.328
266,3152.164666666666,7038.856333333333
267,3490.823484848485,1974.873696969697
268,3241.1504999999997,7309.371499999999
269,2726.0,4639.5
270,3546.58325,6994.15675
271,2749.0,4519.0
272,4096.817875,6746.9485
273,2388.1019375,6198.175375
274,3899.5698,6613.979799999999
275,4372.0,4868.125
277,4310.937,6493.651
278,3283.86,7374.632
279,4839.5412,815.3242
280,4647.75,4824.6
281,9602.028666666667,4038.0944999999997
282,3243.826,7015.0527142857145
283,4670.5,3340.0
288,4355.347,3601.347
289,4828.7175,766.8053833333333
290,4364.0545,1529.89725
292,6623.843,7753.952
293,3810.785,2795.0623333333333
294,2715.2799999999997,2276.1684999999998
296,3585.321,4905.488
298,5680.799166666667,8539.939333333334
299,9464.815793103448,4015.556068965517
300,3627.9885,6995.105500000001
301,5279.5857,89.220614
302,4441.91875,3285.31325
303,3833.808,3893.288
305,5678.228999999999,6127.662
306,2037.730947368421,6263.034052631579
307,8156.719833333334,4627.258333333333
309,4291.65875,1595.16975
310,9227.43105882353,3718.639764705882
311,8069.844,4636.676
312,7529.30525,7939.816
313,4245.716333333334,1559.778
314,4365.7395,3144.77875
316,2377.1704,4094.4558000000006
318,7449.461666666667,4387.856666666667
319,4297.19,6412.603
320,4302.456999999999,3571.6183333333333
321,9493.05218181818,3868.9253181818185
322,3465.509,5548.962
323,4302.428666666667,2229.4861666666666
324,3943.4706666666666,3272.546333333333
325,4108.673,1976.055
326,2101.484,2807.903
327,2682.4,4514.72
328,2537.9990666666663,6392.621733333333
329,3199.813,7038.653
330,5839.6336875,8309.993875
331,2632.3424999999997,4006.182
332,4823.536714285714,7470.224142857143
335,2625.453666666667,4689.305
336,3132.396222222222,5453.867222222222
337,9586.429714285714,6025.873428571429
338,4442.249428571428,1464.1194285714284
339,4487.231285714286,1512.0881428571429
340,4190.941321428571,2395.3188571428573
341,4411.356555555556,1605.5716111111112
342,2996.656,4802.8009999999995
343,7522.2245,6976.7755
344,4450.2513,7108.2029999999995
345,4691.2034,3174.8486000000003
346,4164.5,6202.174
347,4614.784,6470.305
348,4278.868,3043.264
349,2448.254,4490.567
350,8381.188,6137.172500000001
351,10358.988000000001,6353.8029
352,5040.3966666666665,500.65912499999996
354,2114.192,2800.616
355,10120.624444444444,4475.3289444444445
356,3986.138666666667,5444.462
357,3753.755,5461.4306
358,10199.560526315789,6378.716368421053
359,10032.79,6071.936
360,5888.60455,8259.01975
361,2744.0,4512.887
364,4703.7256,7468.250599999999
365,2559.0,2594.929
366,10002.991952380953,4410.446047619048
367,3562.6495,2543.471
368,3001.023,3533.186
369,3975.279625,6626.25
370,1223.307,7481.631666666667
371,2030.440909090909,7959.479363636364
373,3779.444,3475.33
374,4826.3135,4884.280166666666
375,9640.526047619047,7221.321857142857
377,6448.382142857144,3853.5407142857143
378,10048.0,4496.769285714286
379,6768.490333333332,3711.142
381,2645.6845277777775,5061.574194444444
382,4759.295333333333,2320.6793333333335
383,3282.4094999999998,4525.6849999999995
385,3883.9255,5284.67675
386,2685.706,2739.265
387,3462.755,3659.592
389,2601.5734,6158.56
390,5035.784333333333,9479.949999999999
391,7613.488,6990.727666666666
392,4104.2075,6193.2465
393,2137.767,3479.209
394,1950.325,3642.5455
395,2879.1865,5760.48525
396,1793.411,3806.408
397,2976.9194444444447,5163.430444444444
398,1813.231,3909.481
400,4544.9005,6501.12025
401,4728.904,890.5616
402,1698.57,3862.8985000000002
404,3652.403,7092.9322
405,9008.5975,5881.8835
406,4423.988,2877.6755000000003
407,2095.4918333333335,3258.0738333333334
408,3517.978916666667,6601.1627499999995
409,7678.080333333334,4258.631
410,2353.6495,5345.2485
411,3606.5,2532.5
412,4368.4439999999995,3569.797
413,3845.2953333333335,3461.7936666666665
415,3434.837,4862.325000000001
416,4054.104909090909,10253.221363636363
418,4091.6,3786.32
419,2405.7650000000003,2486.7672
420,2725.89525,3480.256
421,4649.256333333334,1017.1010166666666
422,3360.111,7207.378
423,4582.6702,7120.700599999999
424,4556.8874,7168.1564
425,4707.595,4906.0
426,2442.757916666667,8218.36975
427,2571.3,3622.0
428,4404.763833333333,6786.234166666666
429,4017.889,3973.522
431,8677.743333333334,3142.056666666667
432,4126.745,6249.727
433,3002.679,2119.018
434,4534.939,3188.5240000000003
436,3088.5640000000003,4617.8634999999995
439,2154.7046,7802.6796
442,4055.465,3702.0825
443,6605.643,3704.482
444,5502.726,4299.484
445,5391.641500000001,513.5351333333333
446,4214.638333333333,2754.5550000000003
447,4321.722,2929.278
448,5640.742178571428,3420.9195
449,6269.173,3941.885
450,6221.6939999999995,3994.6165
451,6225.4400000000005,6633.99075
453,2866.137,3913.863
454,9106.55242857143,6175.606714285715
455,4265.726333333333,6750.492333333333
456,3031.06025,6866.6849999999995
457,2948.514,4558.405
460,9790.970142857142,4254.168571428571
463,8130.066368421052,4575.5222631578945
464,2044.0970000000002,7786.0164
465,4597.286571428572,7978.9701428571425
466,5732.544375,8617.198375
467,4049.5843333333337,3001.878
469,1695.92664,4873.015
470,6124.6028,9186.1026
471,447.4323,7974.432421052631
472,6544.336499999999,3705.718
473,2810.336333333333,4856.756666666667
474,5103.781,9001.3248
475,4869.61075,828.6480750000001
476,4028.5,3647.962
477,2714.2245,8038.09
478,4592.1705999999995,1005.8777399999999
479,2059.27,2889.784
480,3524.8428,7126.3532
482,2991.1,4594.25
484,8469.546933333333,3668.8939333333333
485,2960.21075,7690.049
486,9930.4252,6082.7426
488,5435.137545454545,8664.90190909091
489,6195.7865,9239.93675
490,3912.265,2359.265
493,3988.5062,2442.2184
494,2531.087,3296.609
495,9232.266625,3822.32025
496,8208.830310344827,4281.596103448276
497,2216.387,4483.516
498,8860.789,6268.15775
499,7660.638636363636,8559.755363636363
500,10064.186875,4554.93025
501,6111.6875,9343.903999999999
503,1888.3325384615384,7901.031384615384
504,2570.8523333333333,8885.875333333333
506,6705.977333333333,3745.1853333333333
508,3092.074,5681.162888888889
509,3522.265,2479.735
510,4468.613625,2043.179375
511,4267.5551,8047.7091
512,6507.1107,8846.42855
513,5109.129000000001,9070.713857142857
514,9304.118,6578.645333333334
515,4288.616,6688.544
516,5105.6494999999995,9044.062
517,1677.4144583333334,6410.940750000001
518,9971.033,4445.7012
519,2047.2028000000003,6622.8484
520,5050.368,9037.026
523,8879.238,6646.31
524,4730.426761904762,2713.572380952381
525,3088.9300000000003,6736.550499999999
526,2945.15,2479.925
528,4285.083,2878.604
530,2404.5111,6428.8409
531,6638.885,7650.808
532,8902.588,6467.294
533,7565.172666666666,6627.9259999999995
534,8025.3511499999995,7965.38685
535,4159.70385,8286.08625
536,3463.257,6596.946
537,2879.0063636363634,11453.639090909091
538,4539.0338,2013.4292
541,5336.836333333334,6386.514666666667
542,3755.3123333333333,6455.000333333333
543,3091.147,5765.5419999999995
544,4907.231,825.68885
545,10277.725714285714,4875.462857142857
546,9049.0,6277.145
547,8792.885,6691.346
548,4102.053875,8013.621875
549,3944.315,2343.783
551,4376.333,6698.222
552,4317.569333333334,7507.375466666666
553,2825.584666666667,4618.823
554,9556.023666666666,6057.815333333333
555,5328.273727272727,752.2419363636363
556,4354.370000000001,6376.32
557,6152.282333333334,9256.119666666667
558,2038.9624,8014.7916
559,4690.3336,893.00846
561,9203.8245,4516.24375
562,3932.9375,6783.162
563,5854.531818181818,8462.539
564,8885.247888888889,3433.902962962963
565,8969.07252173913,3500.2785217391306
566,2779.087,3670.261
567,9262.195333333333,3756.0596666666665
568,5718.512846153846,1537.5093076923076
569,4668.3085,2150.8415
571,4039.2845,6162.054
572,2673.436166666667,6299.802166666667
573,3046.695,6929.621
574,7572.238,8035.333
575,3964.9725,3580.6215
576,4717.928,878.58055
577,2509.53475,5750.99425
578,5304.315,178.45191666666665
579,3454.567,2485.575
580,4327.658,3398.539
581,3405.8482000000004,6443.1662
582,2391.294571428571,7043.6575
583,4863.582166666666,8644.6895
584,2398.5794347826086,11296.713913043479
586,2478.778,3312.667
587,4910.532,7526.604
588,3545.23425,2096.62875
589,10163.685,5347.9605
590,4020.5765,6675.941
591,8921.556636363637,3668.1723939393937
592,9988.330045454546,4548.816909090909
593,8823.641166666666,6030.619
594,8693.664666666666,6662.842333333333
596,407.143945,8264.8157
597,4296.2155,2289.6935000000003
598,1684.5023333333331,3910.0266666666666
599,2356.35232,6645.66436
602,2216.941,2878.7365
603,4238.847333333333,6164.972333333334
604,3808.098,6934.318
605,3948.9746363636364,8105.144363636364
606,1905.9277619047618,6291.493380952381
607,1056.6271583333335,7051.766500000001
608,4026.594,2444.348
609,5616.575,6184.5465
610,3155.947,6658.1435
611,3914.9261538461537,8701.27076923077
612,8806.134136363637,3224.142909090909
615,3719.349,2783.07
616,3794.072,3796.1125
617,5543.437999999999,7087.437333333332
618,2963.894,7723.1368
619,4239.758,2324.4296666666664
620,6083.0315,4060.2915000000003
621,4487.7,5002.375
624,2008.9563333333333,6219.068111111111
625,3103.6885,2977.767
626,2920.44,3034.66
627,8992.20205263158,3722.0155263157894
628,4908.83,3967.642
629,2146.791,4238.522
631,8657.6445,6620.552
632,1189.9862,10238.449
633,4274.743,3147.1347142857144
634,2496.513,4300.897
635,8813.171,6341.286
636,3480.6949999999997,6397.078666666667
637,2367.6434166666663,9716.558166666668
638,3783.210333333333,2229.931
641,4787.1263,2760.2935
643,3397.1233333333334,4669.778333333333
644,340.01420769230765,10070.179615384615
645,4951.336499999999,482.5
646,3327.4504,7326.6848
647,6567.0507,8870.4896
648,4086.1733999999997,6306.8772
649,1508.33125,7927.94175
650,3296.6505,2473.7285
651,3760.096,2551.0
652,6155.081153846153,2805.756576923077
653,5038.713545454546,1297.7795454545455
654,4629.75,3072.25
655,4349.2855,3928.1125
656,2726.2364000000002,6166.5325
657,6237.511625,8893.245375
658,4920.152999999999,532.4849
661,3427.5384,8303.976666666666
662,2210.636,4779.5375
663,4621.758333333333,1343.0866666666668
664,3288.729,5007.034
665,4221.52,6210.344
666,5586.3624,2019.6628
667,3121.1229999999996,2645.1684999999998
668,3172.857,3667.159
669,3023.0648333333334,7009.353999999999
670,1858.0498571428573,7567.440428571428
672,2085.8759999999997,6665.978428571429
673,4797.1055,2329.4935
674,2071.349,4140.209
675,3330.7945,4944.1675
676,2933.3536666666664,5628.497333333333
677,3791.4719999999998,6480.2342499999995
678,2223.1929999999998,2627.303
679,4456.502923076923,2719.931769230769
680,9942.686666666666,4486.382666666667
681,1738.1595,8270.7545
682,4413.98375,6420.8592499999995
683,3842.2832000000003,6817.986599999999
684,3238.816,7106.6055
686,5648.479333333334,2044.2986666666666
687,2806.875,5210.589625
688,2164.5995,7221.8445625
689,7222.42335,3870.5328
691,4162.097,6161.944
692,4342.5972,10588.206
693,5466.8998,93.43279666666668
694,5643.453454545454,483.4931090909091
695,2495.1455714285717,2290.480357142857
696,5867.888111111111,2334.0086666666666
697,2459.596,2858.872
698,6048.676,3099.088
700,3086.106,5045.872
701,7027.259999999999,6180.810333333334
702,3046.877,6664.123
703,4317.538818181818,7268.816090909091
704,4815.8955,7405.5427500000005
706,4103.146,4003.317
707,8458.501,6372.366
708,3116.0823333333333,6677.162666666667
709,3273.56,7143.76
710,6213.571,3914.257
711,2198.023,2678.932
713,3033.1110000000003,7385.579666666667
714,7457.8965,8722.666
715,385.66745833333334,8749.854125
716,1628.0901176470588,3305.752941176471
717,4707.549666666667,3845.0670000000005
718,3186.5,3556.667
720,7748.115,7937.098
721,4264.877,1672.2073333333335
722,2426.6634999999997,3370.016
727,4619.627399999999,2228.6808
728,9240.867,3782.585333333333
729,4133.244000000001,3984.712
730,3263.485,6757.304
731,3320.6530000000002,6759.4205
732,5410.661,7792.5365
733,2556.18725,8009.637166666666
734,5126.7335454545455,479.4716545454546
735,5987.307266666667,1356.2056666666665
736,3094.045,3728.727
738,3047.613,4536.0
739,8066.564307692307,4547.881923076923
740,5124.252333333333,5222.837333333333
741,4245.8025,10141.295833333334
742,3444.608,3851.196
743,4083.214,3973.143
745,2802.439388888889,5135.644222222222
746,8683.932636363637,7924.851636363636
747,2665.7228571428573,8037.2691428571425
748,6017.0109999999995,8295.551214285715
749,5769.415800000001,9723.77
751,5206.4741,463.12289
753,9042.140714285715,3929.7734285714287
754,9563.696249999999,4114.19725
755,4505.562000000001,6348.131
756,5272.110166666666,7522.742000000001
757,5943.546833333334,1702.2349166666665
759,4304.68775,1916.683
762,2636.0,3657.0
764,2429.6904999999997,4010.8925
766,2991.3945000000003,5036.318
767,3113.4139999999998,5719.5425
768,3095.769,2115.115
770,4987.01,6954.76675
771,1980.071222222222,7742.062444444445
772,3495.2969999999996,2766.0280000000002
773,5589.598916666667,6853.1465
774,9970.094666666666,7307.5086666666675
775,624.6801,7473.554875
776,4946.4518333333335,9206.68
777,9307.923999999999,3934.719625
779,1858.754090909091,6831.041
780,4389.9635,7042.4625
781,415.00888571428567,8171.1213333333335
782,6083.767055555556,8225.728388888889
783,4174.607666666667,9099.353000000001
784,3206.3728181818183,9122.836363636363
785,4417.6072,10596.892
786,3102.6,2592.9
787,3768.6,3545.1
789,4324.424,6795.475142857143
790,899.1802666666667,7070.421875
791,5410.1163333333325,7738.614666666667
792,4279.181,8776.040666666666
793,6340.5,4050.5
795,5512.603,6075.5855
798,5195.5,5673.864
799,5279.097000000001,7790.329333333332
800,1538.9968333333334,7975.162833333333
801,2325.0,3419.913
802,2336.5,3507.5
803,5815.59425,6701.26375
805,1997.237,3292.3154999999997
806,2100.0795,3565.7445
807,1977.891,4338.436
808,2753.0525,4804.838
810,4035.1955,2713.0755
812,1727.1382,3940.2076
813,8419.4356,4070.1754
815,7074.4145,6171.41
816,2458.9708571428573,6182.035142857143
817,5790.159666666666,6645.201333333333
818,9966.856,6815.850428571429
819,9572.238153846154,7334.395692307692
820,3420.339,9542.860499999999
821,3679.0,2524.917
822,2101.51925,8465.25375
823,5906.937000000001,6328.8341666666665
824,5258.998428571429,9462.129428571428
825,4318.458500000001,2664.767
826,4478.9166,7256.3652
828,3284.703,8312.1137
829,8150.015615384615,2703.5011923076922
830,2064.9179999999997,3422.674
833,2713.685,4757.973
834,3287.0741428571428,5289.802142857143
835,4584.775,6399.85
836,2060.117,7872.5
837,766.6728954545455,8521.152772727273
838,750.210215,9968.6374
839,3873.0785,2603.477
840,8107.423666666666,2701.650944444444
844,5214.3328,9523.0294
846,10720.911923076925,5046.833846153846
848,7634.336499999999,6664.164
849,3351.891,6743.87
850,4354.978,7186.0236
851,3390.6793333333335,2024.091333333333
852,8774.091176470587,3575.0391764705882
853,8033.2138,6310.459
854,6081.998,6328.7536666666665
855,7381.152599999999,7049.6386
857,3553.5,2844.1
858,3472.6438333333335,6663.947833333333
860,5923.409,7113.081666666666
861,5319.987,7168.5215
862,716.3049315789474,7426.019631578947
863,5229.1028,91.65592799999999
865,3769.4885,3619.7285
867,9076.8525,6787.58575
868,8888.146,3630.1980000000003
869,4273.5779999999995,3864.252
870,10466.5,4566.173400000001
871,9746.532,5883.787
872,4465.75,6307.827
874,4865.0205000000005,3261.16
875,6500.565,3756.63225
877,2596.67,3470.074
878,4444.061000000001,3564.4773333333337
879,3704.088,3619.294
880,556.2432,7824.455650000001
881,4113.151076923077,8771.203076923077
883,8345.535,4700.977
888,3571.243142857143,7100.972571428571
889,4064.9491666666668,7388.962833333334
890,2641.457181818182,5350.696272727273
891,6973.222,5978.333
892,4398.122,6484.146
893,2025.2030714285715,8646.053071428572
894,2478.5756666666666,4265.093333333333
895,2830.351714285714,8484.71257142857
896,7648.578,5760.6343333333325
898,7558.328857142857,3218.254928571429
899,2252.9,3839.0
902,3008.9465,2942.0375
906,9477.402,6140.46725
908,3193.2685,6653.239
909,2350.3152,7004.2352
910,4516.724,7367.0284
911,3590.5005714285717,9461.897857142858
912,1382.981,3971.334363636364
913,2128.4567142857145,11495.388571428572
914,2799.8125,2524.0965
917,2668.0326666666665,5383.403666666666
918,8813.92,6066.2080000000005
919,5845.43425,9328.82625
920,4283.4685,2327.6615
921,4159.947,2737.184
922,8455.53855172414,3029.495862068966
923,9253.965,6140.664666666667
924,4337.909,6320.036
925,2971.0725,8410.91775
926,4377.0892,2662.6876
927,3687.265,3611.265
928,2581.183,2068.889111111111
929,5867.6630000000005,8798.911666666667
931,9167.8174,3874.42155
932,8651.477466666667,3897.6620666666663
934,2241.333125,7734.979249999999
935,3047.821,2936.846
936,1714.9980714285714,6464.6351428571425
937,3120.7,6834.117
938,6358.437428571428,8367.21457142857
939,1079.5576875000002,8685.9115625
940,5442.4398,9804.859
942,9525.25809090909,3737.0303636363637
944,9651.895,5975.605
945,8164.5474,6790.5286
946,2890.422,8148.716
947,4803.189933333333,2889.826
948,3146.0,3036.5
950,2988.370428571429,6595.211857142857
951,4284.287125,7430.332625
953,4149.187,8977.5124
954,7133.052230769231,8957.496461538462
955,286.24507,8977.6173
956,5933.63475,1096.9627500000001
957,2429.7699714285714,2226.9537142857143
958,3313.4605,3501.1975
959,4073.9737999999998,6072.352800000001
960,4053.636,6132.591
961,2679.094,6167.547
963,3085.2955,6589.7365
964,4522.599333333334,7044.860333333333
965,4053.8275384615386,7060.2778461538455
966,2919.3218,7570.3246
967,5946.182500000001,8556.552285714286
968,4344.1983125,8979.959125
969,8836.4562,6208.080599999999
970,3013.9143333333336,6530.188333333333
971,2251.4996666666666,7847.327
972,4634.2335882352945,8756.328058823528
973,5945.834777777778,1148.1122222222223
974,4530.078142857143,1142.8714285714286
975,2965.0,2119.0
976,3021.016,3819.938
977,6500.8215,3972.4494999999997
978,6448.467333333334,7180.809333333334
979,6506.458,7622.271
980,5234.534833333333,8679.6635
981,5794.8145,1629.3541
982,9927.747476190478,4091.771190476191
983,4619.151,6215.585
984,3325.3256874999997,7035.9410625
985,4855.316,7626.5
986,7844.585,7646.835666666667
991,3271.62,3846.767
992,4638.9645,10603.039444444445
993,5817.2748,2076.0918
994,2962.4495,5699.949500000001
995,3406.7095,1959.74575
997,8437.751209302327,3123.734093023256
1001,3949.5780000000004,3117.503
1002,9719.05,5935.95
1003,4224.6404999999995,6048.2080000000005
1004,6843.7564999999995,6578.955
1005,6905.443499999999,7036.4475
1006,7821.5195,7551.798
1007,2079.5535,3104.696
1009,3472.74,4843.34
1011,2717.3038333333334,8677.152166666667
1012,9448.676,4203.919
1013,4282.3925,4874.1935
1015,856.427,8180.292
1017,2021.4,3370.775
1018,8387.7762,6472.1352
1019,8614.1015,7134.1505
1020,4642.8872,7218.7744
1021,2120.3896666666665,7915.107666666667
1022,8642.712,6392.558
1023,2176.2535,7716.1675
1024,5144.8375,9405.4755
1026,3179.745,3713.02
1028,2439.246,4177.719
1030,4854.659,7570.846666666667
1031,4980.5735,7646.7515
1032,4576.7765,10395.215
1033,4375.065428571428,10817.967142857144
1035,5811.106714285715,8619.999928571428
1036,5382.086499999999,49.696435
1037,10322.655999999999,5384.7436
1039,2425.568272727273,2322.0665454545456
1040,2413.4028,5108.4624
1043,5238.59,7262.487
1044,4424.3432,2308.357
1048,4391.5470000000005,6878.238
1049,9098.974571428571,7518.907571428572
1050,5920.560733333333,8154.149
1051,1361.124625,8349.1565
1053,2667.7349999999997,8767.391749999999
1054,3609.226,9507.629
1055,4005.934777777778,9823.531111111111
1058,1389.2075333333335,3825.491666666667
1059,9372.876925925926,3943.6088148148147
1061,2947.0956666666666,7214.986222222223
1062,9887.9538,7317.5182
1063,4966.645,7687.091
1064,3071.643,8625.257333333333
1066,8069.1759999999995,7268.818499999999
1067,4519.920636363637,10609.262727272728
1069,3183.657333333333,5092.6973333333335
1070,3819.8873333333336,6218.4130000000005
1071,1842.7061999999999,6935.8922999999995
1072,4111.191,9854.688076923077
1073,6445.768,3931.8530000000005
1074,3308.0026666666668,6487.6179999999995
1075,3836.4784999999997,7259.184166666666
1076,2784.105,3465.93
1077,9021.2015,3674.6252
1079,3837.9049999999997,6869.658
1080,1918.173,7733.6035
1082,8375.84792857143,4343.345642857143
1084,6019.336333333333,6323.028333333333
1085,2664.693210526316,1988.1181052631578
1086,1859.5545000000002,2843.111
1088,6161.6732,2906.6
1089,4207.7945,3320.6915
1092,1565.7531666666666,4055.9668333333334
1093,2578.9759999999997,4586.1945
1094,10470.35,5110.084333333333
1095,3413.582,5630.491
1096,3842.364,5708.978
1097,4655.824,6540.824
1098,4654.978,6857.47975
1099,8893.314555555557,7578.936666666666
1101,5968.066176470588,8181.211823529411
1102,4230.119125,9988.170375
1103,1093.0231111111111,11215.166666666666
1104,4812.372,1694.7615
1105,3344.325,1992.915
1106,4171.173,3809.269
1107,9116.018625,3939.2956249999997
1108,7396.0615,4038.1225
1110,1933.3115555555555,6659.527555555555
1111,4611.328333333334,7398.633000000001
1112,7801.8805999999995,3268.7208
1116,8750.067966666666,3337.6969000000004
1119,4257.9794999999995,6352.404
1120,5320.571,7046.278249999999
1121,4464.9545,1415.3445000000002
1123,8861.2,6543.615
1124,1130.4601818181818,8676.105
1125,2317.3975,8736.829000000002
1126,4141.267,2102.0
1128,3413.256,3390.605
1129,6580.623,3841.18
1130,8635.182499999999,3956.273
1131,7424.530000000001,3968.8206
1132,2561.9935555555553,2247.702333333333
1135,7332.577,4175.577
1136,8318.746055555555,6320.183555555555
1139,2649.89525,8682.182125
1140,2575.66075,9075.21125
1141,2556.000285714286,9144.952
1143,2703.9525,2411.9045
1144,3192.2975,2557.8775
1145,2353.69,3299.762
1146,2011.983,3403.0
1148,9855.634,4604.017666666667
1149,2083.654222222222,6856.724
1152,358.83899499999995,8853.78555
1153,3648.294,2827.735
1154,3486.389,2856.611
1155,2848.063,3202.516
1156,3514.348,3617.022
1158,2257.613,4020.0
1160,4519.513,4037.59
1161,8663.1325,4222.78935
1162,7743.682333333333,6669.387
1164,1085.6100322580646,6836.390741935485
1165,3681.336,7123.776999999999
1166,6766.183333333333,7442.412333333334
1168,5045.420833333334,7893.869333333333
1169,8391.605333333333,8087.532833333334
1170,444.11498666666665,9319.609333333334
1171,3336.4685,9616.244999999999
1172,884.6624333333333,10650.5375
1173,3139.2935714285713,1882.634857142857
1174,8889.720285714286,3591.6457142857143
1175,8389.432714285715,3636.3484285714285
1176,4883.08,3849.125
1179,9380.028166666667,6244.587833333334
1180,2003.4105714285713,6722.435428571429
1181,9776.761999999999,6901.184200000001
1182,6084.048714285715,8287.856857142857
1184,4862.834428571428,8691.482857142857
1185,6998.4755000000005,8930.178833333333
1186,2240.8904444444443,9737.201777777778
1187,4976.036,686.4286
1188,5031.9606,1128.3914
1189,2682.421,2311.395
1190,2543.5,2832.5
1192,10475.20875,4518.312
1193,7000.635,6029.712
1194,5599.545,6073.909
1195,8940.670363636364,7163.459363636363
1196,7954.598000000001,8130.566727272727
1197,3984.7438666666667,8694.625466666666
1198,4318.045166666667,11032.603333333333
1199,5597.717333333333,96.75368666666667
1200,5799.26925,1208.36775
1201,4732.944428571428,2183.2457142857143
1202,2593.719,4410.438
1203,1392.7252,6924.298
1204,3578.7555,9552.461500000001
1207,2643.0319999999997,3473.397333333333
1208,3202.092666666667,6851.108333333334
1209,4978.401333333333,351.20509999999996
1211,2011.609588235294,2526.735647058824
1212,3338.613,2750.0
1213,7431.93,3883.035
1214,3194.1189999999997,5855.917
1215,3543.3236666666667,6029.234
1216,8084.183125,6263.66625
1217,3940.122,2416.102
1220,607.768894117647,9408.204
1221,4948.049,4650.89
1223,2477.62025,5839.265
1224,2309.9950833333332,7121.0273333333325
1225,2193.618875,10058.59875
1226,4781.714615384615,1183.55
1229,3666.486,3681.514
1232,5620.677333333333,8374.077
1234,7560.999,6309.639
1235,2130.585,8428.138
1236,6076.5785,9214.651
1237,5105.922,9405.167
1238,5578.629666666667,277.17875
1243,5643.552,3540.948
1244,8746.061,3479.2834285714284
1245,2088.1475,4288.733
1246,2747.3160000000003,4920.613333333334
1247,3385.786,4976.786
1248,1616.8577333333335,6434.307866666667
1249,7718.5255,7864.4974999999995
1250,920.2996,8184.9268571428565
1251,3093.7395,8542.782
1252,6174.61525,2061.07325
1253,8996.500375,3643.1791875
1254,3099.2695,6026.737
1255,8061.059,6266.691
1256,6195.1834,8203.7072
1257,2648.5408181818184,2035.284909090909
1259,8902.0178,3516.0022
1260,3827.457,3663.671
1263,3886.3633999999997,8157.604399999999
1264,4579.579,2166.395
1265,3784.043,2594.5
1266,2287.579,3248.105
1267,9033.313833333334,3884.058833333333
1268,5653.5493636363635,4059.483272727273
1269,7938.480636363636,4610.041818181818
1271,5344.654,5816.269
1272,3129.398333333333,8602.259
1273,556.7438944444444,9082.730000000001
1274,4284.355833333333,9642.140333333335
1275,3028.9797,1924.51125
1276,8839.1654375,3508.9869375
1277,2617.333,3534.238
1278,8974.866,3866.206
1281,8947.21225,4492.367
1284,830.09325,8480.67675
1285,5411.038583333334,254.65305833333332
1286,5491.798,598.3804333333334
1287,4342.493,1930.449
1288,2054.139,3350.111
1289,6876.706,3713.6088000000004
1290,9213.4595,4108.9915
1291,2295.636,4145.545
1292,9160.654,4485.577
1294,2362.909,5291.273
1295,2701.331769230769,5692.669999999999
1297,2794.5646666666667,6738.8460000000005
1298,1693.0276666666666,6790.961666666667
1299,3415.169,7242.97675
1301,3701.140083333333,8368.663666666667
1302,1311.207125,8739.919375
1303,5033.3022,1366.6168
1304,1401.5784444444444,4405.631555555556
1306,531.93359,9134.795900000001
1307,522.7001625,10340.1525
1308,4402.899125,10743.623749999999
1309,4345.8166,1644.5268
1311,4653.972,3749.083
1312,3853.377,3739.962
1313,9372.803826086956,3815.552130434782
1314,7397.847833333333,3879.4178333333334
1315,9869.0916,4049.8928
1317,2745.9485,5385.01
1319,7320.735333333333,5890.901000000001
1320,5133.3015,6004.7505
1321,3260.6985,6639.148999999999
1322,3242.561666666667,6815.2243333333345
1323,5676.036,7111.518
1324,619.197936,8088.18052
1325,4099.597,9725.068111111112
1326,4095.2983333333336,3395.5986666666668
1328,8394.874230769232,4217.214615384615
1329,2144.529,4343.3265
1330,2736.3797647058823,5087.328
1331,3367.1185,5695.440500000001
1332,10107.01,7144.0737500000005
1333,970.557488888889,7413.460722222222
1334,6336.3955000000005,8849.3926
1335,3666.431,9575.706
1336,4706.081,955.30845
1337,4433.448,1264.3215
1338,4186.6718,2590.7915999999996
1341,9477.619666666666,5863.162
1342,4579.2665,7343.3305
1343,7118.811428571428,7518.456285714286
1344,4039.5273333333334,8803.104166666666
1345,4686.4215,2990.301
1346,8903.1055,3566.9314285714286
1350,2038.7125714285714,6413.9275
1351,1216.2908461538461,7070.831538461538
1352,9077.848565217391,7193.4600434782615
1353,7162.340444444444,8555.297888888888
1354,4545.882,10407.18
1356,5189.626344827586,2987.522689655172
1357,8318.76475,4764.0375
1358,4010.855333333333,6302.2716666666665
1359,5905.6716,6851.058800000001
1360,946.2884882352942,7028.379705882353
1361,5054.3742,9107.8417
1362,2583.0675,2284.8375
1363,4407.84025,2717.5115
1365,4315.3015,3083.6745
1366,7908.3234999999995,3191.8326666666667
1368,10357.42,5441.156
1369,4852.8705,6287.5445
1371,2880.02,6957.465
1372,8535.620666666668,7070.735666666667
1373,3518.899,8480.59125
1374,2946.988,8590.263444444445
1375,4035.656,9677.7275
1376,4523.2432,10386.186
1377,1563.6538333333333,4801.018611111111
1378,3967.4815,6331.4245
1381,5794.023666666667,9354.525166666666
1383,2968.452818181818,6232.970727272727
1384,1908.4734444444443,7007.554
1387,4729.422,5830.511
1388,4720.95075,6892.958250000001
1389,3041.914,8586.453666666666
1392,8373.91,6859.98
1393,7143.3386,6995.2668
1394,3168.802,9153.5825
1398,1204.952,6950.3124285714275
1399,4348.25375,1211.5965
1400,6077.1565,1239.7659999999998
1401,2953.105,2919.0
1403,1807.282,8123.427000000001
1404,414.20000000000005,10331.41
1405,1888.0600000000002,11325.533333333333
1406,5359.716333333334,1366.077
1407,2487.3935,2339.7485
1408,4612.5735,2583.0950000000003
1411,1456.7488636363635,6704.437772727272
1412,4216.598999999999,6781.660666666667
1413,2674.1136666666666,7137.779666666666
1415,3958.421,9788.921
1416,4634.904,10103.93
1417,5532.955666666666,2010.519
1418,4611.1413,2554.8662
1419,6818.896000000001,3551.862333333333
1420,9218.625416666668,7483.296166666667
1421,5296.1718,330.93702
1422,4878.766375,582.7405125
1423,10188.22,4775.667
1424,9012.25975,6341.37225
1425,1896.394375,6706.60725
1426,4761.475,1134.513
1427,4485.331375,1606.4285
1428,4566.9884999999995,2132.9525000000003
1429,2138.0663333333337,2694.117333333333
1431,9263.568500000001,3921.6296666666667
1432,4749.048,4011.119
1434,4279.449333333333,5019.308333333333
1435,2131.941,6205.869428571428
1436,8687.326,6328.87
1437,2811.089,6923.022999999999
1438,3711.9884615384613,8422.094000000001
1439,547.2003428571429,10007.637809523809
1440,5842.402454545455,2153.1715454545456
1444,6443.005,3201.991
1445,7344.545999999999,4117.6366
1446,3162.8196666666663,5800.264
1447,742.5404285714286,7365.445857142858
1448,2833.976666666667,7514.171666666666
1449,1740.8076666666666,7774.736
1450,1036.365,8836.137333333334
1451,4213.8788,8913.932
1452,5259.180833333333,9062.26825
1453,3678.7549999999997,10633.923333333334
1454,4484.5405,1433.3595
1455,6863.6521999999995,2302.3707333333336
1456,3604.175,2309.316
1457,2322.9015,2546.852
1458,6267.1295,3076.3535
1459,5215.734,4079.1955
1460,10290.054,5323.6304
1461,2983.1915454545456,5908.327818181818
1462,4380.5265,6544.879999999999
1463,3740.444,7170.372666666667
1464,2393.0116666666668,7919.574666666667
1465,2701.011,8298.141125
1466,4760.252,9593.341222222221
1467,4405.5923999999995,10502.587
1469,8119.015034482758,2874.4815172413796
1470,7873.221,3182.057
1471,2293.451,4184.959000000001
1472,1417.7214285714285,7428.291428571429
1473,3131.648,7591.268
1474,2391.2893809523807,9081.495761904762
1475,4127.680333333333,10243.94
1476,4564.328583333333,1453.3232500000001
1477,7811.696444444444,3165.42
1478,1618.0760555555555,3215.6609444444443
1480,3462.8813999999998,8467.08
1481,393.00940799999995,8493.16972
1482,3350.0604,9089.3832
1483,2585.7776000000003,9210.8246
1484,5081.4185,9294.9895
1487,5967.5,6422.167
1489,2423.138,8093.81
1490,4863.56125,2250.859625
1491,2628.667933333333,6797.755266666666
1492,972.1255545454546,7835.951454545455
1493,969.6344166666667,8655.231
1494,6481.72825,8701.2425
1495,3881.2148571428575,9877.660714285714
1496,9295.700307692308,3802.5025384615387
1497,2516.02,4582.347
1499,4861.293,6390.707
1500,4918.130999999999,7149.655
1501,2318.292,7204.247166666667
1502,5529.145,7226.0665
1503,4882.367166666667,7738.992833333333
1505,215.98436363636364,8978.530454545455
1506,291.2692,9036.867
1507,5588.669,930.1050846153846
1508,5902.717555555555,1190.1467777777777
1511,3474.735,3700.673
1512,6024.5,4093.5
1513,8315.529785714285,4326.9898571428575
1515,3188.994875,5305.07725
1516,7322.141,5927.828
1518,5838.75,7095.25
1520,9626.549916666667,7319.8065
1521,8764.454785714286,7462.765357142857
1522,4778.949,7553.949
1523,8404.185800000001,7671.527
1524,2840.40875,7769.92675
1525,906.6826214285715,8250.150964285715
1526,2769.3799999999997,8310.931
1527,3642.021,9636.83
1528,3303.4573333333333,10157.65
1529,3998.1345882352944,10689.517647058823
1530,6124.963,1408.8344000000002
1531,4244.010285714286,2593.467857142857
1532,3764.556,3275.022
1533,1991.571,3425.048
1534,4900.5,7497.5455
1535,4304.589,7754.078
1536,3554.3356,8195.6834
1537,2340.915,8413.489
1538,6731.413538461538,8812.485538461538
1539,6007.060666666667,9215.234666666667
1540,504.7346444444444,9313.496555555555
1541,4594.474,2983.306
1542,2779.02,4010.549
1543,2722.827909090909,6529.900909090909
1544,8559.001,6872.735
1545,3825.326,6894.865
1546,10134.955,7677.174
1547,1459.5465,7921.9395
1548,916.3038,8165.228
1549,3213.476,9475.875
1550,4637.156555555555,1563.5083333333334
1551,3952.1931111111107,2095.1066111111113
1552,8287.709347826087,2984.1742608695654
1553,8581.868111111111,2986.2238888888887
1554,4409.5,3767.5
1555,6972.925,3774.85
1559,10560.905555555555,5749.468666666667
1560,8767.848,5750.0093333333325
1561,9572.85425,6145.40175
1562,2102.648333333333,6143.084333333333
1564,1442.6386363636364,6949.0223636363635
1565,5351.364,7058.273
1566,6583.186000000001,7369.498333333334
1567,4652.324857142857,7426.562857142858
1568,3724.007333333333,8151.026222222223
1569,2796.609125,9220.6475
1570,5996.112,1245.6794
1573,9994.922,6031.286
1574,6818.237999999999,6364.569
1575,5973.17375,6417.0085
1576,2428.4595714285715,6756.401285714286
1577,8489.86375,7842.103
1578,3321.772625,8572.329125
1579,4722.287,1129.4895000000001
1582,5311.545,4027.636
1583,7387.403666666666,4072.0220000000004
1584,1656.9391538461537,4281.343846153846
1586,2634.207857142857,5195.9064285714285
1587,2189.2701666666667,6297.7922499999995
1588,1958.2847142857142,6382.818857142857
1589,1546.7211333333332,6564.854666666667
1590,7191.371,6761.714
1591,3788.9315,7229.7855
1593,3835.6443333333336,7931.843
1594,2493.0629999999996,8080.498571428571
1595,6163.03,8241.291
1596,4692.0541111111115,8499.014444444445
1597,2842.8771666666667,8914.941833333332
1598,6586.585555555556,9146.34711111111
1599,962.3244285714285,10845.917142857143
1600,5315.4355,389.81245
1601,5524.11125,922.462525
1604,3889.089,2304.489
1605,2758.75,2561.4455
1606,4289.095,2712.349
1607,8229.051807692307,2977.5965
1608,6610.0,3982.586
1612,6505.833666666666,7210.157333333334
1613,4192.023142857143,8741.50857142857
1614,4546.659,1678.5523333333333
1615,3067.159,3176.341
1617,3378.0,5627.904
1618,3513.4803333333334,7167.03
1619,1447.01925,7451.71725
1620,2971.982,7646.855
1621,4272.3914,8730.3822
1622,2679.0939,9162.132300000001
1623,4101.9391000000005,9769.2748
1624,2811.9285263157894,10847.614210526315
1625,5056.8946,3025.1542
1626,8597.888111111111,3971.465111111111
1627,1745.5296666666666,6773.0036666666665
1629,4199.2092,7254.4924
1630,1146.485375,7970.057625
1631,5476.713500000001,908.8249833333333
1634,2668.7055,2478.7705
1635,2475.529,2815.926
1636,3551.6544999999996,2950.4139999999998
1637,4258.876333333334,3446.525
1638,2737.326,3709.326
1639,8879.854,4297.22
1643,1906.2906666666668,6916.066333333333
1644,10119.156818181818,7009.846045454546
1645,8503.059733333333,3108.0710666666664
1646,6975.997352941176,3173.2098823529413
1648,2906.742,5002.194
1651,4128.232625000001,6963.514875
1652,2052.519,8199.165
1653,2598.9862000000003,9002.1234
1654,2529.9011666666665,9033.373
1655,143.4990875,9209.3315
1656,4787.045,807.8409
1657,3614.511857142857,1947.292357142857
1659,6645.325142857143,3173.952
1661,3251.094,3880.075
1662,2232.275,4658.0765
1664,8909.749333333333,6283.1821666666665
1665,9418.885,6408.252
1666,8634.627,6916.512000000001
1667,8285.087,7110.6195
1668,929.0312666666667,7429.310466666667
1669,7364.764666666667,7495.399
1670,1002.524,7502.405
1671,8417.8505,7726.0560000000005
1672,2605.1576923076927,7838.7958461538465
1673,3574.7035,8149.8015
1674,2345.983571428572,8215.114142857143
1675,7931.949888888888,8359.199777777778
1676,7321.76,8616.2708
1677,3972.4507692307693,8993.06176923077
1678,7085.535538461539,9048.967
1679,3366.53,9141.974
1680,4582.9764,10710.222
1681,4257.577176470589,10775.144705882352
1682,5628.485000000001,831.5252833333334
1684,10463.27,5154.818
1685,5535.214,6231.214
1686,10155.77,6945.884
1688,3498.843166666667,8547.105166666666
1689,4829.2645,8892.074375
1690,2551.5363,9267.51
1691,3006.172666666667,9793.930833333334
1692,2986.9782857142854,11534.617142857143
1693,3737.987,2380.893
1694,6026.848052631579,2821.7007894736844
1695,4475.214,3185.786
1697,2044.9077058823527,5114.0192941176465
1699,1278.2725,7417.0045
1700,511.1637423076923,8023.434961538462
1701,1498.2645,8352.3975
1702,2212.223375,8547.416
1703,1985.04275,8598.039499999999
1704,1062.6925999999999,10455.832
1705,4767.8365,2043.0425
1706,7888.61662962963,2503.5085185185185
1708,8235.102625,2869.098
1710,3184.381142857143,6042.073285714286
1711,9404.511999999999,6148.6295
1712,3629.771,6264.271
1713,8399.539333333334,6716.020333333334
1714,4628.7076,6892.3135999999995
1715,2532.8891875,7223.134625
1716,4044.655777777778,7468.117333333333
1717,6244.796,7654.531
1718,1940.7953333333335,7800.978999999999
1719,5335.443666666667,7809.155
1720,3904.601133333333,8286.676466666666
1721,2448.12225,9230.285375
1722,4613.357333333333,1091.383
1723,6035.4375,1694.6775
1724,3168.225,2322.325
1725,6345.722588235294,2455.9261764705884
1726,4635.5966,2842.6171999999997
1727,5369.71,3963.226
1728,2187.935,4695.435
1729,7578.8369999999995,5663.989
1730,2316.7218666666668,6059.292533333334
1731,9576.806,6526.843333333333
1732,4475.662,7464.972
1733,6378.086928571429,9070.559214285715
1734,3972.468833333333,9192.909666666666
1735,3463.030166666667,10351.5625
1736,5174.918000000001,539.2950666666667
1738,8644.095428571429,2999.7082857142855
1739,3312.5416666666665,3541.275
1740,8289.861571428572,3649.1335714285715
1742,6370.833,3984.194
1745,10283.274736842106,6484.049157894737
1746,8449.576000000001,6998.996
1748,1175.4065,7867.7032500000005
1749,376.1296571428571,8302.94
1750,5340.74025,8705.84525
1751,6534.140399999999,8735.264
1752,5158.4485,9063.7435
1753,4655.5205000000005,9628.90325
1754,1502.7653157894738,10631.313684210525
1755,5609.523142857142,711.1269285714286
1756,1721.8807857142858,2986.5707857142856
1757,3929.041,3059.816
1758,1809.6989999999998,3644.5409999999997
1759,8427.009,4376.330833333333
1760,2400.8212857142858,5177.968285714285
1761,3043.5393333333336,5471.56
1762,4671.4915,6381.2235
1763,9543.066769230769,7169.699615384616
1764,4477.672500000001,7484.9169999999995
1765,4183.803777777778,9049.81711111111
1766,931.8639285714286,10318.081428571428
1767,3339.224230769231,1915.4336923076921
1768,1912.6885,3363.1855
1769,6631.0,4267.0
1770,5642.382,4395.824
1771,8421.834666666668,6752.7699999999995
1772,2761.1295,6910.7295
1773,4467.1525,7502.4645
1774,2179.4915555555554,9195.936555555556
1775,4906.6345,424.84515
1776,2619.43325,2188.33325
1778,2716.877,2463.769
1780,2645.531857142857,8415.235571428571
1781,2384.442153846154,10094.379230769231
1782,4252.8505000000005,11060.906666666668
1783,4615.481333333333,2151.3643333333334
1784,2960.1955,2291.084
1785,2573.727,4449.636
1786,5252.3025,5847.0
1788,3698.4405,6598.45275
1789,3669.4665999999997,6696.610000000001
1790,4583.361333333333,6865.112666666667
1791,3784.3115,7412.4635
1792,2461.0675,7471.6582499999995
1793,8502.14075,7551.35475
1795,3411.5823333333333,8202.183333333334
1796,4465.894666666666,8395.773666666666
1797,4227.6646,8382.9772
1798,4026.103,8871.10776923077
1799,3914.8519,9214.0439
1800,4877.468285714285,9222.325714285715
1801,2511.6414999999997,9607.663250000001
1802,3328.919,10387.765
1803,5594.81675,235.7332
1804,2729.1378333333337,5214.332333333333
1805,2178.16525,7377.418
1806,4042.732083333333,9881.054166666667
1807,2968.49,2863.5795
1810,7008.452,3973.678
1811,5616.632727272728,4003.802181818182
1812,5152.2618,4164.3146
1813,6963.824799999999,4205.533
1814,7801.745,6716.725
1815,6528.5796,6998.9742
1816,3460.743,7254.584333333333
1817,2430.8061666666667,7434.003833333333
1818,9152.612,7575.4905
1819,1209.377,7849.737
1820,1710.6085714285714,8400.656857142856
1821,6027.539571428571,8455.559285714286
1822,757.6626555555555,9709.094777777778
1823,4206.901333333333,11110.106666666667
1824,2511.868625,11487.67375
1828,7591.1244705882345,2677.851352941176
1829,8389.65764,3464.80256
1830,8997.7963,3459.0764000000004
1831,9157.411470588235,4082.218058823529
1832,1812.019,4290.7395
1834,10451.22,4858.61
1835,2773.39,5287.388
1836,4962.910666666667,5835.483666666667
1837,7919.917555555556,6569.097222222223
1838,3029.429,6630.51
1839,4919.196,6723.625
1840,3175.8863333333334,6909.787
1841,3603.6755714285714,6928.71
1843,3860.101,7381.0425000000005
1844,6759.76375,9271.168
1845,2411.0713333333333,10521.969166666668
1846,4581.2235,864.5
1847,4359.20875,1580.98025
1848,4156.604,2586.604
1849,9810.828714285715,4461.1846428571425
1850,2898.7070000000003,5545.3994999999995
1851,5770.11775,7117.8279999999995
1852,986.0704,7457.5075
1853,6396.54,7701.048
1854,3261.40525,8381.05475
1855,7079.378416666666,8662.806416666666
1857,4120.052428571428,9578.026428571427
1858,1018.0471166666666,10445.943333333335
1859,4408.835545454545,10466.498181818182
1860,4358.74,2959.74
1865,8459.431,7074.745
1866,4493.614833333333,8396.88
1867,3298.5093333333334,1960.6736666666668
1868,2917.6649999999995,2099.8656666666666
1871,5984.0094,2327.6405
1872,4149.436,3417.0
1873,5110.787,4061.156
1874,8344.12925,4212.373125
1875,2353.9023333333334,4336.962333333333
1876,8044.112499999999,5315.2325
1877,3679.0473333333334,5338.578666666667
1878,3229.3334999999997,5411.172500000001
1879,4917.434,6066.717000000001
1880,2520.1567777777777,6098.517555555555
1881,8421.84625,6616.383
1882,1176.852111111111,6884.557555555555
1883,8687.0,7004.0
1884,8024.006333333334,7463.211666666666
1885,2106.296,7830.746
1886,4537.738,10775.365714285714
1887,5310.597777777777,1537.553777777778
1889,3265.484,2929.387
1890,2525.326,3373.174
1891,4416.083,3607.396
1893,2882.326,4837.326
1894,7225.648,6045.481
1895,4602.700666666667,6812.572
1896,3074.33525,7282.8935
1899,629.1459375,7932.463625
1900,4012.16825,8263.420666666667
1901,6375.835166666667,8431.677333333333
1902,7103.745454545454,8543.928727272727
1903,4555.829090909091,8883.176181818182
1904,4992.428222222222,8973.820222222223
1905,3544.667,2208.271
1906,3792.0,2663.939
1909,1446.2542727272728,4440.359636363636
1910,2743.676,5414.8915
1911,6012.217333333334,6463.317333333333
1912,1479.715411764706,7259.533823529411
1913,4396.827090909091,7322.318818181818
1914,4571.365636363636,8820.76909090909
1915,6989.38475,9101.86725
1916,4432.6277,9173.1663
1917,2216.9750000000004,10111.055
1918,5033.273583333334,2913.2120833333333
1919,5281.109333333333,2993.016166666667
1920,2803.222,3124.222
1921,8770.40475,3284.941
1922,9520.725666666667,4125.819333333333
1923,10188.66,5795.057
1924,8679.302,6893.698
1925,2242.594375,7595.555625
1926,2327.942625,7708.731375
1927,1211.1046000000001,7821.577
1928,3904.1440000000002,7902.0869999999995
1929,8621.611,3000.944
1930,7843.07,3119.2606
1932,7274.325,4222.61
1933,10060.998461538462,4416.702769230769
1935,10405.5,6077.0
1937,9145.0,6552.5
1940,4641.364,8491.1112
1941,3433.94225,2076.9252500000002
1943,4296.8178,2379.8938000000003
1944,1962.049,2682.7885454545453
1945,4243.735,3329.824
1946,2771.471,3427.2975
1947,4135.881,3858.762
1949,10342.876666666667,4516.131888888889
1951,9433.898,5923.755
1953,2964.017,7760.508
1954,793.1570375,8321.459875
1955,3960.1934,10358.508
1957,4099.07,3715.702
1959,8149.1818,7036.4876
1960,3925.531,7361.358
1961,7048.511,7590.596
1962,4275.683571428572,8373.938285714286
1963,5269.0772,8605.4184
1964,4025.764833333333,9155.401666666667
1965,3682.191,2325.043
1966,4622.9685714285715,2604.6805714285715
1967,2502.0685000000003,2619.1525
1968,8627.87,2977.87
1969,8585.12261111111,3650.747888888889
1972,3301.492,6618.814
1973,10133.764666666666,6653.094133333333
1974,4924.4127499999995,7369.41975
1975,568.7989249999999,7583.6641666666665
1976,4489.505571428572,7674.448857142857
1977,7722.1032000000005,8202.9083
1978,6254.578,9261.203
1979,4468.5506000000005,10541.58
1980,3713.4156000000003,11045.73
1981,5505.358714285714,1398.6475714285714
1982,6917.848000000001,2310.30325
1983,7586.343083333333,2861.161666666667
1984,7527.0963,2859.2672
1985,4588.914,3192.114
1986,7188.315428571428,3553.566
1987,4459.156,4034.406
1988,10022.910444444446,4212.555222222222
1989,8003.297666666666,4611.311666666667
1990,2678.5063333333333,5532.183666666667
1991,3288.1936,5728.805
1992,2255.564,5901.11275
1993,7271.421,6019.316
1994,8951.3605,6043.95
1996,1496.114,7299.6804999999995
1997,2165.4534999999996,7458.745
1998,1842.41425,7708.175749999999
1999,590.1124111111111,7980.228777777778
2000,2667.70325,8359.642
2001,833.4206166666667,8425.941583333333
2002,2687.3540000000003,8507.5725
2003,4817.152666666666,8608.659666666666
2004,6626.012,8712.01225
2005,707.237825,9037.067
2006,2634.689,9093.513428571428
2007,5113.025,9366.642
2008,3640.456,9748.0375
2009,5036.54725,9847.44625
2010,3534.0674166666668,10398.272500000001
2011,1546.3442,11449.066
2012,7170.846,2515.502176470588
2014,5996.686,3143.171
2015,1697.5168,3302.5730000000003
2016,2692.489,3662.911
2017,2806.8225454545454,6329.024818181818
2018,4184.547,6532.313
2019,2720.5018,7098.5772
2020,2529.86175,7864.930125
2021,246.74546363636364,8555.864
2022,3152.44,9528.96
2023,922.7834399999999,9978.2146
2024,884.6655000000001,10169.77
2025,2213.7994,11615.217999999999
2026,6707.346875,3124.348
2027,3531.821,3749.214
2028,2870.7225,5519.3814999999995
2029,8731.76275,6465.593
2030,9205.359,6536.1865
2031,2573.4845714285716,8483.999714285714
2032,313.5158916666667,9306.92625
2033,4422.6066,1722.3880000000001
2034,3428.565,2533.097
2036,8591.4975,3202.3915
2037,8060.2915,3302.2623750000002
2038,2814.0,5424.5
2039,2729.9936666666667,5462.3843333333325
2040,4156.028,7029.984666666667
2041,3940.696357142857,8410.253928571428
2042,5108.4619999999995,9179.435142857143
2043,4658.289500000001,1798.6135
2044,5548.176,5922.824
2045,4828.86,6011.326
2047,3143.8775,6937.798
2048,2524.376117647059,7710.78705882353
2049,2893.4669999999996,7750.2445
2050,2560.510333333333,8418.518333333333
2051,7560.5359,8584.3578
2052,4418.9005,10541.455
2053,6763.097625,2289.44125
2056,2475.633,4646.833
2057,9642.2194,6201.5414
2058,1987.2354444444443,6820.734555555555
2061,2777.692625,9150.774
2062,4041.119857142857,9237.045714285714
2063,3191.354333333333,1977.5070000000003
2064,5003.713142857143,2991.9351428571426
2066,4216.7865,5068.971
2067,9502.474,6282.789000000001
2068,1782.2106363636362,6747.553090909091
2069,1345.0311764705882,6813.7768235294125
2071,829.2237600000001,7610.494199999999
2072,2229.178,8468.748
2073,5162.827384615384,8930.514846153847
2074,2206.2334285714287,9131.83057142857
2075,4761.6678,9149.6744
2076,3664.408375,10580.04375
2077,2053.2968,11498.188666666665
2078,4421.323333333334,1321.2423333333334
2080,4158.5445,3759.9629999999997
2083,2283.308,4844.038
2084,8855.1485,5756.182
2085,2373.4855625,6024.2685
2086,3494.7125,6151.713
2087,3545.395,6215.092
2088,5379.387,7011.516
2089,2632.8413333333333,8043.283666666666
2090,1451.7049411764706,8724.695529411765
2091,2000.9084285714287,9071.120714285715
2092,4522.63025,1459.023
2093,1753.2530000000002,4008.578
2094,7091.544952380952,4186.100285714286
2095,1408.853,8370.806499999999
2096,4897.334333333333,1014.0048833333334
2097,5577.536,1452.774
2098,4633.204,1741.7469999999998
2099,3090.911583333333,1816.7200833333334
2100,2822.5136666666663,2638.304666666667
2101,2172.5,3008.385
2102,5845.2808125,3177.877
2103,4648.667,3428.222
2105,8758.909625,3641.236125
2106,1576.2348571428572,3682.0317142857143
2107,2293.883,3952.896
2108,8770.760285714287,4161.306428571429
2109,1580.52675,4211.468083333333
2110,6920.263,4267.842
2112,7464.2119999999995,5773.218
2114,8970.087333333333,6111.6658333333335
2115,10645.251666666667,6088.741333333334
2116,7984.005,6278.1055
2117,10178.706666666667,6323.042333333334
2118,8338.584333333334,6384.881333333334
2119,1446.055,6603.428357142858
2120,9098.828,6608.638
2122,2484.9323333333336,6953.534666666666
2125,1805.597875,7094.3675
2126,3382.893,7288.002
2127,4865.603666666667,7377.209
2128,2086.471,7727.373
2130,1381.2011666666667,7737.8835
2131,1801.3789000000002,7974.5329
2132,2681.7907999999998,8392.0918
2133,4452.784666666666,8436.706555555555
2134,3668.326857142857,8501.088857142857
2135,7199.942142857143,8605.267142857143
2136,4927.0028,8644.7274
2137,2372.6544999999996,8682.051500000001
2138,6287.284,8723.0875
2139,3145.0505000000003,9146.631
2140,4809.358142857142,9251.546285714287
2141,5867.9918,9274.998
2142,2818.8316666666665,9417.873666666666
2143,5202.8,9429.009
2144,3593.197666666667,9582.435
2145,570.7388181818183,9605.504363636363
2146,6111.533428571429,9756.685428571427
2147,2009.5356666666667,11361.94
2148,4590.985,1174.544
2149,4726.1175,3442.206
2150,1845.4530000000002,4220.961333333334
2151,6918.565,4263.403
2153,1414.5934000000002,6813.8346
2155,4652.578,9702.063
2156,3970.1504285714286,2159.9742857142855
2157,2451.157,3712.9976666666666
2158,6961.789,3853.0325000000003
2160,10846.297333333332,5200.484200000001
2161,2635.1638947368424,6412.886421052632
2163,6577.0,6999.387
2164,2043.0638000000001,7353.230466666666
2165,2790.444,7485.7595
2166,8830.763,7603.017
2167,3624.3109999999997,8153.25925
2168,4438.153,8372.131000000001
2169,4337.2455,8444.884600000001
2171,2542.7685,9215.16525
2172,4671.044875,10051.34875
2173,2298.8993333333333,10602.756666666666
2174,4115.349,11100.44
2175,1498.3168,3589.490466666667
2176,4339.9,3695.0
2177,3186.486,3813.405
2179,8492.35045,4117.7568
2181,8725.722,5747.903
2182,4437.867,6421.7835
2183,5836.347,6691.347
2184,4749.049,1423.0701999999999
2185,4791.123250000001,1816.876
2186,3623.64,2229.26
2188,2681.056,3597.833
2190,6985.095,4251.952
2192,3271.362333333333,5091.578
2193,7521.067,5876.067
2194,6986.644,6152.885
2195,8698.246,6904.855
2196,766.0734478260871,7277.768695652174
2197,6126.481333333333,8200.368333333334
2198,1404.9092,8561.2667
2199,2636.7955,8872.248
2200,4723.314125,9087.24575
2201,3409.739666666667,9166.605
2202,6059.702833333333,9179.952166666668
2203,3947.2619999999997,9640.5935
2204,903.7805625,10065.27875
2205,1629.417,10133.7575
2206,3936.5294999999996,10419.05
2207,1290.3103999999998,10996.901999999998
2209,5351.869692307692,1850.374230769231
2210,4747.993333333333,1944.265666666667
2211,2170.8128666666667,2581.615533333333
2212,6996.9980000000005,3253.137230769231
2213,8991.041666666666,4168.706333333333
2215,1629.9346,4372.720733333334
2217,8428.469333333333,6934.755
2218,2880.3215,7309.09
2219,6338.72,7509.16
2220,1789.3768,8296.405999999999
2221,1426.1985714285713,10240.972857142857
2222,5065.792666666667,651.5994666666667
2223,4954.534333333333,2514.050333333333
2225,1885.375,3876.264
2226,9814.5688,4316.9254
2227,2184.9,4372.6
2228,8489.174,4598.674
2229,8170.9005,4777.2985
2230,3930.020666666667,6034.741999999999
2231,8567.259,6666.807
2232,5740.9728000000005,6861.491
2233,8645.052,7048.588
2237,3012.2033333333334,7685.098666666666
2238,4968.65175,9745.367
2239,5465.206333333333,2023.9701666666667
2240,4586.476,2855.0589999999997
2241,4825.0,3311.387
2243,7278.611,5892.7832
2244,4432.205,6302.667
2246,6550.340428571429,7069.191428571428
2247,4641.5274,7840.111199999999
2248,3674.654,10539.17
2250,3958.509,2535.585
2251,5259.987499999999,3003.0245000000004
2252,7027.8249,3150.046
2254,7226.146,6120.317
2255,1522.320625,6486.5153125
2256,2112.016555555556,7427.857222222222
2257,6195.638999999999,8028.666499999999
2258,4091.78525,8152.5650000000005
2259,4556.452363636364,8645.745727272728
2260,6817.095166666666,9223.495833333332
2261,5325.1684000000005,9408.3694
2262,5822.6494999999995,9487.7315
2263,5320.8885,10055.567500000001
2264,5011.5984285714285,616.2089428571428
2265,4559.361,1044.23
2266,2094.509,2740.887
2270,7327.61625,5842.715
2271,7513.523,5862.569
2272,5228.333,6161.333
2273,9101.066,6595.377
2274,3545.0066666666667,6922.178
2275,5840.499,6929.558333333333
2276,1402.25,7479.785666666667
2277,3815.8635,9044.7845
2278,6223.7695,9330.929499999998
2279,3392.178,9482.378
2280,4983.2835,1781.819
2283,1984.6755,4726.643099999999
2284,10204.529999999999,4828.7365
2287,7889.3935,6474.48475
2288,1492.0745555555557,6578.441666666667
2289,8476.66075,7655.0345
2291,2471.0606666666667,7759.0036666666665
2292,4590.6205,7903.386
2293,7039.085090909091,8527.215363636364
2294,3179.05,8993.03175
2295,294.0705105263158,9805.297684210525
2297,4649.595333333334,1679.8266666666666
2299,5362.346,3206.130285714286
2300,6475.5165,3227.3230000000003
2301,7699.129999999999,3252.63
2302,6313.5115000000005,3887.768
2303,7404.70525,4240.16975
2304,2202.812,4900.118666666666
2306,3579.83,6241.358
2307,8319.303153846153,6485.033384615384
2309,9355.440333333334,7058.112111111111
2310,3961.8869999999997,8014.527
2311,5469.371230769231,8604.13176923077
2312,7073.124400000001,8945.541000000001
2313,2152.888625,9122.250875
2314,2692.6967777777777,10284.650000000001
2315,3821.0410714285713,10714.492142857143
2316,3885.2516666666666,11054.576666666668
2317,4322.445333333333,1235.1273333333334
2318,6060.907857142856,1389.9351428571429
2320,5682.93975,2328.31075
2322,3739.417,3185.917
2323,4415.371,3510.742
2324,9006.456750000001,3520.82025
2325,9018.315384615385,3535.9557692307694
2326,2110.769,3810.231
2327,6739.944,4258.722
2329,2749.658,5505.932
2330,2896.80775,5864.30725
2331,1838.720888888889,6745.055222222222
2332,8508.28,6824.72
2333,7234.952,6972.694
2334,7294.455333333334,7036.712666666666
2335,9315.343166666667,7053.5635
2336,7373.452727272727,8762.285545454546
2337,4979.1025,8812.285166666667
2338,1792.134,9104.069
2339,1101.4288571428572,10427.982857142857
2340,3922.0605,11057.255
2341,5584.634,134.8873
2342,6786.082454545455,2335.624181818182
2343,5938.487,2353.05275
2344,2273.2155000000002,2630.819
2345,4837.146166666666,2732.9395
2346,8174.6796875,2925.672375
2347,8591.7428,3158.3342000000002
2348,4517.466,3658.3450000000003
2349,6836.452499999999,4135.762000000001
2350,2673.273285714286,6714.431142857143
2352,8355.881,7154.034
2353,1676.685,7692.744000000001
2354,2446.6754,7736.801399999999
2355,4143.264875,8387.97425
2356,3147.017,8919.835333333334
2357,6804.433857142857,8971.510285714287
2359,4193.425571428571,9282.511142857142
2360,6035.24,1220.34025
2361,5129.968857142857,1365.6872857142857
2362,4956.3775,1766.1466666666668
2363,5973.272,2123.302
2364,4860.678571428572,2123.9667142857143
2367,7698.253333333334,2478.9699047619047
2369,6236.345,3108.138
2370,5584.6632,3197.7304
2371,8869.184933333334,3225.0996
2372,8318.965708333333,3469.383375
2373,5245.4555,4029.0460000000003
2374,1881.432,4145.455
2375,9906.726,4469.83625
2376,8321.093833333334,4621.213333333333
2377,2137.366,4741.729428571429
2378,3848.304,6142.412
2379,3342.1057499999997,6966.6815
2380,3668.1385,7197.1765
2381,1744.67775,7485.08575
2382,2481.941,7809.3442
2383,4121.870000000001,7956.8565
2384,5749.801333333334,8175.813999999999
2385,3179.6925,8315.556
2386,613.963676923077,8398.646153846154
2387,4480.447428571429,8490.746000000001
2388,6877.35355,8642.90075
2389,4999.822818181819,8628.273727272726
2390,4706.09325,8790.28175
2391,6097.956875,8813.73525
2392,989.7193,9197.953
2393,4503.724,9256.9295
2394,4514.58325,9277.776
2395,2194.455,9461.3915
2396,3965.8643333333334,9906.485333333332
2397,322.8102,10165.598333333333
2398,3784.0,2868.0
2399,5682.652,3180.53421875
2400,6886.214933333334,3188.8275999999996
2401,4291.8225,3322.294
2402,1623.91175,3675.8135
2403,5502.5235,4085.7535000000003
2404,5176.683,6121.146
2405,7175.897,6253.5216
2406,2481.7256666666667,8604.945666666667
2407,6338.598666666668,8748.288666666667
2408,419.1732157894737,9422.943263157895
2409,2736.5016666666666,9755.926777777779
2410,4881.833,2171.357
2411,4269.6714,2484.608
2412,4302.7464,2476.8866000000003
2413,6076.706166666667,2808.3512499999997
2416,8143.038666666667,4113.457333333333
2417,4871.055,4754.544
2418,2147.9395,4837.66475
2419,7133.654666666666,6283.359666666666
2421,1642.4628333333333,6921.812666666668
2422,3854.557666666666,7427.524666666667
2423,1147.3344285714286,8016.066142857143
2424,3778.014333333333,8095.469166666667
2425,6741.217333333334,8890.254833333334
2426,509.9143846153846,9229.889307692309
2427,4795.499714285715,9431.002428571428
2428,5361.3516,371.0265
2429,6880.652,4133.739
2430,4534.592,4116.286
2431,4353.243,4132.88
2432,1919.043875,5069.65475
2433,5645.170333333333,6942.0960000000005
2434,4385.533666666666,7563.948666666666
2435,3121.403,7702.881
2436,2308.4483333333333,7904.16311111111
2437,6193.392,8139.5075
2438,5265.0041,1438.4406999999999
2439,8145.254894736841,2957.834684210526
2440,6172.6134999999995,3094.2595
2441,7100.541214285715,3250.263357142857
2443,9062.417,3609.4877
2445,4918.072142857142,3830.146714285714
2446,4950.1976,3834.9826000000003
2447,8105.2173999999995,4117.2092
2449,6883.6365000000005,4311.9525
2451,3534.5930000000003,6418.885666666666
2454,2478.91,6747.29225
2456,2694.0843333333337,6796.757333333334
2457,4733.351,6818.506
2458,1580.6508,6932.654799999999
2459,3402.391166666667,7032.014666666667
2460,830.0278666666667,7182.3985999999995
2462,10593.59,7478.350333333333
2463,910.0116666666667,7530.075333333333
2464,5099.2925,7897.5005
2465,2629.134666666667,7949.796666666666
2467,2235.9674999999997,8090.6765
2468,8507.6984,8114.287600000001
2469,2238.564,8215.454
2470,559.7106083333333,8330.426416666667
2471,2910.7158,8421.6852
2472,6453.3615,8468.079000000002
2473,2403.348,8466.87
2474,5591.128928571428,8573.352571428572
2475,634.615975,9732.535375
2476,3563.9226363636362,10592.784545454546
2477,4077.553,11175.9575
2478,2941.9285,11475.9425
2479,2587.8939,11503.203
2480,5794.102,1155.7553333333333
2482,6402.654333333333,3100.5923333333335
2483,8064.5,3265.636
2484,5145.8461,3478.8762
2485,9058.903176470587,3511.396823529412
2488,2751.63,5977.8405
2489,9227.797,6242.7218
2490,5366.118,7286.294
2492,3033.587333333333,7756.004666666667
2493,2440.1946666666668,7780.959333333333
2494,8150.613444444443,7901.126111111111
2495,3640.0815,9009.07675
2496,969.0461999999999,9228.1385
2497,5774.005,9401.354333333335
2498,3563.4911666666667,1905.1086666666667
2499,6965.016,3932.355
2501,6312.652,4261.0
2502,10172.056666666665,4882.047333333333
2503,2229.1673333333333,5378.859666666666
2505,7962.2496,6570.541800000001
2506,5316.352,7095.4355
2507,1326.5457272727274,8706.050272727272
2508,8349.732857142857,3558.3288571428575
2509,8858.799333333332,3953.1210952380957
2512,9054.272,6496.7415
2513,10074.207931034483,6583.806586206897
2514,9045.286,6695.829
2516,9453.794333333333,7269.8240000000005
2517,4977.0175,8683.6775
2518,4921.454,8927.087333333333
2520,1485.7784,10485.261999999999
2521,5260.01525,700.3125
2522,3792.6834545454544,1992.382181818182
2523,3630.177333333333,2091.224666666667
2524,6746.25,2248.7275
2525,3225.893,3763.857
2528,5591.364,6065.091
2529,7861.358,6272.434
2530,4015.923,7798.659
2531,358.076275,10215.39
2532,3378.8916666666664,10379.64
2533,4724.44,1316.243333333333
2534,4884.99675,1864.25525
2536,7168.476888888889,2588.461222222222
2537,3393.1,2808.0
2540,3462.5816666666665,6948.031833333333
2541,1522.116,7106.2445
2542,3394.6099999999997,9264.692
2543,635.32493,10091.585000000001
2544,1948.2788,2572.3349
2545,8036.269222222221,2576.7943333333333
2546,7220.950875,2927.3498125
2547,7547.244391304348,3065.638347826087
2548,6892.4345,4168.288083333334
2550,2431.49925,6123.668
2551,9627.092,6233.585
2552,3162.33875,6791.5145
2553,4690.532,6985.071400000001
2554,1668.4707777777778,7011.102666666667
2555,1217.5946,7238.5916
2556,8130.5,7283.826
2557,3479.658,7277.092
2558,2297.4210000000003,7434.3324999999995
2559,2696.026,8978.5285
2560,6919.471333333334,9074.776333333333
2561,1311.3453529411763,9115.063823529412
2562,680.1227299999999,9407.8415
2563,3952.3556666666664,10062.426666666666
2564,4407.782833333334,10421.885
2565,2955.49825,10580.44
2566,4571.631,10585.503333333334
2567,4718.35675,1393.11725
2568,7977.4662499999995,3124.742875
2569,9099.8250625,3596.5260625
2570,7291.534333333333,3673.1005555555553
2571,4021.286,3841.878
2572,3913.917,5525.583
2573,9586.31,5936.952
2574,7845.294,6451.265
2575,2043.3659090909093,6483.0945454545445
2576,9779.28025,6550.68775
2577,8092.425499999999,7461.9085
2578,4735.877,8009.6
2579,2866.55625,8439.321
2581,1937.596,9021.4658
2582,735.49083,9394.789999999999
2583,856.5957,9949.979
2586,4102.0525,2159.813
2587,6420.425944444444,2417.4011111111113
2589,7214.129166666667,3083.6518333333333
2591,10531.176,4583.128900000001
2594,10224.67,6177.326
2595,8287.021285714287,6391.582
2596,9255.009714285714,6902.523714285714
2597,4407.405,7003.69
2598,1609.3864285714285,7267.524428571429
2599,9906.358125,7417.02075
2600,7968.454928571429,8263.74907142857
2601,3348.467666666667,8304.577333333333
2602,6429.237875,8987.539125
2603,4929.149125,9398.868
2604,4358.796,2186.462
2606,7599.69105263158,3092.936842105263
2607,1600.6513333333335,3357.956222222222
2608,2243.053,3357.6515
2609,3607.786,3598.786
2611,7898.469,6252.044666666666
2612,8755.682499999999,6335.6785
2613,8156.623777777778,6501.749
2614,6915.5869999999995,6658.2945
2616,6153.421285714286,8154.203142857143
2617,4056.031333333334,8392.318166666666
2620,2087.0099166666664,2595.947166666667
2622,6733.671375,3150.256
2624,8735.628454545455,3777.773909090909
2626,9532.057499999999,4437.037
2628,4786.829,4726.286
2629,2866.9343999999996,4994.3004
2631,8705.0015,6209.38075
2632,8375.071,6409.199333333333
2633,9436.714,6544.9515
2634,1666.4746,6885.7267999999995
2635,8411.01625,7093.046249999999
2636,5045.411,7151.814
2637,8249.287499999999,7282.111
2638,960.4173499999999,7504.077125
2639,1200.075,7538.075
2640,8416.7615,7909.903
2642,972.9923416666667,8160.484083333334
2643,2945.849,8251.736
2644,554.0592133333333,8369.145133333333
2645,2478.969,8691.0945
2646,5811.188944444444,8756.600833333334
2647,544.05777,8838.382099999999
2648,5864.102142857143,9631.985714285713
2649,893.6046249999999,9876.287875
2650,1434.5285,10219.07
2651,5586.0377499999995,1022.5899999999999
2652,5516.037,1221.5
2653,4981.7096,1414.2684
2654,5693.746,2110.113
2656,4090.7,2712.04
2658,4790.489,3151.089
2659,6494.3817500000005,3236.99275
2660,3791.25,3235.25
2661,7550.465333333334,3600.967
2662,7459.144333333334,6066.744333333333
2663,6953.744500000001,6069.440500000001
2664,10322.52,6141.903
2665,8473.111,6544.1995
2666,1629.3242857142857,6528.713428571428
2667,1623.8048000000001,6787.8412
2669,7295.233,6954.791
2671,1378.3245,7395.7095
2672,5255.610500000001,7751.145
2673,1973.7504166666668,8403.045250000001
2674,2451.192,8805.897
2675,924.9324300000001,8927.598399999999
2676,3659.6393333333335,8955.586888888889
2677,3068.4541666666664,9091.307333333332
2678,6274.287166666666,9176.502166666667
2679,4844.145333333333,9413.218
2680,1574.4854285714287,10730.087142857143
2681,3938.718125,11044.9325
2683,871.9644666666667,11269.045555555556
2684,1821.417,11348.08
2685,4977.627,425.1695
2686,4851.1465,1517.18125
2689,5260.5354,2375.4964
2690,4132.573333333334,2514.3546666666666
2691,4163.844,2527.941
2693,3852.214,3288.214
2695,6881.046363636363,3488.403272727273
2697,6280.394,3767.549
2698,10446.67,5371.263
2699,2793.66,5483.44
2700,9395.602142857142,6760.733285714286
2701,2095.297,6785.8555
2702,6501.452,6961.571
2703,6659.53575,7005.5185
2704,6350.973000000001,7044.886666666666
2706,6641.561333333334,7355.856166666667
2707,4676.9439999999995,8448.209333333334
2708,848.3535818181819,9401.178909090908
2709,2520.35275,10079.4325
2710,1571.28975,10122.775
2712,6537.0115,3220.2235
2713,6758.951,3561.1760000000004
2714,8052.5508,6555.7258
2715,8877.555285714287,7929.158428571428
2716,8008.8668333333335,8415.593666666666
2717,2703.0534,9096.661
2718,2480.7108,10023.217999999999
2719,4437.366714285714,1232.911142857143
2720,3465.857,2157.696
2721,4759.964,6121.125
2722,6887.455999999999,6439.977666666667
2723,3595.8207272727273,6718.755545454545
2725,1042.801,7449.2595
2726,2021.0,7573.387
2727,6293.9132,7724.0797999999995
2728,4737.2985,7923.235000000001
2729,386.36035000000004,8217.591
2730,3658.17,9110.426
2731,6370.083,9209.139
2732,633.9988999999999,10117.965
2733,3153.5032,10399.41
2734,2882.0424,10641.439
2735,1957.868,11174.105
2736,5695.908285714286,829.174
2737,5845.9622,1458.7646
2738,5993.552000000001,1515.1367500000001
2739,2923.1294999999996,1915.8803333333333
2740,3201.8959999999997,1904.60625
2742,6604.030692307692,2341.2963076923074
2745,8307.0102,3370.7956
2746,1737.0296666666666,3641.133333333333
2747,9512.896352941178,3670.613294117647
2749,10263.499166666666,4615.049916666667
2750,2103.713090909091,4784.382818181818
2751,2410.582428571429,5003.328
2752,2925.1530000000002,5092.7285
2753,2045.382,5169.268
2754,2614.4918333333335,5641.775166666666
2755,10140.665,6143.892
2756,9811.291,6214.891333333333
2757,5552.412,6789.588
2758,5100.4172499999995,6802.2695
2759,1686.3202,6956.7262
2760,3799.558,7244.558
2761,2204.3426,7631.555
2763,7836.857,7854.19
2764,8952.203333333333,7895.397666666667
2765,3666.554,8147.648499999999
2766,3620.7516000000005,8545.8347
2767,7035.6213333333335,8693.550333333333
2768,4286.475363636364,8946.398909090909
2769,2301.2276666666667,9162.4215
2770,4628.1966923076925,9204.292307692307
2772,3954.0074285714286,9481.554285714286
2773,4323.4375,9718.1665
2774,671.62805,10178.747
2776,1162.8183636363638,10363.931818181818
2777,3132.488,10554.04
2778,5210.696166666667,339.7694
2779,5015.089666666667,783.9174666666667
2780,5727.199714285714,4037.0974285714287
2781,5888.2880000000005,4035.8734999999997
2782,2607.238,5880.68125
2783,3642.0409999999997,6763.589999999999
2784,1627.4242222222222,6941.1213333333335
2785,1260.838,8751.435666666666
2786,3788.72725,8980.833375
2787,689.3004466666666,9852.4026
2788,940.427805,10450.829
2789,4895.9954,2055.54
2790,8082.1473125,2666.535875
2791,4904.5,3047.72
2793,7475.416666666667,4311.799333333333
2794,3415.1306666666665,6580.479666666666
2795,1706.887,6972.613
2796,4964.42425,7149.9315
2797,2595.101666666667,7156.292666666667
2798,2471.7715,7233.9155
2799,5370.761,7342.935
2800,2559.6105384615385,7368.996538461539
2801,3118.2022500000003,7911.64275
2802,3717.105,8002.0
2803,897.44665,8068.187
2804,2921.8334999999997,8202.486499999999
2805,3175.8633333333332,8222.153888888888
2806,1937.5745,8319.86875
2807,2143.6508333333336,8704.897166666668
2808,5437.739888888889,8932.773
2809,5314.23575,9028.1735
2810,94.004146,9398.4636
2811,1229.4472857142857,11298.08857142857
2812,5519.8817500000005,364.47685
2813,4581.645833333333,1857.8735
2814,4737.327666666667,1892.1573333333333
2815,3006.0365,2042.216
2817,4084.146,3544.683
2818,5435.621833333334,4024.6981666666666
2819,10312.649375,4366.316375
2821,3627.849,6704.302333333333
2822,4637.617,7006.7392500000005
2826,8127.7002142857145,8276.36607142857
2827,3778.996428571428,8337.176428571429
2828,1020.2584125,9158.105375
2829,4457.370666666667,9288.404
2830,3938.128,9952.882000000001
2831,3646.566125,9950.801
2832,3044.150125,10487.13
2833,5937.821111111111,1274.3972222222224
2834,5598.12,1349.337
2835,4520.31175,1956.63425
2836,4479.077,1988.769
2837,4630.154500000001,2086.334
2840,8063.404846153847,3155.193230769231
2841,4760.9515,3202.865
2843,2629.97,3439.576
2844,7361.260125,3584.4195
2845,7015.588,3698.9547500000003
2846,9844.677285714284,4203.822714285714
2847,8244.975999999999,4196.208500000001
2848,2360.1766666666667,5056.943111111112
2850,7541.8135,5964.3555
2851,5628.2225,6275.807000000001
2852,7792.1615,6562.513
2854,8137.479857142856,6608.765714285714
2855,4056.2545,6656.2675
2856,7143.775,6916.675
2857,1758.3498749999999,7151.542875
2858,5370.2,7209.018
2859,8944.85325,7517.36175
2860,724.09218,8300.4052
2861,7769.476699999999,8614.6746
2862,5735.45225,8845.1364375
2863,3890.2746666666667,9027.536333333332
2864,3864.493,9040.682666666668
2865,5931.946,9248.5595
2866,4481.67425,9271.62075
2867,3758.93575,9513.0265
2868,4871.013,10116.746666666668
2869,3998.1775,10345.895
2870,5503.829777777778,211.99316666666667
2872,7001.142666666667,2401.7315
2873,4765.176,3119.824
2874,6572.5706666666665,3148.7788333333333
2875,7344.769249999999,3295.0806875
2876,4505.152,3365.197
2877,4611.857,3691.786
2878,4364.752,3752.9305
2881,9663.176,4511.824
2883,7361.103999999999,5923.061
2885,4439.238,6381.69
2886,5526.895,6376.0
2887,9717.64075,6562.494625
2888,8487.133,6580.483
2890,1618.11765,6686.5052
2891,5531.775,6750.85
2892,5026.0976666666675,6767.740000000001
2894,5900.69,6923.595
2895,1793.5515,7005.393
2897,2418.1825,7256.2115
2898,662.2149,7337.767666666667
2899,4457.340333333334,7540.674333333333
2900,6375.6115,7523.7525000000005
2901,10125.74,7749.539666666667
2902,7685.5404,8412.7456
2903,2435.208,8514.396
2904,2815.131857142857,8579.532428571429
2905,746.6196058823529,8642.194764705882
2906,4734.0554999999995,9120.029666666667
2907,5683.0015,9332.5385
2909,5000.5735,1520.6475
2910,2503.26,3407.72
2911,4864.0,3462.593
2913,10058.320714285714,4318.628928571428
2914,1951.027857142857,4544.228571428571
2915,10093.2,4576.967
2916,10120.1,4569.586
2917,9436.829,4551.171
2919,10593.888333333334,4753.854666666667
2921,10431.195,5695.115
2923,10190.593333333332,6227.559
2924,4320.151,6249.2035
2925,4588.979,6555.424
2926,1585.7085,6749.891500000001
2927,8200.556666666667,6921.7425
2928,9325.538571428571,7279.502428571429
2929,1653.4025714285713,7267.943571428571
2930,10530.92,7430.980666666666
2931,7305.0476,7470.965200000001
2932,809.52729,7523.0603
2933,2908.8248333333336,7508.394333333334
2934,5328.852333333333,7923.696
2935,5491.769,9553.887333333334
2936,2445.9366666666665,9615.004333333332
2937,676.1860714285714,9762.908285714288
2938,1483.8341428571428,10170.405714285715
2939,2730.8641428571427,10271.915714285715
2940,2490.7262105263158,10658.417368421053
2941,1679.1342307692307,10942.618461538463
2942,5432.076666666667,522.4718666666666
2943,4939.064249999999,2146.2595
2944,5474.994294117648,3462.049647058823
2946,2431.385,5793.707
2947,5459.0,6318.0
2948,7933.977285714286,6315.987714285714
2949,5485.706,6429.4085
2950,5531.937000000001,6694.097333333334
2952,8226.780666666667,7423.328333333334
2953,8535.86,7475.2605
2954,8510.151,7637.986
2955,3659.9,9168.722
2956,2502.498125,9344.3325
2957,8366.218,2852.30675
2958,1844.485,3053.029
2960,1803.4058,4862.866599999999
2961,1997.7956,5183.2782
2962,3345.14,6442.14
2963,9405.223333333333,7206.120833333333
2964,2616.191,8776.382
2965,4113.077142857143,9411.998142857143
2966,4245.1585,10033.035
2967,4628.303,10300.53
2968,1872.499,10357.775
2970,5077.937,1145.253
2971,5057.6028,1719.9448
2972,5311.962666666667,1789.6266666666668
2973,1800.4740000000002,3073.290333333333
2974,4192.481,3556.462
2975,8613.993333333334,3588.154958333333
2976,8793.819,3806.9974
2977,7511.500499999999,3802.989833333333
2978,9306.129111111111,3982.567111111111
2980,3760.056,5277.556
2982,6927.864,6184.773
2983,5445.1335,6208.5445
2984,2214.3754,6228.6642
2985,7908.647444444445,6400.402444444445
2986,8307.808230769231,6820.412923076923
2988,2006.018,6866.4005
2989,2030.163125,6917.827125
2990,1619.52,7040.742857142856
2991,5851.675333333334,7132.797666666666
2992,5078.254666666667,7764.374333333333
2993,3622.8432000000003,8101.592
2994,3874.814375,8216.490875
2995,5950.9610999999995,8859.2923
2996,4891.004888888889,9607.701555555555
2997,1849.4483333333335,10278.681666666667
2998,4047.858666666667,10353.873333333333
3000,4874.8225,664.8339000000001
3001,4753.372666666667,1746.1393333333333
3002,5676.0905,1740.4165
3003,6006.62525,1768.1685
3004,7987.101217391305,2913.0031304347826
3006,9889.6718,4204.1342
3007,1931.0185000000001,4236.7205
3008,10546.45,5097.795
3009,10591.634999999998,5093.2195
3011,3682.4228000000003,7241.2021
3012,7674.856,7280.9065
3013,7686.3369999999995,7269.9794999999995
3014,4959.987,7501.747
3015,8745.31325,7706.742749999999
3016,3323.2067500000003,8258.72625
3017,3959.951,8601.4661
3018,234.10990909090907,8669.379545454545
3019,6038.0644,8884.015
3020,3002.407875,9305.95525
3021,3230.782,9336.505
3022,4838.142,9973.952
3023,2959.879,10486.715
3025,8070.558666666667,2591.44
3030,5334.088,7005.0605
3031,5120.238,7616.952
3033,2446.982,10583.0725
3034,5424.3150000000005,867.10895
3035,5100.32475,1103.26825
3036,6019.526000000001,1282.471
3037,5991.808333333333,1477.6940000000002
3038,6084.7072499999995,1663.9865
3039,2845.392,1960.4722857142858
3040,3905.914714285714,2066.8115000000003
3041,4692.458,2125.203
3042,3210.3,2283.225
3044,7546.627882352941,2947.5473529411765
3045,5262.700181818182,3195.2436363636366
3048,9421.417277777779,3881.680666666666
3049,5052.5355,3949.63825
3050,8052.950857142858,4130.996142857143
3051,8881.708,4242.0315
3052,1835.8325,4323.353499999999
3053,10254.195,5073.0005
3054,10389.73,5401.2245
3055,9820.265,5974.735
3056,8208.31475,6380.378875
3057,9441.938666666667,6497.802
3058,2250.1935,6630.8225
3061,9337.095500000001,6902.209333333333
3062,6324.791666666667,6986.385555555556
3063,1149.6213,7037.241550000001
3064,8952.317500000001,7115.5475
3065,6198.549666666667,7136.551
3066,2515.5021666666667,7276.391333333333
3067,8101.455199999999,7765.9092
3068,4651.372333333334,8546.569166666666
3069,3735.558,9122.291
3070,4086.9694000000004,9130.704399999999
3071,700.4104,9264.739
3072,4373.011428571429,10435.235714285713
3073,2909.511125,10472.32625
3074,1231.1877333333332,10499.796
3075,2665.7622499999998,10703.188750000001
3076,1710.9907142857141,11277.284285714286
3078,5450.038166666666,534.9304833333333
3079,4752.783,706.8271
3081,6463.028454545454,2503.9676363636363
3084,8037.731,4615.4946666666665
3085,8288.071,4828.982
3087,10467.5275,6064.97
3088,2718.821,6752.733333333334
3089,8253.558666666666,6921.323
3090,5808.595,7069.0
3091,1059.496,7130.599647058823
3092,9371.117,7121.087750000001
3093,7653.697,7278.272999999999
3094,2182.7755,7290.771333333333
3095,6651.878,7412.592
3096,7726.6565,7559.317
3097,9980.25225,7660.95625
3098,2322.76025,8278.7305
3099,2797.968,9069.1225
3100,3520.834,9103.4532
3101,2258.4333333333334,9188.375666666667
3102,1504.662,10414.364
3103,2776.6399333333334,10716.026
3104,1787.0036,11516.34
3105,5534.2705000000005,258.94735000000003
3106,3516.7389999999996,2210.5190000000002
3107,8271.98027586207,3052.913724137931
3109,8111.733357142858,4176.409857142857
3110,6417.98,4311.53
3111,1455.796285714286,4703.3435714285715
3112,5124.222,5761.46
3113,3229.108,6219.538
3114,8718.4895,6559.8685000000005
3115,9314.5306,7477.172200000001
3116,5065.375333333333,7841.156333333333
3117,3689.93,7989.456
3118,4949.7445,8008.246
3119,3477.703,8363.12125
3120,7495.712066666666,8465.391
3121,3190.5013333333336,8617.947333333334
3122,6306.356,9114.089
3123,4829.944,9945.8665
3124,4957.078666666666,1567.5383333333332
3125,7430.571352941177,3630.9436470588234
3126,2040.825,3634.85
3127,10025.503333333334,4057.5711666666666
3128,4931.22,4488.24
3129,1821.1214444444445,4815.8677777777775
3130,10630.157777777778,7385.92188888889
3131,6316.46075,7432.46525
3132,9173.535,7537.0525
3133,6590.918,7693.51
3134,4121.3873,8220.0159
3135,4076.7550909090905,8358.935727272728
3136,5888.215200000001,8653.023000000001
3137,5168.245,9189.203
3138,3200.5,9189.481
3139,4549.02175,10942.805
3140,1104.919,11358.08
3141,5794.979571428572,1468.131857142857
3142,7439.980071428572,2731.2098571428573
3143,8421.512153846154,2894.3936153846153
3144,5179.153,3104.627727272727
3145,5832.793636363636,3274.178272727273
3147,8969.133666666667,3626.392333333333
3148,8845.203449999999,3898.7864499999996
3149,10636.09,4928.899
3150,4731.676,6109.405
3152,7945.2015,6358.479333333334
3153,2760.8855714285714,6573.566142857143
3154,8085.7132,6696.3292
3155,2411.574,8011.1588
3156,4392.344,8331.5825
3157,4424.6325,8327.6555
3158,325.88823333333335,8914.324
3159,3457.40375,9632.48375
3160,913.8908222222223,10102.995555555557
3161,3137.73175,11506.065
3162,4967.87,540.3478
3163,6254.4072,1566.4694
3164,5828.994222222223,1952.347888888889
3165,5734.98375,2026.57575
3166,4746.3795,3714.7465
3167,8070.839,4168.571333333333
3168,1625.5495,4449.508
3170,9905.504625,6156.720625
3172,8402.913,6309.609
3173,4032.6272,7202.1132
3174,5694.976,9367.06
3175,3334.10325,9837.577000000001
3176,5204.7210000000005,148.98653333333334
3177,5458.654777777778,1145.138
3178,4235.345,3205.582
3179,8613.75425,3844.730625
3180,8103.535,3946.7595
3182,5945.742666666666,6566.281666666667
3183,10574.8,6551.28375
3184,4882.244,10074.29
3185,2671.3321538461537,10436.418461538462
3186,3126.8475,10480.0
3187,3632.1092000000003,10680.662
3189,4813.22825,1358.2002499999999
3190,5699.451666666667,1599.1076666666668
3191,3457.15,2996.85
3192,2284.433,3312.015
3195,10578.46,5438.615
3196,10282.22,5919.333
3197,5873.5,6418.0
3198,8047.57525,7120.3817500000005
3199,1953.8095,7392.263125
3200,1006.3818285714286,7678.527142857143
3201,868.5017375,8399.719874999999
3202,7311.969,8528.220375
3203,6692.317666666667,9192.053666666667
3204,3132.6265000000003,9300.5455
3205,815.37005,10134.957499999999
3206,5524.732,1138.82375
3207,4487.878333333333,2173.181666666667
3208,8037.156,3972.578
3209,5493.9583,4012.4076999999997
3211,9101.9645,4345.8775000000005
3212,10543.75,4516.4998
3213,10519.274545454544,4659.831363636364
3215,2606.9166666666665,5589.1826666666675
3216,7847.191,6661.471
3217,7669.938,7141.354
3218,8056.416333333334,8356.027
3219,1768.6716666666664,10094.176666666666
3220,3619.868,10753.975999999999
3222,2030.9465,2798.5595
3223,5793.785133333334,3145.9172000000003
3224,7313.9092,3152.3698
3225,7265.7014,3138.3752
3226,6283.113,3208.726
3229,8587.852,3875.1511666666665
3230,7994.80825,4524.2015
3232,10632.477142857142,4881.029428571428
3234,10635.498,5758.4928
3235,9486.913333333332,5766.085666666666
3236,3022.5171666666665,5838.935166666666
3237,3446.5939999999996,5897.361
3239,10335.2,6227.58
3240,8208.8925,7193.2880000000005
3241,4554.34,7458.82
3242,4357.343,7508.682000000001
3243,4467.1495,8287.1495
3244,7572.953846153846,8516.306999999999
3245,3286.572,8939.617714285714
3246,4758.435,9199.913
3247,4970.197,9453.217499999999
3248,925.9214692307693,9454.927615384615
3249,4217.584666666667,9546.673666666667
3250,5532.982857142857,9797.150285714286
3251,1396.24375,10800.217499999999
3252,3856.8906,11017.848
3253,5445.408,874.5918
3254,4663.738,1220.848
3255,5578.101500000001,1858.401
3256,1642.8846470588235,3593.8424705882353
3258,9416.015545454546,3703.3640909090914
3262,10603.435,4964.389833333334
3263,2116.1125,5238.342500000001
3266,5358.119000000001,6860.9952
3267,4506.30675,7969.297500000001
3268,6423.82325,8277.82025
3269,2980.542,8575.254
3270,5057.346666666667,9170.403333333334
3271,842.5074555555556,9568.129777777778
3275,5104.591666666666,775.521875
3276,5325.219,1572.8796666666667
3277,7116.487615384616,2584.012846153846
3278,5922.944866666667,2973.774266666667
3279,4193.689333333333,3193.8086666666663
3280,1719.9150909090908,3399.3912727272723
3283,5457.994000000001,5909.8175
3284,8127.7334,6281.2894
3285,10621.585,6380.93825
3286,7398.895,6398.184
3287,10754.282000000001,6411.044
3288,10721.61,6452.579
3289,2506.9055555555556,6584.982777777778
3291,10213.21052631579,6723.802684210526
3292,10194.705714285714,7122.699714285714
3293,4541.520333333333,8354.271888888888
3294,7244.0937,8582.4044
3295,1718.2139285714286,8696.642785714286
3296,1584.4133571428572,9261.128357142858
3297,837.7970111111111,9699.136777777778
3298,3773.8695999999995,11006.795999999998
3299,3198.564,11448.16
3301,4959.632,866.0877
3303,4727.8078000000005,1533.8256000000001
3304,4748.582,1784.94625
3305,6088.201555555555,1843.4856666666665
3306,3269.495666666667,1927.576
3308,6016.475666666666,2112.1363333333334
3310,7213.0812000000005,2680.7760000000003
3312,8403.364,4275.727
3313,8356.389,4282.0055
3314,8387.513500000001,4293.291499999999
3316,10230.369999999999,5833.0045
3317,1855.4310833333332,6369.918166666666
3318,4589.886,6970.4400000000005
3319,1228.7105,7013.143099999999
3323,8602.429,7755.841333333333
3324,2359.703,7996.809
3325,3628.4375,8045.0575
3326,2338.882125,8087.23925
3327,2632.536,8309.195
3328,1997.7427,8917.284
3329,4593.571333333333,9057.458
3330,3671.690666666667,9244.033000000001
3331,5197.2182,9350.0006
3332,3683.4105714285715,9479.593285714285
3333,5187.493,9766.896
3334,3061.1973076923077,9816.399692307692
3335,1631.4299999999998,10180.975999999999
3336,2309.736,10564.102
3337,2910.73625,10612.221666666666
3338,2055.654,10802.562
3339,2531.577,11408.0
3340,5727.84,1180.72
3341,4602.81,1379.143
3342,4617.90475,1394.276
3343,4345.135,2540.4119230769234
3344,4223.28,2782.2
3346,5944.114888888889,3015.3135555555555
3347,5789.2053636363635,3075.8723636363634
3350,6865.925200000001,4251.5678
3353,9262.588,5919.9745
3354,7552.895,6020.702
3355,5558.387,6367.516
3356,10244.09181818182,6667.448363636364
3357,9136.9,6728.567
3358,4315.369000000001,6886.254
3359,4282.889,6896.778
3360,2522.677333333333,6928.306333333334
3361,9845.668636363636,6952.659363636363
3362,2104.5218571428572,7166.540999999999
3363,5462.6585,7241.7665
3364,3528.038,7230.650333333334
3365,1897.6624,7478.4018
3366,1886.0175,7504.5244999999995
3367,9938.3,7641.0
3368,3693.9493333333335,8074.509999999999
3369,374.8062428571429,8335.313857142857
3372,3650.246,9214.087
3374,2495.693909090909,10367.81
3375,2029.056,10877.36
3376,5557.59,181.96725555555557
3377,4741.6584,582.48274
3378,5564.671,1889.929
3379,4872.032,2321.516
3380,8101.5846,3019.6960666666664
3381,7702.234052631578,3083.7603157894737
3382,8861.9949,3635.8618
3383,9172.346,4196.28
3384,8440.076,4224.7048888888885
3386,8897.247666666668,6021.304666666667
3388,10195.812,6638.585000000001
3389,1325.4458,7065.9576
3390,6321.957,7343.745
3391,795.0457823529412,7448.4800000000005
3392,550.9716,8462.021444444445
3393,2607.041142857143,8610.128428571428
3394,6557.139,8661.797666666667
3395,5158.4252,9104.136
3396,6406.106625,9325.434875
3397,3362.038,9846.0
3398,4401.4745,10063.9725
3399,5385.82375,696.250375
3400,3629.076333333333,2288.882
3401,7843.8,3069.3391333333334
3402,6643.019,3248.654
3403,8862.174333333334,4064.566666666667
3405,4129.081,6003.081
3406,1489.9465,6928.57275
3407,8330.6095,7039.1925
3408,1330.3206666666667,8777.936
3409,2548.836,9682.127
3410,2568.467125,10636.29625
3411,3863.954333333333,11035.263333333334
3412,5671.266799999999,1267.29
3413,4945.0872,1984.7495999999999
3414,5777.9220000000005,2226.893
3415,4170.71375,2266.15575
3416,5300.176600000001,2519.9156000000003
3417,7942.514615384615,2978.170538461539
3418,5747.478571428571,3124.584071428572
3420,8370.051263157895,3207.3778421052634
3421,8218.02675,3506.47375
3422,4756.613,3499.0
3423,4234.275,3822.85
3424,8430.0465,4248.214
3425,9789.366666666667,4361.9501666666665
3426,1557.0819999999999,4450.404
3427,1457.5740454545455,4763.662181818182
3429,10301.58,6015.32
3430,5321.918,6327.5595
3431,4204.906,6862.962
3433,9279.052888888888,7052.879666666667
3434,8368.222,7078.155
3435,7803.240833333333,7224.0216666666665
3436,1010.1424142857143,7366.268857142857
3438,8191.93475,7815.5035
3439,8161.405199999999,8007.348
3440,5597.007666666667,8283.167666666666
3441,4225.132,8485.684
3442,4153.807,8505.238333333333
3443,5382.139666666667,8726.126
3444,5812.312999999999,8828.801333333335
3445,3556.4411999999998,8996.454399999999
3446,3211.6935,9047.4995
3447,4062.7915000000003,9156.176
3448,2760.129,9248.706
3449,2746.2129999999997,9272.161
3450,2994.1722,9559.8459
3451,3890.1345,9552.1
3452,4201.9318,9734.9242
3453,3893.8959999999997,9782.713749999999
3454,911.21755,10221.460000000001
3455,440.53158333333334,10261.91
3456,2154.493625,10515.07375
3457,3408.132,10596.786666666667
3459,1321.28825,10698.717499999999
3460,4955.042,778.2083
3461,1993.604,2790.917
3462,2838.829,3466.714
3463,3646.333,3533.778
3465,10477.523,4625.5809
3466,7813.725,4621.2352
3469,7242.178,5855.422
3470,10236.29,6006.714
3473,10322.759999999998,6186.880499999999
3474,2455.85175,6500.64375
3475,8139.283454545454,6550.9255454545455
3476,3610.9201428571428,6867.009285714286
3477,8557.315333333334,7997.272666666667
3478,2137.4678333333336,8886.6285
3479,5424.522333333333,9001.442666666666
3480,2875.3766666666666,9396.913999999999
3481,3292.24975,9549.123
3482,547.5295625,10076.0875
3483,2232.5116666666668,10142.696666666669
3484,2939.769875,10151.88875
3485,3623.0519999999997,11357.769999999999
3486,4738.516666666666,1677.0756666666666
3487,6085.574333333333,1762.365
3488,6197.433,3195.164
3491,6975.9005,4353.6035
3492,2858.0545,4488.693499999999
3493,10120.730000000001,4720.713
3494,10149.081666666667,4746.908333333334
3495,3697.868,5499.736
3496,5028.358,5588.6955
3498,5413.337714285714,6087.186000000001
3499,4846.277,6131.128
3502,2485.1919999999996,6484.583333333333
3503,2259.1051666666667,6501.455333333334
3504,9455.7013,6600.3297999999995
3505,4855.672500000001,7116.612999999999
3506,2820.897,7255.678
3507,9042.905333333334,7291.558222222223
3508,6938.300333333333,7628.381666666667
3509,5721.58875,8155.2975
3510,3851.546375,8387.28725
3511,4799.478999999999,9176.0615
3513,4026.4525714285714,9741.585714285715
3514,564.6048499999999,9879.089
3515,2976.3935,10449.18
3516,915.25785,10593.94
3517,4633.0645,865.75645
3518,5736.021500000001,1643.5505
3519,6235.183142857143,1707.2241428571429
3520,8688.862166666668,3768.8165000000004
3521,8174.387333333334,4570.119555555556
3524,6757.404666666666,6133.851333333333
3526,4155.6032,7116.6652
3527,7978.1475,7144.4585
3528,2235.217,7309.0135
3529,3404.952,7928.177
3530,2993.81,8839.516833333333
3531,6937.321,9013.741
3532,4914.261,9197.943
3533,5044.212,9897.4
3534,1251.735142857143,10717.327142857144
3535,4962.824666666666,1005.5326666666666
3536,7672.0799333333325,2880.478733333333
3537,8139.27575,3185.9624166666667
3538,1798.312,3562.9875
3539,7214.145833333333,3599.7528333333335
3540,5441.81,4256.635
3541,9180.402,4287.809666666667
3545,1996.6355555555556,5079.146111111111
3546,3032.236,5602.3825
3548,8646.037666666665,6305.487666666667
3549,1785.7404444444446,6421.659
3550,10688.11,6512.460333333333
3552,8132.619545454546,7164.097727272727
3553,4078.2205999999996,7211.1974
3554,5921.0,7219.826
3555,1686.2643333333333,7452.648
3556,5175.397,7513.397
3557,1409.3786666666667,7508.367333333333
3558,7899.560333333334,7944.128333333333
3559,425.12028333333336,8087.726
3560,7975.986600000001,8209.5792
3561,4501.525,8298.05
3562,5752.750357142858,8385.85942857143
3563,3394.231,8385.192
3564,1490.3519999999999,8737.314999999999
3565,4447.303125,8738.43425
3566,1114.8064615384615,8960.348461538462
3567,4093.2965,8996.5685
3569,6356.332666666666,9150.221666666666
3570,4416.3642,9234.6812
3572,1360.573,9611.378
3573,1195.2947142857142,10110.789999999999
3574,4689.8,10598.2
3575,4676.346,1333.5
3576,5642.694,1432.742
3577,5585.5,1925.5
3579,7035.681666666667,2495.7585
3580,8405.644,2877.9915
3583,10445.21,5752.967
3584,3458.662,6307.721
3585,4106.025333333333,6817.596333333334
3586,1322.6405555555555,7035.361888888889
3587,2672.81275,7275.49225
3588,3474.7046666666665,7314.143666666667
3589,1889.1855714285716,8182.22657142857
3591,4875.4220000000005,9319.42625
3592,5726.6225,9968.298999999999
3593,3797.177,9991.318333333335
3594,3133.96,10310.415
3595,2578.1963333333333,10750.917777777777
3596,5299.344,2354.8289999999997
3597,6989.9094000000005,2645.965466666667
3598,8501.726733333333,3352.3054666666667
3599,7402.654153846154,3345.9552307692306
3600,7203.7907000000005,3637.5687
3601,9475.097636363636,3721.152454545454
3603,4903.5,5428.0
3605,6672.86025,6203.5157500000005
3606,7857.739714285714,6340.1924285714285
3607,9853.958,6682.334
3608,2745.049,7059.6585
3609,6477.407333333334,7108.654666666666
3610,4870.6625,7840.262
3611,2473.5688,8018.572
3612,8327.427,8186.229600000001
3613,3158.0012500000003,8539.9085
3614,4687.508692307692,8621.709230769231
3615,5296.394333333334,8778.296
3616,2667.0,9406.048
3617,4192.018,10330.16
3618,1010.4933333333333,10728.463333333333
3619,2487.2517,11047.321
3620,3786.7881428571427,11224.974285714286
3621,5487.2265,1452.121
3622,6114.0593,1891.8353
3624,7915.32755,3097.9438
3625,8513.11525,3182.7172499999997
3626,5008.558166666667,3808.226
3627,7079.953777777778,3887.7535555555555
3628,4606.333,4916.5
3629,10642.59,5109.91
3632,5131.305,6899.712
3633,10317.352,6968.0416
3634,6883.756,6932.022
3635,1312.4541428571429,7091.597
3636,2309.392,8014.6272500000005
3637,6143.712399999999,8377.2698
3638,3736.6214999999997,8518.666333333333
3640,5785.632666666667,9863.255666666666
3641,2814.9717499999997,9892.494999999999
3642,4856.584000000001,10610.412857142857
3644,5567.782666666666,2406.5545
3645,7185.642,3935.9809999999998
3648,10513.203333333333,6468.255666666667
3649,3313.0735,6574.45
3650,6107.1355,6632.6655
3651,9313.59925,7582.1002499999995
3652,8146.333,7818.83475
3653,3972.4855,7945.157999999999
3654,2098.394,8721.061
3655,2045.585,8711.815
3656,5811.5572,8895.5788
3657,6983.338,9034.84
3658,3779.5353333333333,10176.800000000001
3659,4096.5157500000005,10848.565
3660,5731.297500000001,1957.229
3662,4191.869000000001,2179.287
3663,6602.506599999999,3181.18
3664,5200.852,3317.4862857142857
3665,8341.431466666667,3846.3286000000003
3666,7265.609076923078,4122.9
3669,10506.064999999999,5135.507
3670,10527.31,5118.49
3673,10527.15,5486.976
3674,2620.9030000000002,5609.7325
3675,3348.781,5774.297
3677,2438.89875,6022.05425
3678,3672.273,6006.273
3680,10109.665555555555,6402.841666666666
3683,8362.0175,6600.5985
3686,8133.911,6869.356
3687,1241.1308333333334,6861.617416666667
3688,5621.9235,6907.34
3689,4762.3975,6954.8885
3690,4607.3,7002.0
3691,6607.683,6985.854
3692,1088.6333333333334,7485.9642
3693,1793.3465,7792.853999999999
3694,6326.316,7847.230142857143
3695,3942.3635,7887.7935
3696,8353.5928,7915.1534
3697,5739.6057,8255.332
3698,559.147325,8507.24325
3699,4806.49925,8547.73775
3700,3454.1,8574.6
3701,4023.5164444444445,8648.115555555556
3702,2779.600428571429,8948.091571428571
3703,1492.4105,9225.509
3704,2835.039666666667,9526.828
3705,3078.241,9604.5
3706,940.60055,10534.4275
3707,3070.8230000000003,10598.825
3709,5435.496,2183.3416666666667
3710,4968.7,2414.0
3711,8623.6706875,3792.0841250000003
3712,6331.22,3818.683
3713,4974.333,5745.972
3714,7857.936,7059.064
3715,4252.8506,7282.7214
3717,3878.836,7814.309
3718,8094.521,8029.604
3719,8096.2553333333335,8075.367666666666
3720,2817.709666666667,8287.094666666666
3722,5268.013999999999,9535.451000000001
3723,3279.636,9786.545
3724,5715.344,10012.84
3725,2938.8172999999997,10530.747
3726,4726.526,10650.63
3727,2176.8346666666666,11101.926666666666
3728,4789.178,551.15965
3729,4962.407999999999,1887.6154999999999
3732,6886.7055,6202.152
3733,1385.2935,7268.362
3735,4775.770571428571,1538.6752857142856
3736,6250.002,1644.525
3737,7003.7565,2552.3285
3738,7536.358900000001,3713.0783
3739,8708.976,4007.857
3741,3288.346,5690.375
3744,7984.682125,6405.840375
3745,1353.994,6654.629333333334
3747,4996.668,7408.0785
3748,5001.58075,7552.16275
3749,1816.8939999999998,7652.874400000001
3750,5036.2699999999995,7731.533333333333
3751,3815.4515714285712,8553.798285714287
3753,3477.0378333333333,9744.666666666666
3754,3503.404666666667,10044.051666666666
3755,3270.704,10661.460000000001
3756,4425.530500000001,1062.2745
3757,4906.935,4186.565
3760,10939.248333333335,7076.079916666667
3761,3976.742,7145.619500000001
3762,7770.966333333334,7283.602666666667
3764,1456.9202,7408.102800000001
3765,4646.629,7549.414
3766,816.0888666666666,7849.474333333334
3767,2035.1638571428573,8074.239714285714
3768,1916.7414285714287,8249.416142857142
3769,2840.6205,8989.034500000002
3770,3453.120142857143,9042.484714285714
3771,3631.107,9325.718333333332
3772,4678.282999999999,10477.933333333334
3773,3590.555857142857,10866.205714285714
3775,8380.2565,2901.1620000000003
3776,7647.0767857142855,2898.991142857143
3778,5145.219,4324.75
3780,7589.081,5860.486
3781,7417.673,5919.418
3782,9175.936,6349.0
3785,2292.9034,6616.6486
3786,8409.709,6830.580666666666
3788,3432.679666666667,7181.797333333333
3789,5486.2665,7340.759
3790,2360.688,7465.874
3791,1670.6072,7639.710000000001
3792,1850.01,7791.9276666666665
3793,4398.6358,7891.1484
3794,2567.3704444444443,8094.956999999999
3795,2463.8258333333333,8295.3655
3796,2863.9533333333334,8761.652333333333
3797,3763.0825,9093.110666666666
3798,4102.327666666667,9554.384333333333
3799,1310.086,9599.614
3800,4450.514,1099.4455
3801,5928.344,1485.75
3802,3780.603153846154,2096.4706153846155
3803,2377.2055,2229.3855000000003
3804,5306.258,2307.129
3806,4989.958,3382.732
3808,10018.654999999999,4263.2267142857145
3809,8642.649333333335,4498.5526666666665
3810,7543.814,5788.302
3811,7947.21725,6491.6375
3812,2625.4736666666668,6526.373666666666
3813,9103.608333333332,7023.1776666666665
3814,7428.222,7115.333
3815,1871.416625,7116.555375
3816,5392.81,7406.483
3817,4215.074,7392.295
3818,6440.727,7475.909
3819,2884.823,7696.274
3820,4503.447,8069.242166666667
3821,3132.388,8971.5715
3822,1846.714777777778,9011.223
3823,3272.1192857142855,9244.822
3824,3133.3826,9342.8622
3825,4016.915833333333,9402.593333333332
3826,4431.553285714285,9740.624285714284
3827,3257.4719999999998,9897.03425
3828,679.8222999999999,10845.606666666667
3829,5611.2421,1612.1951999999999
3830,2349.042,2252.6326
3831,2200.899,2522.4254
3832,7396.6788,2969.1668
3833,8646.530222222222,3373.7925555555557
3834,9320.23375,3723.4815
3835,9351.708909090908,3719.2545454545457
3836,5837.5,4042.826
3837,8289.457,4884.657
3838,10380.015,5125.053
3839,2888.0317999999997,5203.3542
3840,4864.0,5289.613
3841,3927.5728000000004,6361.1436
3842,8523.1884,6471.5364
3843,11013.455,6504.2345
3844,3630.4584999999997,6862.4115
3846,5678.3060000000005,6964.691333333333
3847,5857.897000000001,6978.676
3848,9309.616916666666,7007.100833333334
3849,8116.5238,7070.9928
3851,9402.823,7256.339
3852,9076.9154,7288.3506
3853,797.753325,7488.4775
3854,5104.9490000000005,7555.282499999999
3855,2210.4013999999997,7522.5748
3856,4158.365333333334,7595.601
3857,1228.881,7791.333
3859,1569.9418571428573,8465.542
3860,2275.911,8601.422666666665
3861,6247.151999999999,8766.842333333334
3862,5557.064333333333,9001.059111111112
3863,670.4871166666667,9326.958
3864,2412.679125,9633.904
3866,4803.2665,10127.255000000001
3867,2204.7214999999997,10178.79
3868,4780.338333333333,10181.983333333334
3869,2404.86,10414.845000000001
3870,2445.2772,11639.116
3872,8782.0995,3987.68225
3875,9227.367999999999,6663.601
3876,4905.2744999999995,6701.1475
3877,5175.048666666667,6845.827333333334
3878,1692.0613333333333,7145.283
3879,3791.317,7563.524
3880,8190.9815,7766.927
3881,7765.778,7865.028
3882,3969.5648,7989.6156
3883,8088.232,8022.873
3885,1413.050857142857,8655.198428571428
3886,3582.6728333333335,9136.421
3887,6753.0432,9222.3902
3888,3284.801,9359.0245
3889,1730.0618333333332,9718.706166666667
3890,3667.6639999999998,10803.455
3891,4871.413,430.5238
3892,4881.068,1070.475
3893,4862.55,1069.45
3894,5727.4039999999995,1241.8193333333334
3895,4420.889666666667,1970.071
3896,6955.227375,2251.68975
3897,8517.030999999999,3149.6090000000004
3898,8710.9924,3305.996
3899,5315.0036,3915.096
3903,6300.903,6245.516
3904,2333.20875,6461.733
3906,5102.081,6650.081
3907,4473.367,6701.204
3908,5571.881,6731.619
3910,1311.401,6928.206
3911,9298.1594,7190.988
3912,8828.280090909091,7285.674727272728
3913,9905.10325,7524.524
3915,3901.7385,7579.1185000000005
3917,8402.103,7596.7555
3919,3140.9933333333333,7731.939666666666
3920,1255.5925,7811.9532500000005
3921,4930.4974999999995,7828.8085
3922,1438.482,7976.3965
3923,4885.1793333333335,7990.202666666667
3924,2004.64425,8282.343499999999
3925,3577.429444444444,8752.998666666666
3926,2814.1643333333327,9019.461333333333
3927,2802.0706666666665,9111.34
3928,4320.4095,9108.5215
3929,3467.7381666666665,9134.367666666667
3930,1299.6386666666667,9192.187666666667
3931,2874.2675,9223.5365
3932,3114.4036666666666,9439.076333333333
3933,1429.9327272727273,9574.063272727273
3934,5223.1615,9839.0705
3935,4190.630222222222,10083.891111111112
3937,3200.30475,10934.6375
3938,4459.408833333334,10984.529999999999
3939,1362.4383333333333,11525.873333333335
3940,4795.647,898.3529
3941,4869.4451,1438.3042
3942,7980.125777777777,2574.8171666666667
3943,6771.631071428572,3219.2472857142857
3945,3996.588,5616.353
3946,1670.01775,7173.4065
3947,9496.813444444444,7322.322111111112
3948,4257.5,7493.0
3949,9880.247,7595.9535
3950,4118.144,7583.647333333334
3951,4927.030666666667,8838.372666666668
3952,5435.921,1257.5135
3953,5065.783833333334,1791.0591666666667
3954,4663.956,1845.9235
3955,7031.359,2324.0265
3956,7061.736500000001,2358.1061999999997
3957,3021.647,2648.667
3958,5972.003636363635,2806.182545454545
3959,7710.541777777778,2890.221777777778
3960,7724.486666666667,2862.4526666666666
3961,4876.959454545455,2965.4359090909093
3962,7047.5555,3395.368
3963,8896.18077777778,3798.2635555555557
3964,1489.10625,3877.7415
3965,5238.34,4041.0
3967,7342.824,4308.176
3968,5112.2965,4305.1685
3969,6825.352000000001,4324.5994
3972,2221.0495,4848.70125
3973,1591.0403000000001,4864.46285
3975,10202.8,5028.386
3976,2661.381,5658.842666666666
3978,2238.202,6141.398571428572
3979,8808.842,6160.806500000001
3980,9951.829,6234.714
3982,3587.61125,6423.51275
3983,2529.21975,6501.06675
3984,2021.7653333333333,6531.550333333334
3985,5761.5545,6928.305
3986,2781.0153333333333,7044.158666666666
3988,9391.585,7159.082333333333
3989,6114.23575,7167.7345000000005
3990,2967.1316666666667,7315.422666666666
3991,830.51216,7659.657399999999
3992,4564.5105,7668.058999999999
3993,7841.123,7972.247
3994,2011.195,8167.464
3995,7474.107999999999,8544.287363636364
3996,5276.88,8704.868285714287
3997,6681.64575,8802.18975
3998,4919.675857142857,8800.721857142857
3999,6084.881333333334,8853.551666666666
4000,4876.317,9039.514714285715
4001,622.1385428571429,9283.430714285714
4002,4213.698,9316.981
4003,3788.7799999999997,9398.8465
4004,4162.499,9653.241
4005,2420.359,10425.02
4006,4566.468166666667,10498.081666666667
4007,2514.1036,10570.332
4008,3026.0111666666667,11011.923333333334
4009,5813.045333333333,1278.64
4010,5591.213333333333,1814.305
4011,5371.869142857143,2543.429142857143
4012,4645.414076923077,2659.0151538461537
4013,8396.835714285715,4134.219714285714
4014,8364.520142857144,4160.478857142857
4016,5203.0,6038.196
4017,2800.3565,7092.369000000001
4018,6960.091,7530.682
4019,4788.295636363637,8716.068727272726
4020,4263.5237777777775,9110.81088888889
4022,6005.436333333334,9170.300333333333
4023,96.353605,9326.263500000001
4024,873.6188599999999,9907.7604
4025,467.5362631578948,10203.38947368421
4026,376.5876,10461.563333333334
4027,4177.275,11057.75
4028,3182.318333333333,11217.590000000002
4029,5701.0,596.0
4030,4843.014,1060.2045
4031,4682.846,1240.596
4032,6261.911999999999,1392.8808
4033,5961.138,1506.379
4034,6246.797333333333,1608.468
4035,3251.2598000000003,1754.5642
4036,7899.418529411764,2831.374058823529
4037,9587.448416666666,3694.5338333333334
4038,7097.264272727273,3696.427727272727
4040,10596.546666666667,5180.004666666667
4042,3949.6724999999997,5554.6585
4045,8193.464999999998,6205.204333333332
4046,4726.0,6568.0
4047,10475.262499999999,6571.715
4048,3885.951,7188.9235
4049,2051.608333333333,7271.321166666666
4050,6619.274666666667,7448.685666666667
4051,1802.6865,7478.312000000001
4052,2066.40325,7711.51175
4053,3391.695,8031.4105
4054,8443.975,8111.988
4055,313.8,8548.6978
4056,2342.300333333333,9121.146666666667
4057,3130.7025,9324.99
4058,431.7308,10295.81
4059,4507.7735,10351.505000000001
4060,2700.5145,11046.885
4061,2722.0192,11083.336
4062,5944.073,1216.5196
4063,5838.174,1313.2895
4064,2273.222,2965.222
4065,7256.648999999999,3222.86175
4066,9878.45,4439.5445
4071,10413.535,5978.1905
4074,1810.864625,6322.631875
4075,2885.2045,6384.4635
4076,9505.9594,6627.5628
4077,10165.075,7059.754
4078,2862.3705,7112.5735
4080,1993.0511666666669,7170.002333333333
4081,1704.791,7268.01
4083,5991.21475,8223.4405
4084,3449.248,8423.410444444446
4085,2494.03975,8565.6335
4086,4268.239571428571,9299.591857142857
4087,5076.408,9790.822666666667
4088,2236.794,11008.73
4089,2814.6335,2083.7635
4090,4586.0,2302.0
4091,7028.001428571429,2579.3621428571428
4092,5583.199846153846,3351.0049230769228
4093,9217.22,4440.756
4095,4966.256166666667,5540.175
4096,5805.897,6026.9095
4097,2526.9556666666667,6029.8516666666665
4098,5461.056333333333,6354.571666666667
4099,5812.173500000001,6599.752
4100,9723.942777777778,6705.135222222223
4101,1585.9146250000001,6971.212375
4102,8871.432999999999,7169.815666666666
4103,930.1034538461538,7361.3272307692305
4104,8923.643250000001,7411.357083333333
4107,1246.179,8529.74525
4108,3972.5336666666667,9354.928333333333
4109,1789.551666666667,9613.138333333334
4110,3351.3716666666664,10610.058333333332
4111,4896.741999999999,10648.346666666666
4112,1160.8898,10703.837
4113,1811.3265714285715,10740.051428571429
4114,2059.6114000000002,11257.323999999999
4115,5501.7544,1483.8162
4116,5719.5525,1640.1084999999998
4117,4526.746,1866.7115
4118,4396.992249999999,1920.7024999999999
4119,4200.38,1942.531
4120,2486.1589999999997,2689.6365
4121,7740.9517,2909.2794999999996
4122,7670.9834,3228.5326
4123,7237.7209375,3296.4160625
4124,8591.5045,3338.910714285714
4125,7578.9849,3714.4637000000002
4127,2606.409428571428,5158.536714285714
4128,3843.321,5531.132
4130,5470.273,6106.364
4132,4987.25,6548.975
4133,2229.253090909091,6576.105545454545
4134,8462.7,6703.15
4135,3904.731333333333,6855.242333333333
4137,2569.176,7812.824
4138,867.9611,7910.05975
4140,2177.267,8120.012
4141,1276.5,8315.5
4142,2916.368,9399.916000000001
4143,3596.7315,9771.466
4144,2264.684333333333,10266.976666666667
4145,2382.8468333333335,10379.269999999999
4146,5494.6455,543.3624
4147,4857.228,928.9624
4148,5296.2495,953.31965
4149,5795.443833333334,1556.9981666666665
4150,5228.766,1560.085
4152,5059.2643333333335,1914.1360000000002
4153,3660.9002727272727,1903.6587272727272
4154,5885.821,2419.615
4155,1896.8342,2715.5676
4156,8030.200916666668,2815.0176666666666
4158,5790.238,4134.69
4159,6300.286,4234.171
4160,10070.7275,4274.44175
4161,10094.41,4295.781
4162,8462.859666666665,4311.0905555555555
4163,5367.5,5872.5
4164,8786.645,6148.016
4166,3413.5745,6509.077375
4167,2136.297222222222,6595.671222222222
4169,2073.443076923077,7076.506923076923
4170,8222.06175,7089.2392500000005
4171,1444.8693333333333,7612.306166666666
4173,788.7388888888888,8209.593333333332
4174,1249.0155,8318.9825
4175,4512.140714285714,8330.938142857143
4176,5680.417142857143,8884.785857142857
4177,6082.114333333334,9084.623
4178,2685.284,9379.489333333333
4179,3006.4804,9932.277
4180,3743.878666666667,9940.548333333332
4182,4795.5675,10603.830000000002
4183,3158.777666666667,10847.466666666667
4184,5418.889,2162.667
4185,5894.2685,2395.251
4186,7212.940285714286,3499.2514285714283
4187,5197.7115,3896.25175
4188,5700.3535,3977.333
4189,7282.490999999999,4026.8050000000003
4190,8225.82825,4047.29825
4191,9789.14,6110.326
4192,9559.222,6351.333
4194,5907.7785,6459.6805
4196,6011.153714285714,6581.501285714286
4197,8379.694,6764.204
4198,2397.8902,6820.696400000001
4199,1925.3225,6895.8605
4200,8089.15325,7213.6975
4201,8428.3755,7596.737
4203,4072.392,7926.013
4204,2550.567857142857,8244.894428571428
4205,3198.5823333333333,8553.977333333334
4206,447.5584,9608.2545
4209,5844.298,1052.965
4210,5252.562666666666,1562.1963333333333
4211,5983.862999999999,1872.3125
4212,5564.352,2347.9295
4213,4851.39025,2491.369
4217,8730.797,3924.017
4223,2995.7941111111113,6030.493888888889
4224,2458.643,6077.962333333333
4225,8951.615,6406.401
4226,5574.214,6551.786
4228,3274.35025,7486.5740000000005
4229,1070.9835714285714,7563.446571428571
4230,5499.096666666667,9007.7235
4231,5957.519200000001,9102.944599999999
4232,6568.79175,9197.359
4233,2753.5881666666664,9358.624666666667
4234,3807.0969999999998,9908.624333333333
4235,3384.4726,10176.587
4236,3941.6687500000003,10653.5525
4237,2782.4546,10962.174
4238,3359.268,11006.036666666667
4239,1903.323,11081.481666666667
4241,5335.804,563.4600666666666
4242,5204.0194,694.8214599999999
4243,3191.874,1781.40875
4244,4431.980142857143,2509.495
4245,5346.3279999999995,2574.6425
4246,4934.528666666666,2990.063666666667
4247,8187.029750000001,3087.6650833333333
4248,8545.795214285714,3255.1536428571426
4250,6581.387,3280.2019999999998
4251,8583.110333333332,4002.362333333333
4252,6765.39,3980.61
4256,1776.4855,6323.641166666667
4257,8108.722428571428,6346.300571428571
4258,2284.690888888889,6417.350555555556
4259,4498.8565,6544.421
4261,2614.099,7146.109
4262,9352.426444444445,7187.4567777777775
4263,3483.882,7232.066
4264,8038.732,7334.865
4265,4947.7775,7426.5
4266,5519.581,7430.86
4267,9918.745625,7479.4115
4268,5121.3295,7690.0365
4269,1013.2851454545454,7747.292545454545
4270,3868.613,7779.516
4271,9121.574999999999,7790.218666666667
4272,4041.121,7980.03
4273,3321.8675000000003,8183.0615
4274,540.3222499999999,8188.463250000001
4275,1555.0396666666668,8247.203333333333
4276,7772.9884999999995,8261.863333333333
4277,4258.472111111111,8451.243666666667
4278,7392.026,8631.23775
4280,7152.911636363636,8814.820090909092
4281,3199.5336666666662,9898.276
4282,3289.007666666667,9957.833333333334
4283,4867.182,9991.227
4284,1149.5503333333334,10316.0
4286,4803.5944,10666.552
4287,515.8371000000001,10826.45888888889
4288,4238.864444444444,10877.184444444445
4289,4342.3292,10868.926000000001
4290,6254.305,1331.144857142857
4292,2135.6074,2311.6922
4293,3826.317,2446.854
4295,4139.146,2649.042
4296,5192.82725,2869.326
4298,5257.589,3304.5555
4300,1897.814,3629.797
4301,9876.2505,4413.547166666666
4302,1879.7146,4522.677
4303,9057.4805,4590.814
4305,5304.203333333334,6101.634666666666
4306,3274.0,6444.0
4307,8008.213066666666,6634.910933333334
4308,2166.9263,6849.0425000000005
4309,2550.8336,6942.7624
4310,6377.747666666666,7079.452333333334
4311,4864.643,7160.339
4312,5324.356,7210.763
4315,1769.829857142857,7917.071714285715
4316,4917.676,8047.296
4317,8494.743666666667,8164.199
4318,3274.69,8223.293
4319,2281.446,8520.86
4320,1380.68925,8855.738
4321,6668.54125,8870.73825
4322,4600.94025,8935.186625
4323,917.21336,8972.3186
4324,4834.7975,8994.1425
4325,1562.8043,9187.7328
4326,2703.088,9243.732800000002
4327,823.9419142857142,9340.990857142857
4328,1029.1000000000001,9770.800000000001
4329,1049.1505,9809.304250000001
4330,2589.9092,9878.4061
4331,370.58376666666663,10265.423333333334
4332,3646.606555555556,11078.515555555556
4333,5723.328750000001,1264.76975
4334,5854.310333333334,2421.272
4335,8725.629666666668,3673.8315000000002
4337,5789.598,4037.264
4338,4986.152,4239.217
4339,10246.779999999999,5431.045
4340,10758.64,5858.763285714286
4341,10149.82,6022.25
4344,2441.208142857143,6926.550142857143
4346,2061.5056666666665,7510.893833333333
4347,2408.3775,7611.71775
4348,4879.6196666666665,7888.306666666666
4349,8751.937,7885.429
4350,3521.14275,9327.128499999999
4351,3417.6517999999996,10202.428
4352,4658.9188,10413.16
4353,5182.264666666667,1974.501
4354,4485.462333333333,2216.783
4355,6076.7072,2260.6897999999997
4356,5089.021333333333,2386.595333333333
4358,7632.420333333333,2510.2406666666666
4359,7673.445166666667,2527.7766666666666
4360,8244.754166666668,2925.256
4364,4931.269,6186.192
4365,4493.57,6455.520333333334
4366,3331.0,8223.613
4367,5062.76675,8655.7145
4368,768.0066538461538,8720.874153846155
4369,2908.5652,8817.2784
4370,4962.811666666667,10047.513333333334
4371,3748.096,10181.752
4372,2391.432,10402.33
4373,5588.986833333333,168.19358333333332
4374,5178.358333333333,1347.4356666666665
4375,3346.575285714286,1833.4667857142856
4376,4910.904500000001,1949.315
4377,5176.005,2006.6675
4378,4819.739,2513.543
4379,4184.195,2539.614666666667
4380,7393.621400000001,3001.6611000000003
4382,8178.6295,3116.0
4383,1997.222,3499.5
4384,8715.302,3913.429
4385,9210.214631578949,3939.371315789473
4386,1922.4216666666669,4186.655333333333
4387,8603.088333333333,4340.642333333333
4389,3153.138,5252.3423999999995
4392,8602.706,5820.088
4394,2374.875666666667,5947.580777777777
4395,5661.646,6008.104
4396,9682.46,6084.797500000001
4398,9014.355666666668,6175.84
4399,3616.469,6279.094
4400,4783.513,6414.59
4401,9837.915416666667,6562.3533333333335
4402,10514.446,6572.2402
4403,6121.0,6668.9
4404,8034.839,6651.954999999999
4405,8240.248714285715,6868.261714285714
4406,10267.3775,7000.56475
4407,5464.5,7007.174
4409,10244.508333333333,7091.645166666666
4410,4839.34,7191.28
4411,1037.805875,7230.0925
4412,1163.501,7314.504857142857
4413,2823.8379999999997,7321.7725
4414,5111.941,7662.667
4415,6185.7135,7680.7095
4417,8348.7455,7966.6585
4418,1890.492,8052.523
4419,1416.1322,8160.2686
4420,350.072125,8228.4015
4421,2723.30325,8252.5475
4422,2862.7290000000003,8307.416000000001
4423,7810.709,8410.326000000001
4424,7790.068333333334,8437.360999999999
4425,3398.2726666666663,8622.390666666666
4426,3758.29075,8709.95225
4427,5360.758333333334,8789.462666666666
4428,1408.3339166666665,8826.3585
4429,4910.5796,8865.715400000001
4430,3921.0434285714286,8944.922285714285
4431,394.145625,9031.262875
4432,981.367125,9080.735
4433,112.12428857142858,9154.774142857143
4434,5954.0975,9374.9625
4435,2262.2493999999997,9410.2386
4436,2142.2146363636366,9791.253636363637
4437,3103.6203333333337,9846.479666666666
4438,900.8834333333333,9931.027833333334
4439,1591.9634999999998,10202.689999999999
4440,2667.9182499999997,10236.16
4441,2164.2933333333335,10610.763333333334
4442,861.3259,11359.8375
4444,5152.304,1306.221
4445,5818.79225,1385.93275
4446,3171.542,1772.024
4447,5093.457666666666,1904.7616666666665
4448,5125.642,1892.458
4449,7028.75225,2454.0185
4451,5043.37875,2488.04875
4452,6939.396615384616,2604.6499999999996
4454,2464.7484999999997,2778.736
4458,7208.481,3578.037
4462,10654.494999999999,5842.606
4464,2992.23,6098.84975
4466,5365.5715,6128.647000000001
4467,3056.129,6348.2165
4468,10205.005555555555,6531.488666666667
4469,8358.764333333334,6543.954166666666
4473,10267.6425,7100.934875
4474,5798.644,7196.822
4475,4722.1366,7270.1828000000005
4476,1196.6895,7392.12975
4479,8583.089666666667,7520.13
4480,6363.893,7662.6404999999995
4481,10028.186,7686.0244
4482,3046.884,7803.1885
4483,3865.2856666666667,8446.641
4484,1958.1480000000001,8453.219000000001
4486,4887.511,8897.085
4487,3047.9320000000002,8965.914142857142
4488,4098.249,9034.7015
4489,5193.757285714286,9120.404428571428
4490,4226.387000000001,9124.3228
4492,867.9572714285714,9219.450285714285
4493,3909.92425,9615.97525
4494,3577.3111666666664,9995.921666666667
4495,4818.359,10060.29
4497,2024.52675,11038.9575
4498,2054.649142857143,11062.108571428571
4499,2054.2285,11296.43
4501,8690.701,3308.955
4502,7037.8369999999995,3367.994
4503,9661.079166666666,3811.155
4504,5375.8375,3916.034
4505,6748.5,3979.5
4506,6989.1255,4077.3455
4507,5390.0,4255.357
4508,9979.84225,4261.88825
4511,1542.6082222222221,4390.831333333333
4512,3142.214,5075.786
4513,4021.149,5312.553
4514,7237.074,5954.296
4515,2871.76075,6033.72975
4516,2705.2933333333335,6198.862
4517,4354.907,6590.1346
4518,8025.807333333333,6882.688333333334
4519,4122.081999999999,7007.196666666667
4522,1676.0162222222223,7886.381777777778
4523,3459.0825,7955.969
4524,4437.465,8050.2225
4525,1877.2175,8079.915999999999
4526,1413.889,8103.884666666666
4527,5314.9398,8634.6008
4528,6736.9394,8742.6662
4529,2716.2224444444446,9042.819666666666
4531,3153.9646666666667,9812.643666666667
4532,4696.432,9982.824999999999
4534,1060.2217500000002,10060.067500000001
4535,2445.1665999999996,10446.83
4536,1834.7973636363638,10701.785454545454
4537,2030.5990000000002,11245.33
4538,1602.6366666666665,11427.07
4540,6058.7526,1080.3648
4541,4844.3405,1401.712
4542,4900.196,2125.039
4543,5483.5585,2327.378
4545,2451.612,4144.672
4547,10388.23,5764.85
4548,4622.316,6114.789
4549,2231.5453636363636,6819.532545454546
4550,2493.898,7139.9085
4551,1163.2422727272728,7199.060363636364
4552,1924.226,7216.9465
4553,881.8883,7633.438571428572
4554,656.4214111111111,8174.436555555556
4555,3333.4115,8345.0055
4556,1598.3135555555555,8565.100555555555
4557,2475.127,9051.193333333335
4558,5229.1465,9635.407166666666
4559,4719.202499999999,10468.355
4560,5126.833,961.2667
4561,4690.34475,1877.968
4562,4803.099333333333,2118.721666666667
4563,5926.75,2398.4
4564,5629.8351111111115,2418.1344444444444
4565,7951.976,3180.482
4566,8414.25925,4484.466125
4567,10847.421666666667,4985.678833333333
4568,10739.186,5173.7994
4569,3063.569,5508.154
4571,2414.3396666666667,5802.156666666667
4573,8346.5575,6744.4605
4575,10353.57,6947.841
4577,4354.8535,7778.1705
4578,2592.3822857142854,7787.459000000001
4581,3484.4016666666666,8603.949333333332
4582,6783.342599999999,8737.9034
4583,2869.007,8856.494
4584,1464.3639999999998,9115.743
4585,6922.62175,9149.456
4586,2055.263,9747.070166666666
4587,3020.6133333333332,9875.013222222224
4588,4362.339,9889.3489
4589,4742.237857142857,9917.532428571429
4590,1756.2776999999999,10529.446
4591,1331.1005,10623.945
4592,3021.764333333333,10720.011666666667
4593,6093.741,1483.345
4594,4863.3025,1760.375
4595,3037.0135999999998,1790.6951000000001
4596,4993.377,2253.564
4597,7302.0555,2915.4845
4599,6801.879,4261.52
4602,8665.085,4461.085
4603,2339.97725,5817.941
4604,10691.864444444444,5884.619111111111
4605,2940.5785,6022.92
4606,2849.9177142857143,6539.781571428571
4607,8355.434571428572,6784.782571428572
4608,5821.218333333333,7002.234333333334
4609,2325.20475,7369.26625
4610,2496.3456666666666,7419.420000000001
4611,6124.597857142857,8099.665714285715
4612,3264.787,8208.528
4613,1919.9943333333333,9465.657666666666
4615,3812.729,9930.271
4616,2261.9511666666667,10961.826666666666
4618,5305.682000000001,591.503525
4619,5669.723999999999,1379.1926666666666
4620,5231.6755,2288.37
4622,8351.976625,3415.2688125
4624,9360.166,3877.759625
4626,7421.154,6234.462
4628,2617.23825,6703.075
4629,5215.714,6750.171
4630,3837.279,7035.6320000000005
4631,1903.4735,7526.5135
4632,4416.8025,7782.702499999999
4633,4545.7525000000005,7896.789000000001
4634,6228.591,8078.971399999999
4635,4107.4995,9657.676125
4636,3044.843,10400.308
4637,4502.046714285714,10892.625714285716
4638,1648.4773333333333,11038.328333333333
4639,5482.543999999999,147.80036666666666
4640,5290.6865,453.37239999999997
4641,5268.822,578.303175
4642,5863.627,1633.153
4644,4416.1472,2188.6854
4645,5668.584333333333,2224.6803333333332
4646,6024.34675,2354.148
4647,5407.312,2385.0675
4648,8242.862333333333,2898.9763333333335
4649,5402.074,3465.849
4651,7352.230636363636,3629.973363636364
4652,9300.261571428573,3696.9564285714287
4653,7551.615,4206.128
4654,7419.6255,4301.8665
4655,1894.02225,4356.69875
4659,5350.9475,6082.3025
4661,3326.0874999999996,6652.9535
4662,3338.872,6666.769
4663,1177.0012352941176,6736.905529411764
4664,6962.897,6944.487
4665,6216.52475,7020.9695
4666,1378.4342000000001,7030.1106
4667,3878.862,7041.6985
4670,6849.897,7514.103
4671,8398.745,7543.549
4672,4862.783,7895.783
4673,2146.6915,8101.628000000001
4674,349.3333,8194.7
4675,338.05,8200.9515
4676,2670.957625,8587.2695
4677,4753.113166666667,8620.881
4678,2399.4535,8614.341
4679,5366.218,8640.119
4680,1232.8068461538462,8688.930076923078
4681,4930.00409090909,8716.861727272728
4682,2413.663,8742.808
4683,5926.602333333333,9389.802666666666
4685,492.1481,9630.056
4686,6003.008,9674.485
4687,5782.617,9812.9905
4688,2106.341,10262.84
4689,3017.1275,10390.465
4690,981.8319333333333,10784.58
4691,4414.1195,10930.925
4692,2359.453,11074.596666666666
4693,3025.6115,11146.885
4694,1855.4924999999998,11605.585
4695,5221.7414,563.74006
4697,4573.2435000000005,1584.0065
4698,5954.8983333333335,1862.189
4699,5937.462714285714,1971.7424285714285
4700,2506.811,4557.0
4702,3045.1220000000003,5535.5715
4703,5014.15,6115.9884999999995
4704,7484.184,6653.347
4707,3150.4025,8357.5365
4708,6347.4046,8491.8418
4709,2093.175,8992.75325
4710,913.6491222222222,9072.535333333333
4711,1835.25675,9727.131000000001
4712,1864.45,9693.85
4713,2157.941,10369.35
4714,3453.446,10420.8
4715,1909.643,10693.08
4716,5252.720333333334,2023.5816666666667
4717,5228.198,2050.8799999999997
4718,3654.3556666666664,2060.5163333333335
4720,7483.8365,3877.2844999999998
4721,7854.0,4463.761
4723,5350.886,5007.257
4726,2214.8756666666663,6522.438333333333
4728,4813.774,6911.925
4729,4176.769,7546.077
4730,1214.8795,8288.9095
4731,4447.101000000001,8596.800615384615
4732,5630.957181818182,8706.484636363637
4733,608.204375,9225.00875
4734,6293.084000000001,9566.317500000001
4735,2501.1563333333334,9802.450666666666
4736,2476.5969999999998,9861.700777777778
4737,3709.44825,10016.00325
4738,4464.724,1106.397
4739,4549.255999999999,2943.123
4740,8826.121555555555,3291.4997777777776
4741,5441.463333333333,3356.771
4742,7177.9364000000005,4018.7843999999996
4743,1229.7598,4282.611999999999
4748,245.353575,8743.66275
4749,6111.031333333333,8921.413333333332
4750,1788.175,8976.25
4751,2348.756,9862.630666666666
4752,2376.613,10653.02
4753,2517.5573333333336,10773.566666666668
4754,5901.736666666668,1052.164
4755,4744.806,1293.194
4756,5029.354,1824.4773333333335
4758,5332.3708,3384.2841999999996
4759,4850.219999999999,3786.229
4760,8962.047363636364,3819.1431818181813
4762,1710.001,4457.6685
4763,10405.805,5033.741
4767,9469.38225,6793.41375
4771,3069.9719999999998,8221.3185
4772,7746.3928,8470.356
4773,4544.850666666666,9233.354666666666
4774,2285.699,9631.446333333333
4775,4366.711333333334,9930.362666666666
4776,3306.394857142857,10032.847142857141
4777,2659.0464,10944.496
4778,4819.192999999999,1456.721
4779,6005.7705,2025.1596666666667
4781,7997.400214285714,2963.365357142857
4782,5777.118,3119.059
4783,9065.5037,3765.1102
4785,3131.0,6329.895
4787,5341.805666666667,6749.026000000001
4789,5929.9095,6912.237999999999
4790,6481.705,7014.588399999999
4791,7624.2029999999995,7039.7585
4792,5612.734333333334,7121.879333333333
4794,864.4392333333333,7371.647222222222
4796,8733.719000000001,7852.392
4797,5661.382,8956.735
4798,3052.438,9241.453
4799,965.162875,9358.930375
4802,1931.2224545454546,9652.060363636365
4804,4229.007,9936.238000000001
4805,2639.6674,10306.632000000001
4806,4204.004,10550.095000000001
4807,5286.3525,551.759425
4810,4394.838,1123.779
4812,6012.816714285714,2221.074
4813,6509.73675,2561.7975
4814,6328.8865625,2683.1745625
4815,8195.2268,2809.4476
4816,8225.7304,3144.1048
4817,5421.686333333334,3373.4696666666664
4818,4824.088,3405.265
4819,4290.769,3431.231
4820,6976.49,3493.8815999999997
4821,1511.4688,3801.0276
4822,9278.994363636362,4043.887636363637
4823,5607.5855,4121.1975
4824,10717.5,5122.684
4825,7735.905666666667,5706.950666666667
4829,3349.2,5887.28
4830,7209.381,5986.119
4831,2364.51,6259.0
4832,10926.0,6276.256
4834,2165.1883333333335,6367.556333333334
4835,2721.3130833333335,6379.188583333334
4836,2408.1436000000003,6493.9296
4837,3224.878,6478.735
4838,9412.62,6579.950333333334
4841,4289.704,6599.543
4842,1511.0134545454546,6686.753363636363
4844,10386.404999999999,6898.415999999999
4847,1413.3276666666668,7165.779666666666
4850,1788.5453333333335,7196.1545
4851,1174.62175,7227.27875
4852,3213.698,7214.887
4853,1348.2620000000002,7301.72825
4854,8373.25,7445.217
4856,2705.681,7486.754
4857,3833.853,7609.663
4858,2481.7803333333336,7661.6645
4859,676.1554461538461,7723.285153846154
4860,1930.489,8094.085
4861,3796.562,8150.845666666667
4862,4583.49775,8194.4735
4863,4555.0762,8230.535800000001
4864,7072.299875,8385.79975
4865,6310.1175,8506.777
4866,4733.7080000000005,8530.009
4867,4584.992,8551.93425
4868,2514.057666666667,8731.087333333333
4869,4906.453,8843.493
4870,3036.7716,8895.731
4871,6847.682363636363,8932.11681818182
4872,4226.666499999999,9010.932499999999
4873,5493.9512,9079.9686
4874,4651.79375,9328.092625000001
4875,6314.264,9379.80525
4876,3865.225,9364.15
4877,4538.24225,9523.996
4878,3712.056,9542.7405
4879,2229.5845,9570.244
4880,5834.9598,9836.9488
4881,3955.314,10016.716666666667
4882,2842.038,10012.075
4883,4354.174666666667,10161.842
4885,2078.6865,10242.605
4886,3728.0944444444444,10438.554444444446
4887,3838.0,10460.1
4888,2893.873875,10801.3775
4889,3365.169857142857,10899.792857142858
4890,5127.6214,856.6204600000001
4891,4989.366666666666,904.2368666666666
4892,5671.227,1334.9175
4893,4357.2048888888885,2465.914222222222
4894,8018.843909090909,2984.990909090909
4895,8201.8766,3144.0186000000003
4897,5331.145666666667,3571.438666666667
4898,8970.0,4215.0
4899,1747.2056666666665,4405.210666666667
4900,2690.9494285714286,5170.644714285714
4902,8260.012333333334,6621.906
4903,10446.436428571427,6719.274571428571
4904,5955.75,6850.75
4905,3986.628,7340.123666666666
4906,3287.626,7406.804666666667
4907,942.693,7589.984125
4908,1263.36,8167.76
4909,6305.3564,8229.184599999999
4910,7891.224,8403.6195
4911,5926.664571428571,8491.023428571429
4913,2219.9385,8609.80075
4914,5113.5995,8674.343499999999
4915,2478.493,8789.448
4916,6588.6577777777775,8939.666888888889
4917,1022.1562,8998.401800000001
4918,4298.8195,9039.297999999999
4919,3141.7262,9077.867999999999
4920,3246.156333333334,9188.799666666666
4921,4264.3314,9212.1148
4922,4359.9887,9226.367999999999
4923,5148.198200000001,9264.232
4924,2912.7039999999997,9517.658
4925,420.84090000000003,9682.391
4927,3851.0795,9738.788666666667
4928,2959.797,9778.678
4929,2984.9025,9757.8105
4930,3750.39225,9749.439999999999
4931,1346.7278000000001,9867.5566
4932,1762.1895555555557,10169.222222222223
4933,3171.61425,10694.52
4934,2452.8475,10686.875
4936,5896.4125,1644.22425
4937,5674.191333333333,1671.4566666666667
4938,5689.84,1663.84
4939,4366.782333333334,1739.1233333333332
4940,7857.118,3247.772
4941,4883.46,3702.9325
4942,7373.158,3706.2312857142856
4943,2176.982,5269.762
4945,9443.829,6309.286
4946,5961.826,6351.957
4947,9679.420714285716,6725.3910000000005
4948,1550.3824,6783.3311
4949,1395.322,7098.729
4950,4211.78,7114.39
4951,1935.7677777777778,7146.756111111111
4952,7488.565625,7187.620375
4954,8753.793,7394.047833333333
4955,713.0603428571429,7765.796428571428
4956,3990.438,7879.4865
4957,6487.44875,8406.98025
4958,6941.6165,8551.235
4959,7026.838636363637,8757.085363636363
4960,5467.013285714286,8795.040285714285
4962,1980.19575,9148.698666666667
4964,3469.1369,10787.17
4965,4390.929,10888.657500000001
4966,6211.537,1290.2356666666667
4967,5899.263333333333,1580.2849999999999
4968,5367.4075,1978.2353333333333
4969,5155.665428571429,2498.843
4970,8603.134545454544,3379.6059999999998
4974,7482.291,5608.109
4975,2115.14325,6296.378375
4976,5715.326,7052.326
4977,2724.147,7461.353
4979,7643.570333333333,8298.020666666665
4980,2939.795,8341.011
4981,6415.063428571429,8458.142285714286
4982,2197.0062857142857,8697.062142857143
4983,2750.266857142857,8775.664428571428
4984,1667.6689999999999,8910.026333333333
4985,1045.6663333333333,9025.055999999999
4986,2050.4215714285715,9467.517285714286
4987,5110.0745,10269.2925
4988,3087.1396666666665,10251.513333333334
4989,1734.108,10935.19
4990,3311.527,11198.59
4991,5373.19575,2379.0515
4992,5350.3865000000005,2444.6625000000004
4993,7841.25225,2542.7380000000003
4994,1918.674,3057.674
4995,6943.7845,4086.2575
4996,1754.99275,4293.57575
4997,10701.862857142856,4789.973
4998,3125.6054999999997,5605.8765
4999,3114.762,5860.048666666667
5000,5282.111,6161.222
5001,10258.27,6364.01825
5002,8372.983,6647.522666666667
5003,1756.9763333333333,6679.409666666666
5004,2336.667,6735.333
5005,8747.661,7193.274
5006,894.2019125,7478.682125
5007,7280.365000000001,7523.919666666666
5009,1455.2582,8303.7104
5010,7704.524666666667,8478.552166666666
5011,3467.9016666666666,8664.125
5012,3398.6229999999996,8662.945199999998
5013,3442.6552500000003,8675.92225
5014,3662.3722000000002,8683.4636
5015,5433.7705000000005,8783.523000000001
5016,501.57738181818183,8945.667545454546
5017,587.4751,9180.8225
5018,1925.8239090909092,9557.393727272727
5019,4433.031,10058.25
5020,2831.286,10358.76
5021,3172.977666666667,10584.566666666668
5022,1651.381,11449.02
5023,5337.15575,944.9138375
5024,4813.03,1443.03
5026,7508.205875,2672.401875
5027,7474.1757,2703.1593000000003
5028,8529.161,2998.065
5029,5871.440111111111,2993.694111111111
5031,6706.5054,3238.6926
5032,9790.8684,3890.8203999999996
5033,1897.0575,4567.171
5034,7871.976,4625.143
5035,10311.44,5529.242
5037,8889.18,6746.12
5038,9284.520666666665,7118.47475
5039,6407.259,7931.593
5041,5636.057,8291.019
5042,1834.6201666666666,8354.175333333333
5044,3437.0,8612.5
5045,2068.257,8900.572
5046,775.6837538461539,9057.475846153846
5047,1406.5932500000001,9854.91725
5048,4454.0,10057.25
5049,2241.786,10086.21
5050,506.67485,10964.625714285716
5051,2807.243,11552.865
5052,5259.549,853.2963333333333
5053,4801.088,1407.882
5054,6443.2834,2552.6740999999997
5055,1871.786,3055.083
5058,2804.1783333333333,5319.363666666667
5060,7571.82075,6052.78175
5063,5398.824,6377.176
5064,5154.739,6705.478
5065,6297.205,7078.527666666667
5066,8281.139,7218.861
5067,3586.37,7250.1669999999995
5068,1342.7042,7667.007
5071,2300.367125,8125.119875
5073,1279.936,11232.06
5074,5606.1123333333335,732.9477333333334
5075,6230.354714285714,1333.6192857142855
5076,4896.009,1379.4920000000002
5077,7389.281857142857,2783.461714285714
5078,7774.390555555556,2895.1921666666667
5079,4425.146,3004.122
5081,5316.455285714285,3133.403428571429
5082,7012.974533333333,3336.820866666667
5083,8627.674846153846,3474.06
5084,1416.9975000000002,3692.6638333333335
5085,5009.308666666667,3871.2980000000002
5086,4870.0,4135.105
5088,8079.357,4229.548
5090,10310.073333333334,4597.866666666666
5092,10407.42,5350.719666666667
5093,3312.15375,5895.475
5094,5246.276999999999,5928.88
5095,5379.98,5994.451
5096,10694.34125,6168.761625
5097,3236.088,6414.069333333333
5098,5089.487,6478.897
5099,1920.05,6489.798142857143
5100,2303.789666666667,6709.327
5101,8737.732,6742.61
5102,2403.9782,6888.2262
5103,7271.187000000001,7082.205999999999
5104,7561.2205,7114.63975
5105,7605.530500000001,7221.58
5106,1970.0963333333332,7257.473666666668
5107,2431.6815714285717,7372.467
5108,4388.9708,7419.880800000001
5110,9021.24942857143,7801.367857142856
5113,645.5706909090909,8026.677363636364
5114,6095.074666666667,8362.865666666667
5115,3773.442875,8408.308125
5116,2799.479,8393.562
5117,883.35645,8497.411
5118,4071.3358181818185,8533.101545454545
5119,6985.358333333334,8621.687
5121,4252.223666666667,9044.2435
5122,3466.4265,9212.2905
5123,3939.3644999999997,9268.531500000001
5124,6042.4220000000005,9282.60025
5125,4137.7536666666665,9324.676666666666
5127,4691.829,9708.714
5128,2664.2651875,9740.416625
5129,5316.8496,9823.4044
5130,1015.688675,9925.015
5131,2349.441714285714,10281.154285714287
5133,1989.5542,10478.826000000001
5134,2793.3559999999998,10526.37
5135,1637.3618333333334,10749.921666666667
5136,2323.724333333333,10893.495
5137,1194.9782222222223,11005.264444444445
5138,2813.128,11365.526666666667
5139,1975.153,11606.269999999999
5140,5331.692,834.0992
5141,7853.667,3179.579
5144,10113.29,4958.089
5146,2542.3788333333337,6839.8325
5147,6039.117333333333,7132.971333333334
5149,844.7337285714285,7975.374285714286
5150,4057.124,8182.595
5151,704.2046285714285,8639.393
5152,6359.053,8691.0504
5153,1359.6873333333333,9090.579666666667
5154,3826.2355,9175.309000000001
5155,6722.08275,9240.60425
5156,3534.075,9892.094
5157,3345.45,9954.89
5158,1641.17,10246.75
5159,1248.8955384615385,10310.595384615384
5160,2756.4528333333333,10475.296666666667
5161,1911.7819,10606.056
5162,1985.2268,10789.243
5163,5473.467500000001,523.0092
5164,5544.5095,646.1759500000001
5165,5360.7935,818.1761
5166,5316.92475,1161.723
5167,4392.5,1208.5
5169,5640.7035,1319.2735
5170,5557.2425,1493.1395
5171,5392.6,1754.483
5173,5949.951833333333,2189.7915
5174,6898.1005000000005,2246.2833333333333
5175,6957.488714285714,2385.6451428571427
5176,7625.2724,2634.0582000000004
5177,1954.5536,3043.7732
5178,8030.291583333333,3051.5596666666665
5180,8535.348272727273,3531.588181818182
5181,4479.98,3788.444
5182,5113.602,3845.828
5183,1312.3938,3895.9118000000003
5185,9836.920399999999,4250.2064
5186,8305.2052,4518.8387999999995
5188,4420.529,5069.735
5189,10395.74,5596.532
5191,7969.1539999999995,6217.044666666666
5193,3675.6023333333337,6410.845
5196,10150.971428571429,6714.494428571428
5197,4464.5,6857.5
5198,4428.305333333334,6836.297666666666
5199,3652.318,6832.045
5200,7901.96825,7014.8435
5201,1868.698,7188.957571428572
5202,9221.971375,7241.931125
5203,10392.85,7273.9895
5204,2267.1418,7307.720200000001
5205,6604.476500000001,7422.5265
5206,7872.479,7456.479
5207,1121.369,7561.57725
5209,1603.9842,8111.7024
5210,896.6197500000001,8458.667000000001
5211,3356.1620000000003,8614.675
5212,533.4299,8639.689
5213,200.17042,8699.3106
5214,4379.111142857143,8910.281714285713
5215,3645.5499999999997,9090.960666666666
5216,4204.512,9120.384333333333
5217,3497.97975,9168.85925
5218,2230.0221111111114,9243.051666666666
5219,466.188125,9790.1335
5220,1047.42525,10006.615249999999
5221,3007.7703333333334,10420.983333333332
5222,1140.765625,10523.5875
5223,3149.3115,10599.285
5224,1799.3586,10781.734
5225,4381.3636,10943.6
5226,3190.2556666666665,11146.296666666667
5227,5235.0205000000005,619.4427499999999
5228,5207.0035,1721.5945
5229,5769.004,2138.7846666666665
5230,8509.558888888889,3220.984888888889
5231,4952.756333333334,3677.5536666666667
5234,4929.277,5659.128
5236,10895.289999999999,6270.248
5237,7688.487,6602.41
5239,3128.1395,7310.547500000001
5240,7196.4694,8394.4552
5241,4410.922500000001,8483.5655
5242,7348.258,8816.7056
5243,5834.69775,8951.55925
5244,4114.209666666667,9152.704666666667
5245,6235.425,9158.225
5246,1215.9715,9152.49375
5247,954.5374,10146.210000000001
5248,1675.796833333333,11302.81
5249,1800.8003333333334,11589.78
5250,1702.7193333333335,11618.31
5252,6141.001,1682.2978333333333
5253,5230.200888888889,1842.2344444444445
5254,2824.9721666666665,2041.7846666666667
5255,2812.0,2055.479
5256,5815.8189999999995,2264.1025
5257,4465.611333333333,2629.337666666667
5259,7912.340333333334,2795.8297500000003
5260,1943.851,3148.716
5261,5155.20825,3269.61175
5262,8217.821,4002.7895
5264,10680.328333333333,4711.804666666667
5266,10744.445,4792.220333333334
5268,10608.376,5207.2142
5269,3269.442,5622.233
5270,5210.435333333334,5932.966333333334
5272,3164.93,6279.895
5275,3860.468,6590.957
5276,8357.7615,6721.9835
5277,2183.9176666666667,6745.4185
5281,1582.4072,7004.5342
5285,2750.174,7279.5
5286,3114.421,7386.211
5287,654.85925,7393.28
5288,1489.647,7465.8947499999995
5290,4731.1,7858.2
5291,2956.0,7868.396
5292,2285.7270000000003,7963.635666666666
5295,6944.039200000001,8584.4156
5296,666.0344,8603.5535
5297,7302.113,8809.34
5298,6268.032333333334,9013.150333333333
5299,238.17033333333333,9143.603666666668
5300,5829.375,9211.7745
5301,4004.8720000000003,9261.7045
5302,4736.377333333333,9871.570666666667
5303,2421.146,10074.782500000001
5304,1601.8661666666667,11115.3525
5305,5546.303,420.4597
5306,4383.817999999999,1166.614
5307,4135.294,1627.176
5308,5301.586,1912.4589999999998
5309,3711.0614,2079.1022000000003
5310,5250.7593333333325,2277.3446666666664
5311,6966.230846153847,2520.5314615384614
5312,4706.749333333333,2631.3674444444446
5313,7734.0428,2668.9700000000003
5314,1953.6751666666667,2762.7248333333337
5315,6317.986,2878.352
5316,7181.454666666667,3220.269
5317,8889.026,4042.474
5320,7180.1445,4285.131
5321,2261.627,4934.935
5323,8285.083,4998.583
5324,2780.303,6156.818
5326,10755.17,6194.3279999999995
5328,10940.981666666667,6308.554
5329,7725.818,6293.659
5330,2458.618,6413.763
5332,1377.7626666666667,6616.789666666667
5333,9443.740916666668,6764.12975
5335,6038.235,6949.104
5336,4213.0834,6936.3864
5337,2777.6440000000002,6998.522000000001
5338,3892.1528333333335,7112.524333333334
5339,9043.2595,7142.50325
5340,8969.2175,7313.251499999999
5343,899.68895,7748.037
5345,2980.112,8186.612499999999
5347,3010.85975,8764.4585
5348,7090.32675,8897.70125
5349,6905.204833333333,8985.209499999999
5351,1229.262,9176.475857142857
5352,4446.7164999999995,9375.959499999999
5355,3500.0829999999996,9534.9715
5356,3847.7523333333334,9949.380666666666
5357,1228.878,10743.48125
5358,517.8039200000001,10782.984
5359,2071.3486666666668,10916.746666666666
5360,2066.889818181818,10950.155454545455
5361,712.9613666666665,11219.188333333334
5362,1306.042,11292.98
5363,2096.526125,11392.72125
5364,2496.733,11430.985
5366,4982.683,1058.146
5368,4804.069,1404.897
5369,5104.0962,1546.3706
5370,6011.846,1879.89
5371,2541.231,2875.5
5372,7470.765066666666,3567.2221333333337
5373,2230.0,4270.105
5374,2408.5,4290.7905
5375,7769.6638,4630.397199999999
5377,5154.348,5796.13
5378,6762.826999999999,6211.763999999999
5379,8158.818,6266.07575
5381,5932.667,6694.824
5382,2325.8959999999997,6804.7264
5383,5996.701875,6829.864750000001
5384,4790.623666666666,6872.360333333333
5385,10204.085,7174.42
5386,3893.7395,7234.132
5388,9226.629,7401.52525
5389,9265.6615,7589.424333333333
5390,4776.774,7708.925
5392,694.6300111111111,8082.905222222222
5393,4650.579,9036.171
5394,6706.314166666667,9138.175000000001
5395,1500.113,9481.717
5396,1193.6205714285716,9763.294571428572
5397,3553.526,9912.281
5398,884.9941142857143,10275.734285714285
5399,411.8318,10274.91
5400,842.81492,10391.484
5403,4952.4872857142855,1644.1415714285715
5404,4509.3215,1791.8745
5405,5751.365999999999,1890.1403333333335
5406,2262.874,2442.171333333333
5409,8774.9315,4207.8965
5410,7819.465333333334,4535.4963333333335
5411,10322.7,6007.426
5412,6748.429,6228.048
5413,4980.115,6433.115
5414,8427.633,6695.4
5415,4245.598999999999,6849.286666666667
5417,2682.9314999999997,6959.9855
5418,6530.424,7159.909
5420,898.6022666666667,7226.682333333333
5421,1568.811,7233.700555555555
5422,1781.4144999999999,8021.893
5423,8030.826,8158.121
5424,2779.4325,8210.896499999999
5426,1752.70525,8752.8635
5427,5898.156,8901.578
5428,6222.859,9046.014
5429,6548.7165,9334.80025
5430,3915.933,10239.119999999999
5431,2417.939,10900.487272727272
5432,1551.3133333333333,11018.62
5433,2970.700666666667,11358.800000000001
5434,3699.4798333333333,2036.0763333333334
5435,4787.377333333333,2265.5213333333336
5436,6375.5623,2381.402
5437,7247.424,4305.758
5438,1872.0529999999999,5058.7953333333335
5440,2808.08025,6155.66725
5442,3096.844,6398.5470000000005
5443,4877.34775,6481.36975
5445,7927.2225,6754.948
5446,9018.641800000001,7146.5744
5447,7700.565500000001,7213.9310000000005
5448,2543.3145,7434.4285
5449,9928.056,7623.389
5450,1430.938,7629.141
5451,4183.86525,7986.1695
5452,4600.567499999999,8080.41
5453,5162.4175,8630.9775
5454,2214.021,8639.83
5455,558.0837294117647,8747.709
5456,7132.0788571428575,8875.911
5457,6638.3266,9215.3458
5458,4608.418933333333,9267.525933333332
5459,6642.999,9376.152
5461,3134.3104,10769.934
5462,5596.2585,863.5626
5463,5186.758,906.0746
5464,5111.9945,1432.9695000000002
5465,5057.7195,1481.0625
5467,5736.188,2208.897
5468,3608.046,3300.989
5469,8469.231,3596.793357142857
5470,6944.94225,3622.87925
5472,10919.347142857145,5280.616142857143
5473,10952.985,5414.139833333334
5474,7714.015,6510.1415
5475,4452.704,6620.241
5476,1509.2487142857142,6642.669285714285
5477,3945.701,7065.0175
5478,1296.3953999999999,7136.844999999999
5479,4505.2405,7162.273
5480,7571.99,7481.884
5481,3219.76,7748.48
5482,4814.077,7707.173
5483,4632.483,7720.766
5484,4636.405,7748.619
5485,8763.295999999998,7846.871999999999
5486,6191.814,7961.7005
5487,4319.8351999999995,8363.464
5488,4435.9972,8946.4434
5489,6057.8305,9354.845000000001
5490,2467.2578000000003,9526.771799999999
5491,4343.980333333334,9625.784
5492,5288.12825,9756.6005
5494,2069.84,10300.79
5495,3931.317,10781.45
5496,1752.0542,11124.828
5497,3457.5325000000003,11429.205
5498,4070.2046666666665,2489.935
5499,5855.460166666667,3043.045
5500,8658.5756,3669.9856999999997
5501,7332.243666666666,3685.5363333333335
5502,1725.897,4269.357
5504,5894.583,6001.583
5505,11062.986666666666,6887.531
5506,6416.678,6915.504857142857
5507,10425.19125,7276.934625
5508,7479.848666666668,8410.958333333334
5509,680.3174,8439.087
5511,3507.7623999999996,8658.858
5513,2712.2076666666667,9598.157
5514,891.5372,9588.461142857142
5515,1391.0974999999999,9810.797
5516,2895.5604,10388.306
5517,2049.1172500000002,10437.6075
5518,3160.773,10495.68
5520,5147.85,734.15
5521,5236.3848,773.1012000000001
5522,5437.243,1618.371
5523,5455.7135,1792.9219999999998
5524,4872.65,2460.4605
5526,5369.613,4126.063
5527,8041.464,4520.484666666667
5528,7631.51775,5671.9755000000005
5529,10424.13,6059.0
5530,9158.41,6097.513
5531,2670.1145,6230.14225
5532,2134.59175,6398.031375
5533,1831.9569999999999,6562.5085
5534,5245.824,6663.176
5535,5059.01,6846.8925
5536,3989.317,6992.974
5537,5204.432,7146.486
5538,4161.935666666667,7185.649666666667
5539,2648.017,7503.22
5540,489.4895142857143,8655.068714285715
5541,4808.772166666667,8951.016
5542,4690.8252,9042.3166
5543,1533.407,9473.278
5545,696.65656,9986.6368
5546,3463.1636,10260.256
5547,3184.4904,11484.174
5550,4438.982,1126.071
5551,5404.702909090909,1888.615090909091
5552,6223.935333333334,1940.9089999999999
5553,7797.246625,2551.366
5555,5152.126857142857,3541.6267142857146
5556,7087.8415,3606.7110000000002
5557,8422.739,4537.520571428571
5558,10909.333,5404.7432
5559,10948.515,6228.6115
5560,6811.667,6238.222
5561,10526.04,6435.3495
5562,9968.800076923077,6720.866076923077
5563,5253.6642,6821.0568
5564,6045.237,6835.4105
5566,8996.4015,7045.52
5567,1739.8756666666668,7052.456333333333
5568,4677.1635,7240.5355
5570,8369.759,7532.367
5571,2250.561,7646.881666666667
5572,7588.096,7905.135
5573,4340.874666666667,7999.907666666666
5574,4430.17575,8273.41275
5575,4368.49075,8354.79975
5576,6261.24625,8536.35225
5577,4112.587285714286,8539.307142857144
5579,4767.420333333333,8842.834
5580,1375.3986363636363,8950.665363636364
5581,6067.8386666666665,8971.341666666667
5582,251.2467,9185.273333333333
5583,3483.9336666666663,9281.334222222222
5584,4484.145,9362.2015
5585,3942.2968,9419.047
5586,3492.5860000000002,9428.912499999999
5587,1936.0054285714286,9917.984142857142
5588,785.2130999999999,10789.0975
5589,485.9600666666667,10890.556666666665
5590,5212.328,302.082
5591,4945.746,1925.5575
5592,4217.625,1992.438
5593,6483.9191,2403.436
5594,8559.299333333334,3354.0846666666666
5595,5520.846333333333,3367.002
5598,10579.11,6707.6724
5599,4989.105,7089.158
5600,1898.6186666666665,7216.792666666667
5601,8732.762,7821.119
5602,4029.426,8131.335666666666
5603,6371.6908,8282.6822
5604,4563.822,8410.2875
5605,5648.966,8632.085
5607,2229.026,8805.0105
5609,5022.66,9624.894
5610,1153.8383333333334,10639.196666666667
5611,4945.599142857143,2866.7001428571425
5612,2796.824,3182.176
5613,5284.792,4280.146
5616,4021.8775,6595.7335
5617,10657.72375,7063.5475625
5618,7511.034,7122.655
5619,2599.63625,8243.371
5620,923.68965,8467.404999999999
5621,2967.00175,8934.232250000001
5622,3808.752,9455.41675
5623,4448.5145,9629.089
5624,1666.5711428571428,9882.264
5625,3900.8583333333336,10787.996666666666
5626,3904.007,10843.52
5628,5114.814,600.2286
5630,3109.954,1746.512
5631,2513.561,1932.1945
5632,4377.006,1983.688
5634,7623.19,2641.429
5635,7730.10375,2638.7635
5636,7576.767666666667,3802.0896666666667
5637,7106.952499999999,4048.93625
5639,6741.649,4279.684
5640,2015.564,4472.655
5641,8036.200333333334,4710.367
5643,1860.0672,5030.6642
5645,3061.663,5937.7725
5647,10477.08,6220.919
5648,7476.432,6377.75
5649,10870.213125,6443.3954375
5650,3052.729,6443.729
5651,10108.39,6505.495749999999
5652,2284.89675,6525.63225
5654,11070.955714285714,6645.811142857143
5655,4503.611,6839.963
5656,2261.874363636364,6891.320727272728
5657,3416.798,6916.011
5659,4568.359,7012.984
5660,6373.285333333333,7132.923
5661,8863.215666666665,7208.903666666666
5662,8935.087,7316.733
5663,9441.727499999999,7449.956333333333
5664,10107.425000000001,7529.580666666666
5665,338.50115714285715,8151.790142857143
5666,6248.474636363637,8161.9745454545455
5667,2685.042,8251.271
5668,4304.1412,8257.4284
5669,3637.1839999999997,8299.229199999998
5670,6132.628,8327.583166666667
5671,933.59112,8440.3182
5672,3243.821,8454.946
5673,7258.226545454545,8497.749363636363
5674,6607.247181818181,8820.48390909091
5675,4408.525142857143,8979.134714285714
5676,2303.6104,9090.6492
5677,1399.61675,9092.614
5678,201.45603333333335,9170.392
5679,1523.48225,9322.7115
5680,4871.9045,9352.841
5682,2989.5535,9482.165
5683,1468.511,9598.929
5684,2465.796,9979.0126
5685,1116.38075,9988.145
5687,1986.001,10188.086363636363
5688,790.4635000000001,10289.865000000002
5689,3073.784,10544.765
5690,4672.2444000000005,10550.556
5691,2089.52175,10608.5625
5693,712.7274000000001,11263.571666666665
5694,3297.391,11395.470000000001
5696,4817.522666666667,630.3044333333333
5697,5235.6582,974.22924
5699,5162.814,1807.915
5700,5268.882,1886.42
5701,2623.953,2118.349
5703,6666.5088000000005,2266.7032
5704,6494.319166666667,2347.461333333333
5705,4812.0869999999995,2411.3334999999997
5707,7862.302625,2694.23625
5709,4839.3634999999995,2992.0275
5710,6910.634571428571,3246.840142857143
5711,6730.709000000001,3319.3230000000003
5712,6517.741,3826.593
5713,2023.3405,4600.869500000001
5714,2060.5162,4598.514
5716,8309.405,5006.69
5723,8230.850125,6299.458875
5724,2100.3328181818183,6413.463363636363
5725,5725.23225,6454.35225
5726,2874.469,6604.125
5727,7132.0,6740.5
5728,5676.3915,6811.166499999999
5729,8270.332333333334,6876.086
5730,6125.8516666666665,6896.003333333333
5731,2674.3613333333333,6978.921666666666
5732,2944.0,6997.548
5733,2322.3576000000003,6997.776
5734,4295.952375,7039.5925
5735,4109.3485,7056.5225
5736,2223.2503333333334,7154.2905
5737,4756.674,7203.674
5739,691.1306999999999,7293.543
5740,2385.5105,7380.2725
5742,3743.01125,7493.72325
5743,6704.133,7515.833
5746,1077.6312,7680.3678
5747,1328.911,7795.489
5748,1402.8903333333335,8015.016666666666
5749,1332.4795,8202.646
5750,2631.618,8470.176
5751,7020.88,8593.983333333334
5752,2802.66,8695.45975
5755,3010.521375,9038.56175
5756,3426.491,9106.07
5757,4544.6775,9128.477499999999
5758,1426.5745000000002,9132.93
5759,270.119,9244.565
5760,3792.30775,9265.3165
5761,1406.4676666666667,9405.609666666667
5762,5799.889,9472.037
5763,3674.847,9534.932
5764,4901.440666666666,9803.866666666667
5765,999.82875,10029.369999999999
5766,2618.619875,10204.20875
5767,3183.657142857143,10245.647142857142
5768,2312.374142857143,10390.855714285715
5769,1918.333,10459.78
5771,1575.336,10664.61
5772,1829.3222,10812.194
5773,2080.618,10857.1175
5774,2006.45175,10926.1075
5775,3491.1405,11452.79
5776,2913.103333333334,11574.24
5777,5515.829,432.2857
5778,4793.298,1034.5426666666667
5779,5365.772,1762.4861666666666
5780,5949.048,1798.31
5781,5483.406,1824.6399999999999
5784,5542.961,2321.196
5785,6469.192999999999,2380.4145
5787,9138.8865,4334.8814999999995
5788,10603.606666666667,5085.179666666667
5789,2411.4,6250.938
5791,7972.3315,6358.64375
5792,10792.22,6487.821
5794,2445.24375,6625.236375
5796,3676.244,6854.439
5797,6593.952,6910.881
5798,10235.095,7154.81575
5799,1270.8578888888887,7173.803888888889
5801,6435.713142857143,7253.935142857144
5802,9812.9712,7395.6990000000005
5803,1631.643,7771.875
5804,472.2991,7851.922
5806,3166.095,8276.651
5807,661.0830333333333,8366.060555555556
5809,5958.9992,8936.814999999999
5810,288.19627142857144,9098.6865
5811,6650.151,9263.411
5812,4530.2345,9332.601833333332
5813,4923.41775,9886.1205
5814,1614.091,10251.1125
5815,998.49955,10298.951666666666
5816,4245.4105,10544.745
5817,2644.2360000000003,10764.108571428571
5818,3810.907333333333,10998.029999999999
5819,2445.11125,11103.705
5820,3137.228,11214.14
5821,3849.745,11255.607999999998
5822,2609.833,11623.5025
5823,5721.095,1371.476
5825,5349.814,1500.4522499999998
5826,5446.225,1630.1605
5827,7568.478857142857,2574.423
5829,9552.5814,4064.251
5832,4246.278,6248.056
5833,10754.45,6312.9585
5834,1980.508,6475.19
5835,9890.5445,6494.86
5836,10270.108571428573,6557.434
5837,5749.731,7046.654
5838,3957.7975,7101.5525
5839,8963.403571428571,7205.106714285715
5841,6176.393,8345.648166666666
5842,4541.34,8385.9
5844,3283.663666666667,9053.728000000001
5845,3985.2875000000004,9122.163
5846,4484.014,9376.176
5847,5597.385,9568.077
5849,3408.907,9983.302
5850,3577.5669999999996,10454.32
5851,2592.6788571428574,10994.408571428572
5852,3139.656,11026.03
5853,1751.9983333333332,11279.375
5856,6627.0143333333335,2275.404
5857,6527.723000000001,2302.569
5859,5055.5,3216.262
5860,7292.884357142858,3578.398285714286
5863,10696.416666666666,6053.155666666667
5865,1898.2786,6382.4438
5866,1411.1315454545454,6762.382363636364
5867,8864.353599999999,7231.977000000001
5868,4383.670749999999,8039.2162499999995
5869,4327.404,8556.0
5871,2993.1398,8622.574799999999
5872,4622.5575,9041.83
5873,5702.146,9556.683
5874,2233.664,9652.6055
5875,3871.6704,10067.566
5876,3511.9269999999997,10149.3525
5877,2011.8335,10227.189999999999
5878,3287.124,10485.047999999999
5879,3023.13875,10892.69
5880,2297.7658,11223.217999999999
5883,6484.5205000000005,2581.878
5884,4351.727,2747.818
5885,6602.049888888889,3100.9955555555553
5886,5853.339230769231,3116.7173846153846
5887,6917.895666666667,3646.3513333333335
5888,9632.071,4556.0
5889,9174.4945,4559.2275
5890,9995.163,4770.939
5893,10792.254285714285,5158.781285714285
5895,4916.817499999999,5585.843
5897,11089.61,5830.3165
5901,9647.047,6535.996666666666
5902,1866.8671666666667,6576.066666666667
5903,10293.467499999999,6616.07075
5904,10807.441428571428,6628.709428571428
5905,2562.393,6723.406333333333
5906,2709.1125,6876.813
5907,2610.7457999999997,6948.1708
5908,8746.941,7040.863
5909,10333.833333333334,7127.837333333334
5910,8059.219999999999,7182.5435
5914,6581.524,7258.929
5916,7938.073,7393.236
5917,1694.01875,7508.59975
5918,666.33084,7609.8262
5920,3657.94,7872.964
5921,5008.242,7886.697
5922,920.1445,7923.599666666666
5923,4287.0067500000005,7986.94075
5924,4404.674,8067.174
5925,1765.4316666666666,8091.529333333333
5926,1291.9295000000002,8224.086500000001
5927,1148.539,8440.842
5928,2058.36375,8516.02825
5929,1693.6766666666665,8611.032666666666
5930,6820.067,8710.5
5931,6068.555333333333,8777.740333333333
5932,5761.81575,8789.876
5933,4500.623666666666,8945.686666666666
5934,5670.632,9005.093499999999
5935,3748.50225,9350.43425
5936,5554.11725,9414.4335
5937,2949.1639999999998,9457.98725
5939,749.5875599999999,9653.9328
5940,5653.73525,9750.57925
5941,2415.5834,9960.0216
5942,804.05645,10249.8
5943,1404.3025,10463.58
5944,3944.6575555555555,10506.537777777778
5946,2694.8903333333333,11529.623333333331
5949,5858.508666666666,1989.4323333333334
5950,4986.105666666666,2366.5056666666665
5951,2229.156,2736.844
5952,5828.27875,3047.89375
5953,8366.34792857143,3044.3315714285714
5954,2177.4465,5192.7495
5955,8485.18,6185.656
5956,8459.811,6470.811
5958,3202.5525,6778.0875
5959,4183.697,6859.598999999999
5960,5444.189,6943.811
5961,3606.804,7166.165666666667
5962,4438.405,7290.342
5963,9156.557,7348.534
5964,5170.409,7709.481666666667
5965,4951.984,7867.959
5966,1053.2933636363634,7892.611363636364
5968,3316.7835714285716,8494.963857142857
5969,6435.5,9187.0
5970,4108.4375,9186.0525
5971,2287.2,9284.16025
5972,1041.3001428571429,9508.228142857144
5973,257.274575,9988.94375
5974,4768.8805,10545.375
5975,5044.625,595.0474999999999
5976,4539.30275,1315.704
5977,6021.0,1464.105
5978,4868.969,1599.99
5979,4624.5435,1653.8695
5980,5059.803,1686.082
5982,4816.839333333333,2626.503666666667
5983,7247.366666666666,2655.169
5984,8138.477055555555,2804.036555555556
5986,1284.9506,3942.4590000000003
5987,9079.6445,4017.08125
5988,1251.221,4018.126
5990,10108.945,4901.9485
5991,3304.114,5512.0
5993,5087.089,5969.089
5994,7128.967,6021.533
5997,10004.97,6402.774
5998,10955.9825,6405.1015
5999,10812.1,6490.815
6000,9931.645666666665,6512.678333333333
6001,2321.71,6569.59275
6002,4679.5,6617.37
6003,5866.7585,6857.8035
6004,5145.034,7199.362
6005,9239.6716,7209.9562000000005
6006,2124.3885,7333.0675
6009,4929.6,7791.6
6010,1761.674,7844.674
6012,8634.269199999999,8053.8654
6013,6177.412,8090.64125
6014,3995.875,8108.417
6015,7895.324857142857,8205.768285714285
6016,1092.1896666666667,8224.846666666666
6017,1791.191,8398.3105
6018,4635.126499999999,8666.736499999999
6019,5574.6235,8681.183
6020,3109.877,8893.284
6022,5284.528833333333,8946.615333333333
6023,1083.69575,9014.672
6025,1542.092,9421.669
6026,2702.443,9631.8662
6027,3974.3,9712.078
6029,1366.548,10138.855
6030,1570.5675,10265.10625
6031,2282.868,10380.123333333335
6032,4465.6646,10724.418
6033,2070.4802727272727,10989.712727272727
6035,1901.757,11232.14
6036,3804.4555,11392.380000000001
6037,1898.47925,11551.305
6039,5012.6855,955.1451500000001
6040,4879.175499999999,1321.975
6043,8682.035285714286,3375.128142857143
6046,2649.583,6187.569
6047,4707.613,6177.0
6048,5676.529,7285.4325
6049,8319.889,7282.1669999999995
6051,5118.676,7831.245
6052,1620.8190000000002,7914.798333333333
6053,1124.255,8145.745
6054,1912.7855,8422.752
6055,5059.751833333333,8725.349833333334
6056,169.62935,8861.942
6057,1729.697666666667,8956.078666666666
6058,4645.364,9150.5305
6059,2008.54,9234.234
6060,3797.4615,9577.3655
6061,4832.841,9885.068
6062,2769.3283333333334,9991.701
6063,3620.0388,10195.276000000002
6064,2658.4744285714287,10561.691428571428
6065,5127.0,1695.0
6066,5315.347,1710.469
6067,4666.541,1717.216
6068,6208.694,1876.9853333333333
6069,6226.182,1899.1643333333334
6070,4281.539333333333,2069.2843333333335
6072,5799.333500000001,2430.987
6073,6739.94,2617.88
6074,6515.853,3149.0826
6075,1551.2531666666666,3225.3141666666666
6076,8162.0795,3693.902
6077,8176.4946666666665,3783.2763333333332
6078,8513.1386,3962.2395000000006
6079,8099.52375,4262.68375
6080,10233.542,4358.2948
6081,9326.8,4477.5
6082,10805.874,5043.479600000001
6084,10479.866666666667,5464.7863333333335
6090,4237.787,6310.59
6091,4217.5,6353.313
6093,5684.364333333334,6710.363333333334
6094,6912.881,6766.381
6097,5167.455,7483.169
6098,1076.6895714285713,7721.005428571429
6100,8075.4130000000005,7890.69
6101,1649.7996666666668,8318.280499999999
6102,1687.674,8333.908666666668
6103,1913.375,8585.9005
6104,3560.4865,8576.3535
6106,1365.7155,8710.053
6107,882.6544,9474.336000000001
6108,2331.571,9472.214
6109,5288.924,9638.367
6110,1486.616,9655.394
6111,150.95738,9656.0911
6112,3498.922,9667.521499999999
6113,4574.792666666667,9685.088666666667
6115,1094.6103333333333,9846.719333333333
6116,4377.686333333334,9949.173499999999
6117,1684.579,9958.9445
6118,1261.755375,10129.9125
6119,921.1678999999999,10274.215
6120,1379.1823333333334,10460.456666666667
6121,1137.38975,10621.645
6122,1754.957,10698.18
6123,1670.474,11569.58
6124,5512.628,1009.4358666666667
6125,5385.8904999999995,1566.7675
6126,5497.507,1868.315
6127,5174.147,1875.31575
6133,9325.153666666667,3847.3763333333336
6134,8805.612799999999,4052.6454
6135,10744.331666666667,4881.6894999999995
6140,10403.395,6404.558000000001
6144,10264.54,6629.152
6145,1582.6833333333334,6627.045166666667
6146,9557.0326,6771.6418
6147,5610.0,7055.105
6148,6394.083,7092.222
6149,3183.145,7275.855
6150,8678.324428571428,7332.088857142857
6152,1555.35,7575.7838
6153,9941.025,7591.75
6154,9956.722,7701.056
6155,7850.6353333333345,8380.21
6156,713.1890900000001,8405.9702
6157,7666.052428571428,8474.191571428571
6158,5843.245,8554.907799999999
6160,2541.887,8799.847666666667
6161,2154.91625,8799.37875
6162,3728.884076923077,9003.145384615385
6163,5968.261666666666,9297.800333333333
6164,2187.2273333333337,9319.497000000001
6167,215.7127833333333,9801.775666666666
6168,4514.392,9950.0622
6169,3323.2191999999995,10482.524
6170,1109.703,10540.455
6171,4254.112,10562.15
6172,1929.1901666666665,10915.235
6173,984.71865,10994.195
6174,5592.0,751.56
6176,5320.68425,1692.75625
6177,5237.057666666667,2152.9183333333335
6179,6303.224333333333,3151.3950000000004
6181,8625.506,3287.682714285714
6182,3597.8,3379.5
6183,4962.592666666666,3915.8243333333335
6184,10294.678,4546.8344
6187,2819.6245,5831.343000000001
6189,7803.278,5962.278
6190,2189.648,6083.141
6191,10656.22,6395.683
6193,3807.8345,6537.6
6194,5946.9955,6652.189
6195,4688.824,6781.176
6196,8664.786199999999,7298.8492
6197,7943.904909090909,7324.146272727273
6198,3705.7598333333335,7354.341833333333
6199,768.95476,7518.649
6200,4553.993,7611.5560000000005
6201,1474.8310000000001,7698.760166666667
6203,3333.259,7823.4955
6204,1903.3381428571429,7976.802142857143
6205,2138.431666666667,8024.211
6206,4688.387,8171.484
6207,2082.758333333333,8292.704166666666
6208,7513.1939999999995,8569.375
6209,5030.734,8573.968
6210,6239.9545,8605.0915
6211,1714.0142500000002,8642.4185
6212,1201.764,8837.367333333334
6213,6074.072666666667,8875.915666666666
6214,3340.6964,9048.3352
6215,1139.5322222222221,9092.407
6216,6191.838,9143.392
6217,5087.761714285713,9227.070714285714
6218,4843.13,9365.707999999999
6219,4289.706833333334,9520.8035
6220,2185.6369090909093,9522.656363636364
6221,4234.268,9660.610999999999
6222,5387.246,9687.281
6223,1916.1262857142858,9878.990857142857
6224,3952.9112,10795.76
6225,1822.3986666666667,11123.043333333333
6226,2869.493,11137.2625
6227,5537.553,224.1974
6229,5325.951333333333,1070.211
6231,4850.183,1676.596
6233,8051.3751999999995,2642.6266
6234,3772.053,2715.316
6235,6009.773499999999,2741.696
6237,7121.357727272727,3095.8913636363636
6238,5959.753555555555,3141.3
6239,8658.9,3205.86
6241,5434.6605,3437.8940000000002
6242,9663.323,3764.277
6243,7028.711499999999,4130.9125
6245,8504.647142857142,4176.498142857143
6247,2278.067,4332.85
6248,1841.0455,4382.6939999999995
6250,3250.724,5172.988666666667
6251,3042.984,5954.8355
6252,6454.778,6033.667
6253,2332.163,6098.6675
6254,7583.896000000001,6356.132333333334
6255,1771.6209999999999,6482.8421
6256,2184.8797999999997,6634.544199999999
6257,2464.0705555555555,6670.216111111111
6258,4860.963333333333,6872.752333333333
6259,8332.057,6923.4775
6260,10298.648,7155.8772
6263,5733.778,7212.667
6264,951.6300333333334,7228.625666666667
6266,6731.935,7367.016
6268,8030.1,7525.0
6269,1636.9816666666666,7625.557333333333
6270,3991.026,7659.999
6271,738.0369499999999,7693.0003
6273,2898.318,7847.227
6274,4708.751333333334,7840.394666666667
6276,4172.989,8120.2335
6277,1068.5972857142858,8203.460428571429
6278,3761.5364444444444,8268.500666666667
6279,6034.1165,8362.85325
6282,1180.6808,8539.2294
6283,5139.2445,8784.65975
6284,6150.4425,8934.42575
6285,4523.665,9012.29
6286,2762.7639999999997,9423.249
6287,4356.301600000001,9441.488800000001
6288,5594.7322,9483.627199999999
6290,125.15806666666667,9490.538666666665
6291,4307.5515,9518.3745
6293,4274.83825,9593.759
6294,5160.863,9751.581999999999
6295,2844.316666666667,9795.737666666666
6296,3804.189,9838.811
6297,4272.5355,9847.812
6298,4468.17,9985.1015
6299,3841.5979999999995,10048.829999999998
6301,2308.2545,10235.8
6303,3323.911,10509.18
6304,4421.083333333333,10967.306666666665
6305,5182.1825,2146.5155000000004
6306,5327.624,2329.7565
6307,5296.388499999999,2447.821
6308,5082.777625,2510.46775
6309,7870.272818181818,2851.772090909091
6310,7052.0771,3259.6171999999997
6311,7225.6878,3694.4508
6312,7543.0076,3672.2911999999997
6314,5239.6175,4199.982
6315,1829.0945,4562.8724999999995
6316,10566.9,5520.0
6317,3154.3109999999997,5624.157999999999
6319,5775.364,6109.727
6321,10300.502,6414.049
6323,1304.6620555555555,6703.718111111111
6324,1418.6685714285716,7047.605285714286
6325,4125.270333333334,7254.766
6326,5428.16,7293.333
6328,7765.02,7563.98
6329,765.43444,7619.4716
6330,8770.316,7883.5
6331,1254.9935,7887.787499999999
6333,7411.81709090909,8432.974454545454
6334,790.8928,8621.8454
6335,2657.675,8828.1125
6336,3742.1323333333335,8943.577333333333
6337,1623.1874,8984.856600000001
6338,202.2248,9066.411666666667
6339,4468.148888888889,9842.361444444445
6341,3440.406,9927.988
6342,3252.911,10073.244999999999
6343,1889.5574285714285,10113.131428571429
6344,2097.626,10156.96
6345,3178.57,10328.58
6346,4245.911,10482.621666666666
6347,1474.8207499999999,10759.645
6348,1959.19,10912.84
6349,5415.82375,208.317225
6350,5592.245,331.8367
6351,4733.678,1055.542
6352,6133.654,1758.1485
6353,6198.62075,1967.02325
6354,7516.187153846155,2822.2786153846155
6355,5984.2995,2931.801
6356,4494.838,2946.2974999999997
6357,8794.574499999999,3370.2135
6358,5404.6720000000005,3516.5216
6359,9212.536857142857,4010.632857142857
6360,8551.596,4193.83
6362,2036.752,4558.3295
6363,10912.34,6240.7665
6364,10457.46,6339.593
6365,6776.618,6307.485
6367,5277.175499999999,6752.097
6368,5713.485666666667,6893.024
6369,5309.36125,6892.22325
6370,5404.0,6889.105
6371,5531.3295,6950.715
6372,2682.171,7220.286
6373,760.8296888888889,7546.138444444445
6375,3972.1345,7735.0545
6377,566.6074,8213.205333333333
6378,3292.9224999999997,8768.703000000001
6379,3973.175142857143,8830.760142857143
6380,5952.2145,8895.21625
6381,4533.128333333333,9047.725333333334
6382,910.1535166666667,9034.733333333332
6383,3728.045,9049.348
6385,6031.319,9265.261
6386,4319.585,9595.525
6389,4932.923000000001,9631.1818
6390,1070.233,9703.283571428572
6391,4595.0795,9790.313999999998
6392,4815.19625,9808.74225
6393,1565.055833333333,10628.825833333334
6394,1709.80525,11123.9625
6395,5476.936666666667,669.8703333333333
6396,5233.3544,1315.858
6397,5413.191,1932.75
6398,5456.027,2501.216
6399,1746.103,2896.103
6400,7260.851142857143,3063.4287142857142
6401,1551.74625,3297.04425
6402,9129.777666666667,3812.3444444444444
6403,6250.489,3868.915
6405,9072.468,3982.4165000000003
6406,5540.137500000001,4026.73975
6408,5370.028,4065.606
6409,10073.03,4240.663666666666
6410,8121.4498,4285.4312
6412,2949.696,6196.255
6413,5378.165,6363.631666666667
6414,3832.0,6548.404
6415,10355.057333333332,6574.721866666666
6416,8745.419,6627.0
6417,2186.0095714285712,6682.329
6418,5318.757,6820.0385
6419,3822.833,7095.619
6420,7554.222,7240.378
6422,1639.1125,7902.108
6423,4463.7880000000005,7973.923
6424,6376.4485,8020.499
6425,618.8213499999999,8650.1715
6426,6394.386,8635.857
6427,1321.69,8678.405
6428,6848.107,9030.1155
6429,5368.0,9467.522
6430,5511.592500000001,9479.146
6431,4554.473166666667,9671.227833333332
6432,2555.2766,9924.526000000002
6433,646.09958,10038.297999999999
6434,2448.674,10059.67
6435,2800.2219999999998,11191.323333333334
6436,5541.306,1662.673
6437,5073.819,1676.928
6438,6162.1444,1973.9862
6439,5272.942,2138.139
6440,6027.08675,2286.401
6441,5233.225,2482.7625
6442,7366.659750000001,2917.4895
6445,2016.824,4579.3240000000005
6446,3104.827,5834.9225
6447,8031.636,6178.545
6448,8008.568,6202.1855
6449,7111.589666666667,6448.3606666666665
6450,9908.954916666667,6666.95825
6451,2546.565,6702.435
6452,9797.4755,6861.677
6453,6939.617,7083.3645
6454,9601.553,7098.939375
6455,1368.9895000000001,7207.367
6456,2391.322,7498.22
6458,3334.727,8519.131000000001
6459,7284.860666666667,8834.22
6460,6008.701,9261.776
6461,2267.536,9462.12742857143
6462,4748.9490000000005,9757.905999999999
6463,5285.1175,9924.061
6464,2013.1513333333332,9975.275333333333
6465,976.7424,10060.359999999999
6467,1782.241,10409.36
6468,3778.3125,10455.9575
6469,1346.798,10502.86
6470,1934.9425,10732.25
6471,6049.066333333333,1534.9950000000001
6472,6156.0470000000005,1637.1452000000002
6473,5558.534,1942.892
6475,5571.108166666666,2279.152666666667
6476,7816.8805999999995,2488.572
6477,4265.022,2660.87
6478,7428.414,2792.676
6479,5292.398,3100.71775
6480,5928.819333333333,3146.8333333333335
6481,7097.320642857143,3184.6862142857144
6482,5794.437,3450.6245
6483,8454.946888888888,3468.994888888889
6485,5285.807625,3615.388
6488,9324.044,4064.5515
6489,7093.0351666666675,4104.873166666667
6491,5242.829,6484.683
6492,10272.037142857142,6589.513571428572
6494,2758.744,6844.5
6495,5745.889,6939.352
6496,8219.922,7131.859
6497,882.3296399999999,7213.0869999999995
6498,4915.302,7231.14
6499,1025.6965,8380.222
6500,3814.8805999999995,8434.480800000001
6501,6085.6402,8703.8078
6502,7261.663666666667,8842.718
6504,1224.7516,9033.002
6505,924.2425299999999,9321.164
6506,4936.616,9335.779
6508,3990.457,9520.652
6510,2949.5665,9842.121
6511,2575.5776666666666,9955.633333333333
6512,3730.3135,10087.625
6513,3066.302,10158.92
6514,4283.0481666666665,10220.741666666667
6515,4208.2498,10358.606
6516,1865.45175,10593.575
6517,2046.0115,10739.761
6518,5491.6,485.6632
6519,4665.5,840.0
6520,5417.01125,971.6547
6522,4553.28,1253.4
6523,5394.5504,1266.0684
6525,5277.486666666667,1395.878
6529,5613.044,1679.5504999999998
6530,5831.160333333333,1681.2406666666666
6532,5312.273,2157.364
6533,4383.19,2176.0
6534,5171.75,2207.136
6536,5170.8755,2244.101
6538,5504.486,2307.73
6539,5275.835,2460.647
6540,2136.0985,2490.7247500000003
6543,7710.112,2790.1615
6544,7820.62523076923,2868.9521538461536
6545,8344.4225,2961.385
6546,8362.050333333333,2979.734
6547,5241.28,3094.601666666667
6549,8794.909692307692,3400.5045384615387
6551,1770.8363333333334,3486.134
6552,5437.977428571428,3510.101857142857
6554,8718.901714285714,3841.811
6556,5275.984,3940.177
6557,5235.3556,4116.865
6558,8338.97725,4112.61925
6560,5312.613,4318.0
6561,8732.816,4445.6759999999995
6563,10374.106666666667,4577.626
6565,6264.6,5799.6
6568,9456.724,6373.263333333333
6569,3129.114,6439.405
6571,5651.0,6622.5
6573,8128.940666666666,6664.144
6574,10075.644285714285,6723.316428571428
6575,1648.878888888889,6815.619111111111
6576,2624.694,6908.412
6577,3959.103,7025.971
6578,3963.85,7041.225
6579,828.2794099999999,7251.318000000001
6580,7604.9535,7247.335
6581,3521.917,7295.833
6582,4137.325333333333,7377.844
6583,3381.526,7403.719
6585,9927.036,7575.823333333334
6587,9933.9,7637.767
6589,668.5704999999999,7640.904666666666
6591,1147.714,7722.4685
6592,1435.7425,7745.491
6594,8323.045,7871.1675
6595,8245.6665,8065.871999999999
6596,2157.924,8197.924
6597,333.42170000000004,8462.419
6598,3032.56225,8647.3095
6599,6686.95,8653.183
6600,4213.7115,8706.8185
6601,3137.096666666667,8858.555
6602,4319.938,8874.7785
6603,2954.713,8989.554
6604,2986.51375,8997.0995
6605,3461.066,8977.852
6606,7028.889,9102.21225
6607,5803.859666666666,9253.563666666667
6608,1066.5,9440.0
6609,6300.806500000001,9475.118
6610,6368.561,9516.743999999999
6611,487.77261428571427,9537.41242857143
6614,4533.68325,9802.950375
6615,2807.1965,9967.716499999999
6616,3622.347,9974.347
6617,1119.68175,10029.23
6618,2357.1355000000003,10034.69
6620,4491.652333333333,10061.213333333333
6621,2562.775,10095.44
6622,1045.634,10130.34
6624,4268.2895,10273.8525
6626,1448.447111111111,10346.574444444444
6627,4425.753,10404.03
6628,4521.0972,10487.412
6629,5013.7352,10488.498
6630,1409.2426666666668,10613.168333333333
6631,1984.61475,10677.2
6632,2242.5836,10791.39
6633,1901.1193333333333,10855.13
6634,4055.594,10895.5
6635,3567.25,10942.53
6636,4037.3295,11030.451
6637,1407.012,11512.9
6638,1971.3213333333333,11538.660000000002
6639,5591.890666666666,420.1035
6640,5706.891,506.5091
6641,5550.969666666667,1349.0829999999999
6642,5507.171,2509.286
6643,5260.274285714286,2545.342857142857
6645,5119.2245,3152.04625
6646,8812.891714285714,3776.4385714285713
6648,10829.938,5156.0634
6650,10710.851666666667,5490.63
6651,5420.0,6545.5625
6652,4600.8634999999995,6724.297500000001
6653,5508.1355,6873.361000000001
6654,4118.74475,6879.921
6655,1431.8639999999998,7019.375499999999
6656,1946.0492,7054.9904
6657,6513.647666666667,7348.060333333334
6658,7655.687,7493.395
6662,2291.304,7776.955800000001
6663,2244.244,8157.707
6664,5859.086571428571,8507.27042857143
6665,7535.803,8561.318
6666,5663.025,8670.525
6667,3277.263,8758.974
6668,4365.655333333333,9044.627833333334
6669,1526.403,9059.662
6672,1625.444,9553.889
6673,689.86205,9569.2415
6674,3845.6839999999997,9688.880333333333
6675,3817.54325,9697.52925
6676,3352.075,10049.83
6677,3967.565,10097.685
6678,971.6809333333334,10193.6
6679,4056.8596666666667,10861.42
6680,2129.379,11420.523333333333
6681,5385.393,115.35714999999999
6682,5698.4130000000005,954.9881
6683,5999.061,1155.5414999999998
6684,5219.797666666666,1449.5123333333333
6685,2873.256,2095.667
6686,7892.2335555555555,2772.712666666667
6687,4692.983,2873.8669999999997
6688,7332.435,2869.71
6690,4871.847,3028.5645
6691,7389.991636363636,3250.183272727273
6692,5572.5595454545455,3457.9177272727275
6693,7193.904,3708.865
6694,8772.287,3855.53375
6697,2943.031,5940.4605
6698,4568.197,6783.1225
6699,958.9268666666667,7199.135333333333
6700,7869.7135,7322.6875
6701,5017.17,7435.019
6702,5142.437,7474.437
6704,8117.762,8003.19
6705,4008.5271999999995,8037.604399999999
6706,1233.3811666666668,8050.2115
6707,1151.6455,8344.541000000001
6708,7213.809,8390.23225
6709,1770.6034,8807.7742
6710,1728.2041666666667,8887.752666666667
6711,5635.416125,8929.048875
6712,3838.702333333333,8986.846333333333
6713,2296.5029999999997,9235.746799999999
6715,6316.739,9519.71
6716,5285.859,9566.968
6717,4750.201499999999,9698.930499999999
6718,1526.8464,9698.2266
6720,5756.419,9792.274
6721,1512.8709999999999,10284.47
6722,1221.4945,10378.1225
6723,1880.5945,10841.6475
6724,3012.0434999999998,10862.21
6725,5662.351,548.0106
6727,4918.9545,1128.6039999999998
6729,6241.617333333333,1801.0733333333335
6730,5659.692999999999,2145.5873333333334
6731,7754.827285714286,2776.718428571429
6732,8315.0835,3693.451
6733,1522.5140000000001,3924.0193333333336
6734,9253.0625,4011.05325
6735,1550.0719000000001,4282.2233
6736,2822.2,4458.42
6737,10279.145,4576.525500000001
6738,9669.906500000001,4577.7315
6740,10334.5,4890.5
6742,10652.645,5708.0465
6744,11037.847142857141,5908.615
6745,6649.421,6236.1975
6746,9937.383,6268.173333333333
6747,10072.942857142858,6391.645571428571
6748,3109.543333333333,6453.301333333334
6750,10211.078571428572,6949.833571428571
6751,9441.8978,7045.080199999999
6752,4654.8502,8193.1358
6753,5935.0,8453.1865
6754,1650.2145,8492.959666666668
6755,7510.8640000000005,8550.621
6756,3279.7354285714287,8663.116285714286
6757,4419.969,8810.692
6758,3146.8424999999997,9208.577000000001
6759,884.28595,9447.4725
6760,4612.0,9873.603
6761,1986.73525,9966.95525
6762,1532.663,10081.66
6763,687.9545,10246.16
6764,4164.868555555556,10492.908888888887
6765,4207.1625,10511.725
6766,1621.085,10687.64
6768,5267.8585,944.3940500000001
6769,5445.2615000000005,1221.0
6770,5182.409,1410.955
6771,4995.319,1454.153
6772,4999.923,1484.077
6773,6187.8435,1508.6791666666668
6775,6235.132,1917.184
6776,6132.429,2001.333
6778,8205.471333333333,2848.622
6779,7735.850666666666,3153.5325
6780,8023.797,3184.609
6781,6979.472,3438.491
6782,5201.6875,3446.309333333333
6783,1695.499,3569.540333333333
6784,8500.228200000001,3844.416
6785,5268.666,3923.165333333333
6786,8012.094,4266.472
6787,10057.653333333334,4362.1359999999995
6788,10728.89,4705.356
6789,1477.82075,4833.838125
6790,3083.5806666666667,5185.945333333333
6792,11061.527,5822.4185
6793,7486.653,5911.98
6794,10671.470000000001,6014.9875
6795,3036.84,6193.72
6796,2732.2,6251.16
6797,3346.0455,6548.983
6798,2958.275,7117.0
6799,989.3041000000001,7225.838
6800,977.8302,7230.604
6801,5686.857,7260.914
6802,7270.111,7457.37
6803,4476.0,7599.383
6804,1460.33275,7740.06625
6805,4844.698,7863.512
6806,722.9037571428571,8106.242
6807,1320.2163333333333,8509.414666666666
6808,241.7805,8608.094500000001
6809,204.61236666666665,8912.619333333334
6811,4562.781,9183.0
6813,1772.6565999999998,9582.6196
6814,1920.803,9693.182
6815,4891.385,9766.462
6816,1627.61625,9841.40975
6817,1427.505,10095.105
6818,1526.1935,10293.345000000001
6819,1959.9983333333332,10640.92
6820,2216.2036,10844.26
6821,3602.898,10915.16
6822,2996.0850000000005,11258.416666666666
6823,5390.667,99.0952
6824,4770.698,1605.9265
6825,5990.583,1842.9257499999999
6828,6041.341666666667,2747.6476666666663
6829,7692.3625,2800.5785
6830,1637.03,3027.739
6834,10675.786,4899.3652
6835,2704.687,5143.5635
6837,7357.15,6018.4
6838,2283.1603333333333,6172.449666666667
6839,8747.1055,6172.539000000001
6840,8188.3145,6420.228499999999
6841,1386.8922,6678.1852
6842,5045.32,7085.42
6843,1890.20825,7283.16175
6846,4101.667,7798.762
6848,550.8803,8272.342
6849,4844.0355,8554.951
6851,7529.509571428572,8649.053285714286
6853,4036.24975,9017.13625
6854,4718.045,9407.843
6855,930.7713,9704.061333333333
6856,2879.089,9745.293249999999
6857,1741.895,10026.58
6858,968.58415,10028.65
6859,1679.055,10707.71
6860,1497.023,10726.222
6861,1806.9035,11131.205
6863,5301.7975,1376.04
6864,5214.5535,1482.7165
6866,5224.615,2229.538
6867,5766.148666666667,2352.767333333333
6868,4989.751333333334,2874.106333333333
6869,5097.1935,3256.9215
6870,1456.234333333333,3446.572
6872,7854.495,4593.319333333333
6873,8844.9525,4639.1995
6874,10783.99,5890.847
6876,4698.254,6128.651
6877,1554.3932857142859,6858.158428571428
6878,171.03285,8950.217
6879,4287.064,9240.8526
6880,6391.474,9474.1625
6881,849.1848,9543.271499999999
6882,1473.791,9639.934
6883,2391.0298,9665.141599999999
6884,2588.2916666666665,10091.046666666667
6885,1633.528,11015.75
6886,4269.897,11123.443333333335
6887,4051.6625,11115.305
6888,5444.135,987.0811
6889,5178.9265,1006.4889000000001
6890,8029.937999999999,2630.121333333333
6892,5377.458,3576.9035
6893,1932.7483333333332,5024.858666666666
6894,3337.827,5375.538
6896,10175.18,6480.801
6897,6040.3295,6871.4525
6898,7992.3035,6925.6555
6899,2258.304,7105.522
6900,873.1863,7433.037111111112
6901,9020.366,7449.827
6902,10155.285,7474.2345
6904,2001.1375,7533.1224999999995
6905,8658.7245,7804.139999999999
6906,3844.94575,8284.97925
6907,7422.056571428571,8495.697
6908,6826.0,8679.323
6909,4676.5285,8829.153999999999
6911,1835.1725000000001,8942.9445
6912,1457.249375,9047.538
6913,6210.714,9389.286
6914,2988.1225,9428.105
6916,2595.453,10433.723333333333
6917,2460.6484,11146.772
6918,2257.181,11304.470000000001
6919,5227.273,399.6364
6921,4822.769,1161.231
6922,4321.7685,1613.068
6924,5295.2875,2020.7269999999999
6925,5100.206,2044.7345
6926,3684.855,2098.855
6928,7996.837538461539,2770.4143846153847
6931,10650.737,5035.902899999999
6932,2722.538,6227.938
6933,10972.31,6260.597
6936,10721.975833333332,6586.460666666666
6937,2015.2605,6775.905333333333
6938,2190.5116,6990.3174
6939,2543.133,7107.717
6940,2374.4179999999997,7116.4755
6941,1585.2105,7179.322666666667
6942,8050.577,7240.67375
6943,1906.952,7328.0535
6946,3409.440666666667,7966.55
6948,8780.662,8029.544
6950,2152.1038,8585.461800000001
6951,3516.8255,8795.743
6952,5664.3465,9046.989
6953,6370.668,9390.9275
6955,5804.74,9795.98
6956,3908.1552500000003,9815.68425
6957,2870.116,9843.485999999999
6958,732.3459545454546,10225.826363636363
6959,3906.30525,10468.8725
6961,2293.714,10721.972857142857
6962,1435.547,10760.66
6963,3696.782833333333,11136.658333333333
6965,1725.5416666666667,11318.893333333333
6967,5034.146,867.2195
6968,5310.1762499999995,1350.071
6969,6140.9015,1614.9009999999998
6970,5760.022,1919.871
6971,5007.84775,1957.113
6972,4725.778,2004.111
6973,2936.9395000000004,2067.2535
6974,5425.2555,2292.3774999999996
6975,6344.920625,2578.524625
6976,6334.70175,2603.56775
6977,1958.056,2606.951
6978,7195.842,2766.9013571428573
6979,7735.9876,2816.0242
6981,6918.345428571428,3288.2795714285717
6982,6991.7035,3406.1521666666667
6986,10079.08,4367.686
6987,2576.549,4955.451999999999
6989,7706.72,5689.8
6990,7435.943,5975.4125
6991,11031.72,6153.931500000001
6994,7657.163,6243.558
6997,9242.43,6342.076
6998,1863.3294,6518.1718
6999,5646.401,6510.101
7001,10092.03,6663.6636
7002,10619.7175,6759.56325
7003,9512.2915,6745.90775
7004,5626.613,6794.0
7006,6023.69125,6916.78875
7007,1965.8725,6987.811
7009,6715.797500000001,7020.2
7011,3541.94,7387.6235
7012,8772.0095,7559.1345
7014,7990.96025,8346.18375
7015,6286.324500000001,8397.738
7016,1027.4037142857144,8460.470428571429
7017,4474.6878,8537.3766
7018,3283.617,8595.843499999999
7019,1450.4475,8597.4875
7020,4942.924,8596.848
7021,1918.464,8648.9946
7022,5740.369571428571,8772.381714285713
7025,4671.2086,8869.7746
7027,1757.6325,8876.718
7028,6879.357666666667,8943.687333333333
7029,1332.5585,9256.16175
7031,3595.358,9358.403
7034,1157.2255,9955.40825
7035,2657.333,10090.27
7036,3710.5433333333335,10069.699999999999
7037,3910.5508333333332,10098.756666666666
7038,3535.9184999999998,10228.9075
7040,4108.627,10504.95
7041,2551.5794285714287,10814.381428571429
7042,1627.47,10980.35
7043,4282.9383333333335,11004.068333333335
7045,1655.731,11124.65
7046,5105.408,1036.961
7047,5584.601000000001,1082.3295
7048,4650.9102,1528.3496
7049,4741.0,1598.0
7050,5166.534,1686.13275
7051,5894.2515,1821.0535
7052,5076.795,1843.88
7055,6538.50425,2398.3269999999998
7056,7574.8444,2548.3604
7057,4743.343,2905.257
7058,1919.85,2965.225
7059,7780.9929999999995,3217.3343333333337
7060,8586.89425,3232.17175
7062,5292.177,3585.244666666667
7063,8438.177285714286,3850.4352857142853
7064,8158.094,4002.281
7065,5538.0125,4075.6
7066,8915.9845,4181.905000000001
7067,7026.5425,4282.554
7068,10387.045,4396.6455
7069,2799.003,4413.1630000000005
7070,7842.529333333333,4527.106333333333
7073,10501.86,4747.4985
7075,5240.945,6066.745
7076,2382.4365,6127.9725
7078,4645.516,6256.097
7080,5128.223,6391.2215
7081,10339.55,6433.0065
7082,6997.1645,6496.01575
7083,4686.622,6722.844
7085,4917.26,6898.34
7086,3899.3745,6991.967500000001
7087,9163.008285714286,7072.67
7088,9132.02125,7088.59075
7089,1371.2473333333335,7075.473333333332
7091,2162.9165000000003,7123.6645
7092,3477.7889999999998,7467.1285
7093,3912.088,7657.691
7094,597.6748,7679.901999999999
7097,3648.3653333333336,8337.218666666666
7098,1038.0496666666668,8356.202333333333
7099,2595.757666666667,8354.744333333334
7100,578.1218666666667,8430.343666666668
7102,5101.5064999999995,8605.554
7103,2559.4885,8769.903
7104,2077.456,9043.069500000001
7105,756.5036333333334,9244.857
7106,2136.6433333333334,9330.300000000001
7107,2647.99175,9326.2985
7108,5422.273999999999,9443.2945
7110,1731.698,9932.105
7111,1746.022,10004.58
7112,1396.146,10118.68
7113,2542.591,10259.24
7114,1263.7042,10383.725999999999
7115,4008.2195,10820.315
7116,3838.2945714285715,10933.48
7118,3074.353,11435.41
7120,5398.948333333334,615.1066333333333
7121,4655.429,1174.589
7122,5517.774,1311.531
7123,5719.774333333334,1436.5463333333335
7124,7320.231,2887.791
7125,8049.582428571428,2967.7947142857142
7126,7621.53475,3088.2425
7127,7675.4220000000005,3160.674
7128,7679.354666666666,3191.754333333333
7130,6943.6542500000005,4134.8735
7131,2311.763,4329.22
7132,10519.15,5516.73
7137,6919.981,6120.849
7139,5127.8,6593.96
7142,3878.14,6913.817
7143,7978.076,6973.50525
7144,10343.554285714286,7272.876571428571
7147,9386.3695,7463.278
7148,8819.567000000001,7538.853666666667
7149,487.65056000000004,7923.0794
7150,5136.2345000000005,7982.379999999999
7151,1735.0965,8338.106
7153,6791.92675,8670.99825
7154,7306.063333333334,8753.430999999999
7155,2078.864,9088.760999999999
7156,6514.048,9043.238
7157,6332.955,9329.93975
7158,2164.71425,9322.1055
7159,5842.227333333333,9423.801666666666
7160,5469.159,9448.478
7161,4979.3585,9638.16
7162,3431.3435,9677.122500000001
7163,629.7127,10182.61
7164,1066.6431666666667,10578.176666666666
7165,527.6204333333334,10611.039999999999
7166,2475.682,10682.825
7167,2849.5752,11119.904
7168,3119.7593333333334,11181.313333333334
7169,2185.915,11339.49
7170,5579.2125,667.2954
7171,5126.733,1276.467
7172,5160.811,1455.568
7173,5547.251,1599.1905000000002
7178,3717.5515,2125.6435
7179,4966.505999999999,2456.466
7181,5021.3144,3188.3498
7182,8193.671333333334,3807.6836666666663
7183,7775.237,4556.763
7184,10742.776000000002,4922.0818
7185,10592.365,5241.639999999999
7186,4850.513,5393.59
7189,9312.23,6715.5419999999995
7190,7996.278,6690.083
7192,6438.873,6901.945
7193,10256.76,7044.857
7194,6354.806,7162.548
7195,1740.6915,7206.8
7196,4160.347,7356.772
7197,8062.073,7675.61
7198,8645.888666666668,7748.183666666667
7199,2089.457,8102.1795
7201,3524.3170000000005,8283.869
7202,4067.380142857143,8470.270857142857
7203,7241.030333333333,8815.030333333334
7204,6747.9178,9011.820600000001
7206,2868.128,9142.244
7207,2867.792,9153.2605
7208,4727.074285714286,9263.671714285714
7209,4945.368,9299.985
7210,1103.013,9452.588
7211,5971.5145,9709.9655
7213,456.4065888888889,9926.111111111111
7214,4077.9595714285715,10586.001428571428
7215,4078.3235999999997,10691.36
7216,1476.1563333333334,10700.235
7217,4534.17,10825.0
7218,4520.167,10852.31
7219,3777.4102857142857,10872.727142857142
7222,1795.404,11228.57
7223,3448.8785,11365.055
7224,1759.7853333333333,11466.230000000001
7225,5380.366,142.0059
7230,5148.611,2111.333
7231,5971.3476666666675,2166.0550000000003
7232,4346.0,2447.405
7233,7837.006666666667,2838.1090000000004
7234,8296.055499999999,2925.9575
7235,8075.60725,3087.71975
7236,5547.7415,3276.6891666666666
7237,6672.415,3316.411
7238,8991.400166666666,3421.2525
7240,4939.5,3650.0
7241,5037.7446,3729.3678
7242,8896.6015,3828.011
7243,8277.61,4472.756
7244,7730.422,4546.022
7249,3114.437,5973.333500000001
7252,5212.23,6446.7294999999995
7253,2746.28025,6482.39525
7254,6941.456,6480.191
7255,10626.93,6537.197
7258,4487.977,6630.605
7259,4572.222,6696.333
7260,6216.294,6926.059
7261,8388.5,6949.0
7262,3944.001,7000.311
7263,9529.968,7376.116
7265,2941.452,7466.194
7266,7162.028,7583.556
7267,8311.667,7730.736
7268,2614.7315,7769.159
7269,6434.353,7793.926
7270,8271.899,7966.89125
7271,6254.330666666666,7988.964666666667
7272,3507.612,8065.624
7274,985.6072285714287,8294.787714285714
7275,705.4673000000001,8676.821
7276,5926.128,9158.34
7277,5223.254,9260.949
7278,1663.9485,9266.141
7281,1253.4723333333334,9549.457
7282,893.4213400000001,9541.057400000002
7283,3628.0,9673.5
7284,2824.6963333333333,9754.649
7285,2407.9615000000003,9742.257
7287,2652.08725,9875.83375
7288,227.89614999999998,9952.807499999999
7289,520.2047,10186.592499999999
7290,664.0179,10229.07
7291,1670.8972,10309.312
7292,475.08140000000003,10835.175
7293,2349.058,11002.93
7294,1411.7598,11007.728
7295,1550.703,11278.46
7296,6106.204,2064.452
7297,5373.138,3384.169
7298,8754.463727272727,3427.3586363636364
7299,5035.218,3656.5595000000003
7301,7022.21,4342.0
7305,7216.789,5972.368
7310,1935.3457999999998,7084.43
7311,9188.397,7447.476
7312,8716.166399999998,7493.8910000000005
7314,9239.49,7527.961
7315,4226.2455,7784.8904999999995
7316,850.1001,7768.251333333334
7317,2292.87,8333.667666666666
7318,7273.90775,8784.549875
7320,6586.92375,9360.7955
7321,3026.15,9403.428333333333
7322,4635.3625,9428.613000000001
7323,1686.2953333333335,9446.604666666666
7324,2642.3374,9943.4306
7325,2642.6522,10227.130000000001
7326,2257.165,10346.6
7327,1345.3743333333332,11080.553333333335
7328,4023.959,11079.235
7329,5438.189,719.8108
7330,6040.593,1129.407
7333,6021.3295,1601.562
7334,5876.906,1710.71425
7335,5588.554,1737.267
7336,5252.9215,1989.5815
7338,5018.4175,2286.5615
7339,8009.414,2553.70125
7340,7720.634,2591.6465
7341,4575.396,2759.361
7342,1927.4785,2866.8955
7343,8298.244285714285,2942.358857142857
7344,8940.716285714287,3380.6947142857143
7345,9003.286,3401.3940000000002
7347,7518.705,3652.9285
7349,4795.9529999999995,3773.5805
7350,8858.867750000001,3784.30775
7352,7809.3060000000005,4083.1620000000003
7353,1219.1509999999998,4219.97
7354,10193.485,4338.1224999999995
7355,10217.675,4338.378
7358,10726.24,4906.978
7359,3890.592,5607.245
7360,3211.034,5806.763
7361,5023.085,5926.235500000001
7363,4022.416,6094.236
7364,2740.745,6132.191
7365,8596.5,6163.826
7367,10766.7275,6230.958500000001
7368,3556.6175000000003,6295.558999999999
7370,10644.61,6350.278
7371,3657.5049999999997,6327.1359999999995
7373,10493.622,6371.511
7374,4041.0693333333334,6404.04
7375,9682.526999999998,6436.1335
7376,7835.952,6695.69
7377,5865.22275,6801.339
7379,2650.2386666666666,6903.860666666667
7382,2233.565666666667,7052.011666666666
7383,6378.8175,7217.49425
7384,8794.068,7222.834
7385,1317.475,7243.393
7386,2080.91,7281.346
7388,4316.165,7321.9725
7390,10406.98,7614.873
7391,5238.05725,7646.39625
7394,1592.0230000000001,7893.233
7395,798.8093714285715,7963.498142857143
7397,8264.9895,8034.197
7398,4658.5,8042.0
7399,1149.547,8080.919
7400,515.8420666666667,8099.1788333333325
7401,1322.1035,8076.5165
7402,7150.165666666667,8420.980666666666
7403,325.5872166666667,8436.014000000001
7404,6351.047666666666,8565.974
7405,1689.35575,8581.54325
7406,1295.2675,8597.0785
7407,2811.8743999999997,8739.0282
7408,1100.3745,8796.352
7409,910.3879666666667,8892.133
7410,3394.9653333333335,8999.439333333334
7411,947.1779,9043.428750000001
7412,4956.733,9074.451500000001
7413,167.8806,9109.851
7414,4533.972333333333,9195.409666666666
7415,3599.5875,9262.496
7416,1627.925,9309.4355
7417,942.13088,9580.3834
7418,2989.0,9708.909
7420,1205.0256666666667,9823.292
7421,2562.6828333333337,9841.008833333333
7422,1090.8855,9931.956
7423,2090.527625,10025.71625
7424,2549.1446666666666,10315.006666666666
7425,2367.1356666666666,10338.143333333333
7426,3202.6749999999997,10372.336666666668
7427,3018.5,10458.32
7428,3211.8858,10432.306
7429,1705.8470000000002,10840.116
7430,1495.8823333333332,10842.910000000002
7431,1543.8118333333332,10842.365
7432,2602.77775,10924.5575
7433,2562.4224285714286,10926.478571428572
7434,3486.125,11103.41
7435,3373.860666666667,11177.18
7436,2279.384,11319.02
7437,2744.103,11381.9
7438,1794.3775,11463.325
7439,2680.95,11549.92
7440,5380.387,1088.12
7441,4867.8330000000005,1168.0415
7442,5581.439,1681.1295
7443,7779.243,2481.0715
7444,8370.2455,3085.7635
7445,9786.869571428571,4399.241714285715
7446,1808.398,4595.41175
7449,5892.244,6581.61
7451,4993.353,6670.382
7452,10693.5275,6674.6875
7454,5091.387,6723.484
7455,8822.021,6788.83
7457,5758.316,6957.026
7459,5096.39,7718.792
7460,7998.559499999999,7749.825
7461,4436.6755,7950.743
7462,1389.797,7966.986
7463,1326.242,8100.839
7464,1363.66,8472.6523
7466,3135.0625,10639.16
7467,3495.48,10713.54
7468,1376.5916666666665,10723.168333333333
7469,1834.3310000000001,10917.84
7470,5403.797500000001,1071.9054999999998
7471,6087.4285,1517.4515000000001
7472,5188.7837500000005,1631.1615
7473,8368.047714285714,3101.5157142857142
7475,9001.644333333334,3793.1793333333335
7477,8542.682333333332,3948.0506666666665
7480,10697.316666666666,6016.870666666667
7484,10832.276666666667,6388.829666666667
7485,10670.96,6430.5869999999995
7486,1411.671125,6560.079875
7487,1820.6413333333333,6632.103999999999
7488,5350.7325,6790.0405
7489,5771.049,6969.492
7490,4222.737666666667,6982.766666666666
7491,6692.8755,7063.308
7492,810.357,7100.34809090909
7495,9145.690833333334,7409.946
7496,10091.273333333333,7482.250333333333
7499,8317.176,7616.176
7500,1209.366,7664.211
7501,8045.997166666667,7842.452833333333
7502,3018.141,7901.219
7503,6313.607,8345.336625
7504,1945.7330000000002,8395.329000000002
7505,6226.626,8506.78275
7506,6436.5872500000005,8560.11425
7507,2372.9015,8594.0755
7508,1223.766,8780.9475
7510,4279.367,8885.067
7511,1940.2385,8871.644
7512,6427.386333333333,8884.051
7513,4747.6783000000005,8941.7039
7514,6492.511,9089.085
7515,4360.338250000001,9081.0515
7516,1077.1952,9287.3406
7517,3635.9825,9278.7855
7519,1250.8746666666666,9497.801666666666
7522,233.21208333333334,9705.246666666666
7524,1766.9048333333333,9755.656666666668
7525,2624.559,10160.295
7526,4281.091666666666,10401.883333333333
7527,2853.199666666667,10434.766666666666
7528,1013.122,10536.248333333333
7529,3265.0645,10533.3125
7530,1093.4148,10710.942
7531,2980.1723333333334,10859.1
7532,1247.938,10950.83
7533,1889.8125714285713,10995.892857142857
7534,3440.9714,11105.562
7535,1548.4466666666667,11345.9
7536,1516.635,11529.63
7537,4491.9815,1249.3600000000001
7538,6255.692,1825.3910000000003
7539,6304.372166666667,2433.3908333333334
7540,8333.564125,3079.4255000000003
7541,6469.58,3132.2025000000003
7542,1928.477,3421.977
7547,10774.453333333333,6071.309333333334
7548,3985.075,6065.194
7550,5536.577,6575.231
7552,6174.5,6900.25
7553,6723.618,7047.927
7554,1395.9486000000002,7556.63
7555,2962.324,8759.471
7556,4716.125,8923.0
7558,6453.099,9458.85275
7559,135.8906,9599.531
7560,1036.4903333333334,10108.906666666668
7561,810.0292,11308.333333333334
7562,4941.368,720.08505
7563,5085.067,1273.733
7564,4518.476,1262.048
7565,6204.5835,1304.35025
7566,6286.613,1823.7893333333334
7567,5806.377,1926.145
7568,2757.1865,2181.0135
7569,4063.4155,2200.85375
7570,2016.915,2988.511
7572,5381.045,3381.062
7574,8773.9825,3896.5715
7575,1864.894,4475.467333333333
7576,1280.88375,4598.3279999999995
7579,3039.1575000000003,6153.91
7584,10620.72,6498.264
7585,4763.4635,6495.1765
7586,10205.7775,6579.82825
7587,5736.683,6717.317
7588,9291.516,6858.065
7589,10176.529999999999,6936.132
7591,7782.7175,7172.6404999999995
7592,4121.494833333333,7184.127666666667
7593,7046.674,7553.9529999999995
7594,7992.006,7778.2765
7595,504.78047499999997,7888.7657500000005
7597,1582.4895000000001,8175.487999999999
7598,1874.013,8496.924
7599,3849.277666666667,8626.078833333333
7600,2920.557,8625.595
7601,3245.52,8645.759999999998
7602,2721.603,8888.426
7603,4971.6485,9006.046
7604,3543.0455,9253.193500000001
7605,6340.83875,9245.137
7606,6002.519,9315.154
7607,4166.720166666667,9430.184333333333
7608,3180.357,9422.1915
7609,6247.643,9543.893
7610,6051.95175,9723.902750000001
7613,4546.880499999999,10144.26
7614,3836.0766666666664,10282.853333333334
7616,2953.3625,10407.915
7618,3206.2556666666665,10584.59
7619,1217.4972857142857,10614.041428571427
7620,2275.4849999999997,10632.075
7621,1277.9963333333333,11049.86
7622,3422.333,11097.33
7623,1619.6185,11162.49
7624,2884.62875,11255.2075
7625,3792.7127499999997,11391.955
7626,3060.173,11415.435000000001
7628,5324.444,1000.056
7629,5036.98,1031.245
7630,4594.462,1518.603
7631,5871.43225,1516.647
7633,7605.0185,2555.605
7634,4829.175,3034.5
7636,5297.259571428572,3259.8542857142857
7638,9213.555333333332,4054.957
7639,8582.4,4580.714
7641,2971.209,5018.3405
7642,3218.4605,5142.248
7643,5004.824,5489.176
7644,5283.6359999999995,6028.601
7645,10664.19,6565.894
7646,11041.646666666667,6556.201
7647,5462.489,6655.085
7648,7246.5,6664.5
7649,10798.8625,6714.91725
7650,10314.774285714286,7046.646857142857
7651,1993.6186000000002,7040.4788
7655,4543.597,7823.667
7657,734.998,8151.6145
7658,7779.394249999999,8146.40575
7659,7632.503599999999,8445.7088
7661,4531.071,8523.8015
7662,1646.756,8868.244
7665,2483.5014285714287,9103.284428571427
7668,107.41553333333333,9554.180666666667
7669,2909.5370000000003,9558.894833333334
7670,3751.882,9610.105
7671,277.7832333333333,9856.089666666667
7672,5066.8025,9997.7725
7673,1977.721,10062.3275
7674,1499.7663333333333,10106.56
7675,3551.4432500000003,10137.869999999999
7676,2876.037,10278.54
7677,3846.08,10414.365
7678,2729.02925,10874.6
7679,1996.684,11436.563333333334
7680,5495.945,309.1818
7683,5283.4695,1030.877
7684,5180.916333333334,1602.6276666666665
7686,5496.7455,2525.819
7687,7909.484363636363,3000.577181818182
7688,6834.6788,3185.4124
7691,9985.393,4164.0
7692,9845.693,4414.083666666666
7693,10427.736666666666,4390.054
7695,7784.281999999999,4579.5019999999995
7696,10193.255000000001,4720.0335
7698,3160.542,5372.39
7699,10661.435,5584.2545
7701,10826.66,6061.4619999999995
7705,4927.5,6824.8
7706,6577.0505,6942.978499999999
7708,6763.43,7034.456
7709,7729.0115,7238.8365
7710,7548.891,7499.174
7711,2705.928,7624.835
7712,7996.103999999999,8077.755
7714,636.9783,8963.348
7715,620.4176500000001,8979.9715
7717,4930.878000000001,9035.723
7719,4976.3240000000005,9367.29
7720,2371.4206000000004,9992.241
7721,2428.1385,10127.715
7722,4230.327,10422.445
7723,2261.5892727272726,10693.615454545456
7724,3358.5,10819.71
7725,2751.83275,11088.45
7726,3325.385,11388.85
7727,5049.688,1050.922
7728,6052.082,2122.592
7731,5208.0,2445.0
7732,2289.865,2451.942
7733,7407.7399000000005,3033.373
7734,5257.870333333333,3251.6893333333333
7735,5738.161499999999,3408.1440000000002
7737,9746.579857142857,3675.7707142857143
7738,1613.41,3752.897
7739,8175.7375,4025.6185
7741,2291.695333333333,5124.048333333333
7742,3251.326,5787.283
7746,10772.16,6253.7625
7747,5608.78,6392.244
7748,10606.55,6497.4175
7749,10142.226,6532.4086
7750,5618.766,6569.596
7753,2267.773,6856.318
7754,6402.000333333333,6996.484666666667
7755,7481.968,7077.258
7756,9043.3515,7093.7485
7757,7522.092333333334,7171.043000000001
7758,1131.212,7218.818
7759,8641.482,7270.397499999999
7760,8765.7344,7308.638000000001
7761,7871.745333333333,7392.4445000000005
7762,4342.9345,7420.849749999999
7763,1590.074,7599.862
7764,3164.9855,7911.361
7765,4655.191,7932.588
7767,3204.854,8368.683
7769,6494.279,8581.291
7770,6780.1345,8640.76525
7771,6638.5985,8805.514
7772,1122.8555000000001,8824.480500000001
7774,5364.9642,8990.934799999999
7775,2448.5625,9080.219000000001
7776,5445.995,9478.5635
7777,2898.6065,9597.017
7780,3484.800333333333,10203.563333333334
7781,1579.4415,10222.7325
7783,1522.3758,10563.878
7785,1668.8490000000002,10681.583333333334
7786,1801.1446666666668,10887.466666666667
7787,2544.3973333333333,11228.566666666666
7788,4481.544000000001,991.8376666666667
7792,6884.479833333334,2639.3766666666666
7793,7873.28,3068.854
7794,6952.474833333334,3239.4876666666664
7796,8546.98125,3873.305
7797,1492.5036666666667,3901.095333333333
7802,9188.519499999999,7033.484
7803,9463.626,7220.022
7805,7602.698,7473.558
7808,4668.237,7602.339
7809,4244.206,7707.227000000001
7810,9159.5644,7741.787399999999
7811,766.2857,7850.988666666667
7812,1074.104,8074.613
7813,4303.7080000000005,8134.5725
7814,8021.829,8207.461
7815,1487.9575,8197.51675
7816,7955.08425,8301.16525
7817,1638.033,8847.066
7818,2665.0195,8894.228500000001
7821,490.47305,9114.53
7822,3269.286666666667,9153.234666666665
7823,1553.7003333333332,9238.768
7824,4110.674,9254.86
7825,4568.508,9854.332666666667
7826,4416.836,9987.082
7827,4450.85475,10143.2875
7828,1657.222,10159.02
7829,4301.9245,10193.970000000001
7830,1962.048,10292.31
7831,1722.034,10366.485
7832,1806.71575,10481.8675
7833,2739.281,10909.91
7834,2591.087,10944.73
7836,2848.813666666667,11268.24
7837,927.2561,11375.15
7840,7686.913454545454,2769.936818181818
7843,8403.941333333334,3881.4763333333335
7844,10367.68,4550.3
7845,10515.233333333332,6408.55
7846,3164.116,6449.42
7847,10356.8,6451.579
7848,1702.2,6670.355142857144
7849,9408.683666666666,7063.636666666666
7850,2539.5016666666666,7313.435
7851,1970.328,7343.2654999999995
7852,6574.844,7418.844
7854,7415.891,8752.565
7856,3565.4170000000004,9087.875
7857,3741.97625,9896.27275
7858,4000.806666666667,10198.403333333334
7859,3247.3940000000002,10253.325
7860,1187.347,10875.65
7861,1206.3025,10941.765
7862,3836.4714999999997,10955.29
7863,2406.05275,11008.9
7864,3097.72975,11091.0425
7866,5473.669333333334,319.16603333333336
7868,5860.349,1575.41
7869,5202.089,1691.489
7870,5007.8099999999995,2304.7975
7871,5240.316000000001,2307.656
7872,6056.464,2310.1446666666666
7873,3718.933,2568.133
7874,4387.092000000001,2612.0
7875,7788.874100000001,2699.7235
7879,5539.128000000001,3172.9685
7880,7485.4401,3180.1754
7881,1288.1545,4085.4335
7882,10021.505000000001,4126.4345
7883,1793.5178333333333,4455.299333333333
7884,2469.91,4618.91
7886,11081.952000000001,5655.1684000000005
7887,2381.672666666667,6069.491333333334
7889,9859.495666666668,6286.8145
7890,9006.238,6274.333
7891,10093.695,6358.5154999999995
7892,10846.076666666666,6410.256666666667
7893,2808.7635999999998,6390.9472000000005
7896,2087.2496,6512.2834
7897,10593.9,6631.0
7899,4639.471,6678.882
7900,9342.355,6720.984
7901,2086.9016,6733.368799999999
7902,9610.6005,6730.9055
7907,4234.679666666667,7071.638
7908,1158.9243999999999,7110.4154
7909,2071.849,7203.442
7910,5727.103,7266.897
7911,981.9262833333333,7297.607500000001
7912,5191.821,7327.209
7913,10827.985,7311.29475
7914,6468.43,7340.788
7915,7639.587,7460.087
7918,10380.95,7673.9895
7919,3730.143,7691.722
7920,723.0294,7778.897
7921,4448.043,7909.447
7923,1324.6705,8014.1035
7924,1319.1844999999998,8128.8735
7925,7679.9428,8330.2498
7926,7223.82,8367.1942
7928,388.7653666666667,8433.612444444445
7929,2443.097,8472.806
7930,5812.824666666667,8536.577333333333
7931,706.5645999999999,8596.3995
7932,3946.8935,8786.668
7934,1805.6345000000001,8950.332
7935,4602.871499999999,9007.849999999999
7936,1442.219,9074.246
7937,6670.11075,9069.63125
7938,5605.864666666667,9105.8205
7939,4332.475,9220.05
7940,3731.43725,9245.87425
7941,3126.625,9256.389
7944,1719.0014999999999,9332.573499999999
7946,5257.089,9383.878
7947,1810.7510000000002,9469.302
7948,4403.333666666666,9483.018666666667
7949,3817.614,9501.351
7951,3816.302,9547.778
7952,718.0841333333333,9584.987333333333
7953,2057.128777777778,9656.647333333334
7954,449.9533571428571,9755.834285714285
7955,4192.729600000001,9817.5878
7956,1832.793,9846.103
7957,307.8331,9884.2985
7959,2393.530666666667,9979.304333333333
7960,2669.784875,10125.62875
7961,1289.91175,10209.265
7962,3937.4375,10871.154999999999
7964,4110.4955,10928.485
7966,1519.702,10976.14
7967,4052.4075000000003,11061.220000000001
7968,2907.7915,11202.535
7970,3552.216,11348.335
7971,1520.332333333333,11377.276666666667
7972,5199.019,658.9245
7973,5394.875,885.7344
7975,5619.667,1776.23
7976,5149.637,2033.714
7977,5036.91,2048.41
7978,5736.5375,2468.0744999999997
7979,8600.769,3260.6
7980,7441.2951111111115,3297.5153333333333
7981,7346.059727272728,3412.4320909090907
7982,9654.8155,3888.00125
7985,11076.91,5597.974
7988,2119.585,6932.849
7990,8740.776666666667,7272.985333333333
7991,5496.442,7736.442
7992,1006.5453333333334,8262.201666666666
7993,7194.722285714285,8724.395
7994,4550.14,8975.4
7995,959.4423714285714,9312.922571428571
7996,5010.2256,9351.072400000001
7997,3081.8964,9410.506
7998,5160.1875,9459.202000000001
7999,795.9898499999999,9949.7095
8000,5514.3025,10008.958999999999
8001,3675.6735,10123.05
8002,405.1304666666667,10536.779999999999
8003,4168.3,11151.0
8005,5196.675166666667,617.0499
8006,5467.637333333333,701.2097666666667
8007,4599.915,1130.9144999999999
8008,5076.526,1186.526
8010,5269.966,1941.5993999999998
8013,5790.0109999999995,2311.8033333333333
8015,7627.659909090909,2921.1263636363637
8016,6114.325,2991.8875
8017,4018.878,3015.293
8018,6672.12,3309.56
8019,8834.8082,3349.7688000000003
8020,1656.2053333333333,3382.7713333333336
8021,4453.0,3438.607
8022,8332.57,3937.366
8026,8702.103599999999,4089.1238
8027,5522.5,4227.684
8029,2219.269,5177.428
8030,5028.07,5540.403
8031,3098.776,6162.461333333333
8032,2908.75,6273.786
8033,10515.475,6286.7935
8034,10598.12,6325.885
8035,10727.654999999999,6369.177
8036,9537.353,6369.824
8037,5216.105,6535.921
8039,10753.53,6535.265
8040,1920.3463333333336,6565.572666666667
8041,6984.55,6582.725
8042,5621.431,6649.262
8044,9608.903,6784.081
8045,10397.598571428573,6797.684
8047,7107.294,6981.804
8048,6969.683,7094.146
8049,3749.226666666667,7109.5576666666675
8050,3974.525,7224.377
8051,8993.8784,7256.373
8052,8022.5885,7270.948
8054,7892.387,7411.893
8055,1982.6035,7583.687
8056,4642.63,7574.47
8057,4452.366,7602.817
8058,1554.397,7647.853
8059,8680.5335,7760.5425
8060,3498.1,7944.0905
8061,8282.843,8158.329
8062,7857.3875,8166.5665
8063,8066.757666666667,8313.889333333333
8064,4114.2474999999995,8438.6475
8065,7380.7372000000005,8554.5267
8066,3758.671,8586.671
8067,6922.732,8640.22
8068,4559.6818,8749.855
8069,1083.5974999999999,8932.507
8071,3895.4300000000003,9083.57
8072,3890.0,9160.418
8074,4316.241,9247.879
8075,1890.59,9372.487
8076,3278.09,9439.701
8077,568.56705,9438.439
8078,4913.053,9468.101666666667
8079,3215.259,9563.83
8080,1003.1826800000001,9584.1124
8082,2757.155666666667,9671.491333333333
8084,5028.7525,9959.466
8085,3128.006,10155.26
8086,2461.965,10224.955
8087,3273.064,10396.12
8088,4286.97725,10528.725
8089,3965.2844999999998,10589.904999999999
8091,2095.0658750000002,10737.26
8092,2348.513333333334,10829.973333333333
8093,4034.708,10993.56
8094,4158.489,11147.91
8095,1933.7295,11216.04
8096,3425.348,11318.57
8097,3356.793666666667,11349.323333333334
8098,1026.2205,11401.5
8099,1669.368,11504.76
8100,5086.822,563.1049499999999
8101,4832.677,1004.862
8102,5205.71975,1292.2275
8103,4635.353,1469.353
8105,5118.847000000001,1964.1008333333332
8106,5019.3724999999995,1986.337
8107,6898.620714285715,2498.0119999999997
8109,10398.5,4555.768428571429
8114,10647.546666666667,6031.725333333333
8117,9305.735,6910.294
8118,3722.0550000000003,6983.620666666667
8119,4732.40425,8063.05775
8120,359.46185,8114.2495
8121,2031.8056666666664,8338.473333333333
8122,836.7015,8665.104
8123,866.4451666666668,8775.411666666667
8124,7192.281666666667,8881.191
8126,2972.14,9068.22
8127,4691.818,9112.273
8129,3697.824,9275.882
8130,1245.5493333333334,9374.535666666667
8131,5865.667,9526.767
8132,4963.35975,9570.41575
8133,1178.978,9569.156
8134,1893.799625,9963.5735
8136,2446.714,10113.17
8137,3210.126,10277.17
8139,4062.204,10804.0
8140,3414.85475,11178.1975
8141,3229.3424,11209.472
8142,2571.5310000000004,11234.223333333333
8144,3262.825,11405.49
8145,5479.286,1082.286
8146,4948.859,1087.203
8147,4967.076,1085.788
8149,5865.013,1253.6355
8150,5589.262,1696.1140000000003
8152,4936.487,2231.897
8155,7324.478,3343.6438749999998
8156,6916.2395,3764.5
8157,8485.6855,4227.361
8158,1348.625,4279.542
8162,4998.437,5905.296
8163,2776.754,6373.197
8164,10406.45,6444.2
8166,10006.948,6608.159
8167,10313.15,6669.554
8168,9836.7712,6750.546799999999
8169,2579.408,6876.367
8171,7890.4735,6923.1175
8172,3433.2,6967.72
8173,2623.694,7072.972
8174,8858.16,7254.24
8175,9795.137999999999,7434.4619999999995
8176,5357.966,7439.459000000001
8177,9064.261999999999,7457.6805
8178,4210.811,7619.0
8180,5207.579,7693.042
8181,738.41765,7810.415999999999
8182,1342.198,8052.115999999999
8184,5379.838,8635.235
8186,5270.553,8978.355
8187,6796.859333333334,9022.213333333333
8189,569.967325,9463.36975
8190,2406.448,9717.897
8191,758.80785,10137.205
8192,3922.0,10486.67
8193,435.17875000000004,10541.595000000001
8194,1271.2084,10573.23
8196,2282.0559999999996,11618.210000000001
8197,5273.0905,518.1526
8199,5056.85,1200.675
8202,6152.9355,1793.048
8203,5886.1483333333335,1907.2663333333333
8204,6041.667,1947.479
8206,3755.684,2000.053
8207,6112.096,2109.558
8208,5857.556,2268.306
8209,6527.0538,2362.0404000000003
8210,5640.685,2373.66
8211,5466.125,2431.734
8214,5026.804,3088.804
8215,7232.749714285715,3141.601142857143
8217,1415.0515,3581.3092500000002
8219,1622.7705,3887.7695000000003
8220,9334.848,4037.0280000000002
8221,10348.705,4346.2135
8222,10349.24,4366.103
8224,2081.35825,5191.46475
8228,10865.119999999999,5717.8415
8231,10748.03,5991.237
8234,10385.92,6133.514
8235,3879.205,6163.74
8237,3052.138,6382.722
8238,10407.36,6429.838
8241,1977.1664,6542.080199999999
8242,10622.465,6586.5585
8244,8242.014,6657.069
8245,11039.843333333332,6702.277333333334
8248,10200.505,6774.8195
8250,9500.2985,6794.293
8251,2043.1415,6781.805
8252,10788.012222222222,6981.746666666667
8253,2854.107,7025.173
8254,4735.347,7074.347
8255,3074.343,7105.044
8256,1179.0403333333334,7114.877666666667
8257,5190.415,7414.646
8258,8640.329571428572,7422.371
8259,1640.907,7498.047
8260,3228.9395,7555.8195
8261,1717.7100000000003,7569.206714285714
8262,8577.89,7577.276
8264,2593.3903333333333,7719.015666666666
8265,1184.825,7767.088
8266,4350.9845000000005,7880.22775
8267,2167.595,7864.514
8268,8085.7515,7928.742749999999
8269,6291.26275,8031.55125
8270,786.0464999999999,8090.3655
8271,790.5410666666667,8116.166
8272,1884.0285,8121.923000000001
8273,7885.786,8187.786
8274,1320.5832500000001,8474.20875
8275,7320.6939999999995,8481.860499999999
8276,6751.735,8530.824
8277,470.18115454545455,8514.216909090908
8278,808.5066999999999,8662.0435
8279,3877.9432,8976.159599999999
8280,4464.7365,8988.947499999998
8281,7041.6705,9033.6835
8282,261.678575,9128.463749999999
8283,3608.956,9161.533
8284,891.37405,9154.072
8287,6677.232333333333,9228.017333333333
8288,4145.814333333333,9371.68
8289,4400.638999999999,9433.029999999999
8291,550.4431999999999,9718.6782
8292,3403.8,9745.883
8293,528.6900400000001,9769.1118
8294,4382.123333333333,9814.134666666667
8295,5127.314,9848.957
8296,4363.405,9988.236666666666
8297,3253.373,10375.9175
8298,3763.8186666666666,10518.503333333334
8299,3391.1315,10552.1975
8301,3403.818,10834.73
8302,1344.107,10825.61
8303,4135.1385,10875.865
8305,2422.681666666667,11045.776666666667
8306,3739.731,11119.13
8307,3518.448,11173.115000000002
8308,2610.59425,11292.057499999999
8309,5149.1,909.0
8310,5357.362499999999,1136.9785000000002
8311,2975.4673333333335,1858.5461666666667
8312,6829.605666666666,3144.811333333333
8313,7409.1602,3379.3732000000005
8314,5505.965857142857,3546.878714285714
8317,5132.589,4254.8
8318,1764.1928,4473.183800000001
8319,10593.766666666668,4706.96
8320,2334.286,5130.829
8323,11003.433333333332,6588.930333333333
8324,9665.172999999999,6684.84375
8326,11058.029999999999,6923.7735
8327,7933.4125,7201.2675
8328,10724.5,7400.826
8331,3723.589,8544.699
8332,842.0192800000001,8759.635
8333,4564.82125,8999.028
8335,4240.638666666667,9758.255666666666
8336,3191.117,10061.07
8337,1950.293,10089.656666666668
8338,3431.948,10112.52
8339,4502.6102,10241.774000000001
8340,3124.121,10259.14
8341,4242.111,10439.775
8342,1639.1536666666668,10648.543333333333
8344,2074.262,11230.6375
8346,6126.7825,1371.4265
8348,5991.406,1948.656
8349,5638.55825,2089.965
8350,3783.8726666666666,2135.376333333333
8351,7021.174,2237.5
8352,3948.1504999999997,2296.3835
8353,4075.857,2313.381
8355,5388.2384999999995,2506.0915
8357,4698.255,2679.196
8358,7834.595,2731.217
8359,7792.9668,2809.8602
8360,5283.833,3248.833
8361,6782.184,3639.356
8362,9548.7104,3794.451
8364,7344.41,4080.487
8366,2801.331,4990.1055
8367,2207.035,5264.3640000000005
8370,9926.633,6118.367
8372,7438.921,6425.19
8373,9977.275333333333,6444.358333333334
8375,3523.8583333333336,6693.581000000001
8377,3967.188666666667,6947.895666666666
8378,5638.141,7036.916499999999
8379,5669.66,7050.74
8380,4630.487,7061.0875
8381,2945.9986666666664,7080.725666666666
8382,10154.02,7108.98925
8383,10590.795,7212.354700000001
8384,8998.1954,7419.9622
8385,7063.943499999999,7534.5795
8386,1966.623,7599.672
8387,8671.702,7606.979
8391,1297.5075000000002,8072.597
8392,1354.129,8076.986
8393,2749.8525,8427.49675
8396,6439.266,8521.409500000002
8397,3991.3005,8513.7295
8399,374.8073,8673.256375
8400,7568.9475,8699.213749999999
8401,6187.036,8854.595
8402,3104.840666666667,8887.036666666667
8405,2232.0074999999997,9062.785
8406,3481.0,9083.721
8407,4638.56825,9091.368999999999
8408,5761.038,9179.038
8410,1240.5330000000001,9240.418333333333
8412,1207.8895,9433.574
8413,2827.520666666667,9468.082
8414,856.7390333333333,9514.777333333333
8415,581.412225,9542.143250000001
8418,2821.664666666667,9767.412666666665
8419,390.80196666666666,9797.039999999999
8420,2934.9803333333334,9999.877333333332
8421,4690.114,10277.35
8422,3374.4894999999997,10306.1
8423,1032.867,10306.720000000001
8424,3874.822,10458.11
8425,3501.2165,10498.06
8426,1048.1905000000002,10523.08
8427,2891.2574999999997,10725.23
8428,2901.977,10861.34
8430,2329.4285,11219.91
8433,5361.89375,897.52325
8434,6033.675,1188.875
8435,4758.654,1247.442
8437,5739.807,1441.143
8438,5151.806500000001,1506.587
8439,5158.208,1566.811
8441,5886.812,1867.4
8443,4665.077,1965.985
8445,5575.897,2183.026
8446,6999.341666666667,2240.8063333333334
8447,5447.156,2318.313
8449,7783.971750000001,2464.57125
8450,7618.85075,2594.4365
8452,5135.4274000000005,2917.6842
8453,6089.07975,2912.334
8454,7303.202,3108.023
8455,9720.824,3481.412
8456,8477.538,3556.897
8459,9457.41,4526.066
8461,2497.126,5033.272666666667
8464,10840.605,5673.7425
8465,3179.215,5893.0560000000005
8468,2917.69,6019.762
8469,2887.1426666666666,6029.314666666666
8472,10770.195,6043.753000000001
8474,7539.885,6198.115
8479,4771.333500000001,6600.0635
8480,1794.306,6607.36875
8481,9988.7233,6641.1065
8482,9694.574666666666,6642.865333333334
8483,10163.635,6743.704
8484,2324.56,6859.12525
8485,7044.964,6897.214
8487,5965.76875,6940.4985
8488,1069.7247777777777,6968.887888888889
8490,7035.0,7050.5
8491,1695.4875,7065.782999999999
8492,1456.1323333333332,7112.889666666667
8493,3057.754,7141.574
8494,5939.271000000001,7138.1365000000005
8495,985.75425,7195.8535
8496,1846.9375,7282.318
8497,3995.68,7297.04
8498,760.7287,7484.163444444445
8499,2329.5767142857144,7594.884714285714
8500,1255.4756666666665,7654.946333333333
8501,1510.812,7874.754
8502,2983.442,7976.481
8503,8687.1325,8053.234666666666
8504,761.5156142857143,8068.270142857143
8505,696.35055,8298.251
8506,675.98025,8313.635999999999
8507,2346.1065,8652.93
8508,2301.015,8675.318
8509,7511.745,8706.1125
8510,4485.238285714286,8860.482999999998
8512,6520.825,9103.684
8513,1880.0276666666666,9149.474
8514,2112.6097999999997,9211.177
8515,5062.714,9230.829
8519,5601.762,9533.667
8520,5572.574,9515.417
8521,4466.971333333334,9543.329
8522,840.5469,9629.125
8523,3714.8810000000003,9916.940999999999
8524,4981.0,9994.149
8525,4908.4636666666665,10036.72
8526,1975.8523333333333,10097.226666666667
8527,4517.173,10202.71
8529,386.1614333333334,10361.083333333334
8530,2600.2988,10382.102
8531,4291.167,10553.6
8532,4279.74,10547.34
8533,382.0507,10570.9975
8534,1470.817,10605.05
8535,3962.857,10858.8
8536,1576.6335,10867.675
8537,3613.13,10997.705
8538,3131.911666666667,11057.616666666667
8540,3649.404666666667,11255.526666666667
8542,5360.025,1447.65
8543,5893.116,1618.0565
8545,5932.94,1837.313
8546,3741.907333333333,2006.1266666666668
8547,5667.048,2459.8673333333336
8548,7060.90075,2490.6695
8549,7610.03,2541.97
8550,8026.2318749999995,3099.655625
8551,6946.087142857143,3093.8702857142857
8552,6807.997666666667,3117.2928333333334
8553,7217.834375,3256.2512500000003
8556,4085.489,6014.422
8558,8161.44325,6341.2945
8559,10469.28,6445.298
8560,9331.607,6673.3475
8561,5428.5064999999995,6729.705
8562,3372.585333333334,6950.952666666667
8563,9272.5505,7157.0560000000005
8564,3327.8019999999997,7588.124
8565,552.7778000000001,7714.0875
8567,2645.964,8268.79
8568,7707.76,8355.764
8569,7233.1025,8448.3455
8570,4319.837,8813.293
8571,1875.0,8922.286
8574,4634.14,9580.047
8575,4386.758,9630.686
8576,5878.674,9685.978
8577,800.03205,9816.9645
8578,3827.738,9817.846
8579,4322.7055,9847.171999999999
8581,253.14463333333333,10028.123333333335
8582,3778.0073333333335,10145.51
8583,4143.7847142857145,10606.492857142857
8584,989.8243,10599.35
8586,5448.263,1575.1725000000001
8587,6015.932,1929.409
8588,5722.856,2381.172
8590,6888.51,2552.51675
8591,7400.13,2814.777666666667
8592,1690.714,3597.98
8594,10606.615,4824.63975
8596,3192.275,5642.7585
8599,2311.2889999999998,5925.696857142857
8600,10991.385,5948.0485
8601,2934.2285,6112.1935
8603,6769.059,6307.588
8605,10339.5,6508.5
8606,11000.395,6708.492749999999
8607,1292.5753333333334,6758.163666666667
8608,3672.25,6938.953
8610,9215.869,7005.557
8611,1604.5365000000002,7536.513
8612,9212.1805,7608.741375
8613,1600.206,7994.857
8615,8179.33075,8127.86125
8616,533.4238333333333,8302.039999999999
8617,7650.041,8392.898
8619,3537.0166666666664,8399.245333333334
8620,7169.728999999999,8460.2025
8622,3479.2394999999997,8648.636
8623,5986.2582,8656.0424
8624,3832.42,8680.6
8625,6192.86475,8733.231
8626,2935.576,8988.212
8628,5243.297,9341.259333333333
8629,4388.415,9355.890500000001
8630,4709.187,9449.341
8633,1166.1275,9642.3145
8635,669.87285,9698.603500000001
8636,1456.6586666666665,9713.613666666666
8637,2528.318,9823.227
8638,4851.05925,9835.815999999999
8640,3929.0,10164.08
8641,3852.6165,10210.76
8642,4452.331999999999,10222.623333333335
8643,638.3667,10222.87
8644,4640.5425,10238.470000000001
8645,4048.0,10563.0
8646,2372.2415,10839.885
8647,1516.31075,10820.25
8648,3867.8064999999997,10954.955
8649,3570.691,10975.76
8651,1804.607,11206.59
8654,5033.861,1617.389
8655,5855.2255000000005,1749.972
8657,4456.886333333333,1871.7076666666665
8659,4336.056,2318.667
8660,7546.826,2691.5
8661,6233.47775,2700.58725
8662,7502.645,2969.7773333333334
8663,5240.863,3043.3933333333334
8665,1555.309142857143,3460.717
8667,8719.822,3704.857
8668,1610.164,3869.6083333333336
8670,8312.862799999999,4065.916
8671,7020.9625,4106.5875
8674,1295.3135,4479.123
8676,8236.7235,4584.99
8677,7825.1625,4585.0815
8678,10719.218333333334,4671.323166666666
8679,2777.6065,4978.6404999999995
8682,5154.981,5951.923
8683,2260.897,6081.947
8684,2252.184,6110.079
8685,3042.038,6253.755
8687,3718.837,6423.1630000000005
8689,5652.0,6711.5
8690,2145.745,6815.261
8691,5721.342000000001,6788.725
8692,10765.056,6798.200200000001
8693,8006.4565,6922.0875
8695,949.8833,6980.983
8696,8712.125,7108.818
8697,5702.395,7192.767
8698,4657.154,7631.974
8699,8841.698,7770.884
8702,6210.917,8693.396
8703,1376.835,8897.583999999999
8704,1900.011,8926.175
8705,1936.18,9074.197
8706,4828.513,9333.7565
8708,4766.585,9345.015500000001
8710,6161.315,9687.831
8711,4418.175,9713.174799999999
8712,1932.80475,9795.92675
8714,4277.9705,10290.485
8716,4418.412,10325.093333333332
8717,1846.579,10389.02
8718,1866.2797500000001,10412.0025
8719,2848.2380000000003,10537.805
8720,1668.0044000000003,10612.978
8721,1126.7606666666668,10748.446666666667
8723,2325.1572,10958.261999999999
8725,2932.7735000000002,11195.725
8726,3404.6099999999997,11374.125
8729,5014.059,1194.485
8730,5483.163333333333,1345.2083333333333
8731,5398.357,1434.871
8732,5410.163666666666,1650.9756666666665
8736,5479.962,2111.019
8737,6152.2375,2128.227
8738,6169.569333333333,2680.9869999999996
8739,7254.6355,2956.379
8740,6132.6185000000005,2997.678
8743,8876.667,3869.0152000000003
8744,6172.021,3872.917
8750,10406.51,6464.451
8751,10336.126666666667,6531.539666666667
8752,9407.374666666667,6694.213500000001
8753,10463.395,7028.21775
8754,1667.2215,7053.983
8756,8146.790999999999,7221.216
8757,5773.5,7210.5
8758,1426.33625,7343.111
8759,1608.7606666666668,7477.8803333333335
8760,882.11265,7578.64125
8761,9997.569,7596.28
8764,911.9761,7839.046333333333
8765,8230.537499999999,8106.4245
8766,8224.69,8187.69
8767,357.3661,8434.016
8768,2295.578,8663.2305
8769,6437.6095,8776.707833333334
8770,4676.108,8913.042000000001
8771,5247.627,9003.153
8772,5363.347,9439.286
8775,4701.249,10365.683333333332
8776,2732.52925,10500.785
8777,2674.141666666667,10656.230000000001
8778,1414.61025,10691.8525
8779,3105.092,10713.88
8782,4520.5945,10865.3025
8783,3414.4764999999998,11338.744999999999
8785,5461.188,269.6522
8787,5098.527666666666,1249.479
8788,4517.755,1296.302
8789,6259.13,1508.58
8790,5482.504,1605.4935
8791,5467.816,1665.98
8792,4445.976,1777.476
8793,5604.433,1780.367
8794,5884.42,1869.4775
8795,5976.473,1915.1970000000001
8797,4195.878,1991.735
8801,5047.189,2124.779
8802,5550.0825,2186.2385000000004
8803,7105.164500000001,2400.557
8804,7890.9857142857145,2597.9085714285716
8805,7680.772,2614.1965
8806,6137.010833333334,2688.3375
8807,7547.8576,2728.243
8808,2045.2306666666666,2720.241666666667
8809,6230.428,2742.0553333333337
8810,4562.333,2786.333
8811,4779.213,2797.8554999999997
8814,5104.483,2913.897
8815,6806.30725,3346.55
8819,7137.045,3717.477
8820,7813.917,3863.85
8824,1529.3955,4087.683
8825,9982.571,4123.937
8827,8224.246,4172.5335
8828,1241.928,4182.856
8829,8581.3595,4376.1720000000005
8838,2863.5119999999997,6268.5285
8839,2877.278333333333,6294.379333333333
8841,10560.35,6387.022
8842,10393.42,6426.346
8843,10901.25,6513.9845000000005
8845,4679.674,6583.326
8846,5597.094333333333,6656.604
8847,10055.143333333333,6686.586
8849,7054.3445,6901.793
8850,5935.47175,6984.51175
8851,9931.3865,7030.3645
8855,10691.46,7379.013
8857,7515.854,7480.317
8858,4419.342666666666,7510.652333333334
8859,9056.905,7573.476500000001
8860,1495.5,7570.0
8861,1969.0441428571428,7658.869142857143
8862,908.7176,7810.682
8863,1059.0120000000002,7953.291499999999
8864,1300.286,8155.362
8866,729.4967333333334,8228.896
8868,658.474025,8536.58575
8869,1295.64,8552.6
8870,787.17886,8599.367600000001
8871,6905.584,8598.3695
8872,4679.574,8716.029
8873,2905.47475,8751.38625
8874,268.34499999999997,8778.813666666667
8875,6943.859,8777.984666666665
8876,1950.229,8806.2
8877,6199.459666666667,8795.973666666667
8878,2102.277,8814.55275
8879,2115.317,8832.293
8880,1637.82,8825.393
8881,3326.22,8895.14
8882,1189.0315,9122.671
8884,431.446175,9165.265
8885,6567.128,9234.085
8886,4417.783857142857,9343.891285714286
8888,2266.1263333333336,9374.323666666667
8889,4569.635571428572,9392.563
8890,5401.548,9437.083
8891,1167.267,9434.441
8892,4717.678,9497.085
8895,2363.7476666666666,9961.469
8896,4910.134,10013.515
8897,4557.855,10041.91
8898,3744.044,10118.95
8901,2510.987,10260.44
8902,1704.6424,10482.022
8903,3896.115333333333,10500.81
8906,3378.1896666666667,10674.763333333334
8907,3401.11825,10681.065
8908,3375.392,10698.006666666666
8909,4253.334666666667,10686.15
8910,3086.508,10678.84
8911,3462.0413999999996,10708.236
8912,3564.565,10783.24
8913,2975.112,10831.005000000001
8914,4043.509,10821.220000000001
8915,3150.8395,10931.0
8916,1502.286,11013.71
8917,3359.401,11065.805
8918,3135.469,11192.34
8920,2950.547,11274.095000000001
8921,3753.905666666667,11313.303333333335
8922,3621.781,11396.53
8925,5374.815,587.0
8930,5897.631,1384.393
8931,6089.182,1648.318
8933,4418.916499999999,1772.9445
8934,5142.2755,1855.8600000000001
8936,5521.558,2439.827
8937,7568.958,2698.208
8938,6232.014,2820.352
8940,7462.6734,2981.6036
8941,7859.958166666666,3016.8821666666668
8943,7945.318666666666,3039.9045
8944,5255.421,3059.289
8945,6775.8535,3117.1895
8948,7311.888,3376.031333333333
8949,4125.519,3357.5
8951,5094.109,3529.435
8952,5089.4195,3559.5155
8953,9285.841400000001,3871.2366
8956,4338.346,4100.25
8960,1524.296,4266.634
8961,2938.918,5986.508
8966,2876.5183333333334,6353.498333333333
8967,2901.096,6427.5055
8971,5573.263,6655.632
8972,6102.387,6831.484
8973,3723.413,6953.0
8974,5555.0,6975.5
8978,2488.79375,7336.0735
8979,963.6807333333333,7336.327499999999
8981,9100.2435,7450.152
8982,3305.87,7493.478
8983,984.5715400000001,7565.7256
8984,600.1157499999999,7634.7435000000005
8985,1097.019,7733.407
8986,497.10204999999996,7738.487499999999
8988,765.407,7903.965
8989,1533.655,7884.782
8990,7999.317,8039.6185000000005
8992,6412.171,8211.951
8994,2532.292,8344.993
8996,7700.644,8347.562
8997,2518.353,8355.776
8998,3651.1956666666665,8412.076166666666
8999,2374.1733333333336,8537.616666666667
9000,658.72818,8566.1454
9001,4474.104,8800.91475
9004,6044.407,9121.926
9006,4792.580333333332,9329.225333333334
9007,1678.1765,9311.927500000002
9008,1662.0684999999999,9350.634
9010,6321.824,9508.824
9011,2139.045,9608.969166666668
9013,424.9536,9772.163
9016,2972.42,9987.76
9018,1663.036,10123.915
9022,2631.8445,10390.535
9023,2529.6128,10526.558
9024,3483.8485,10556.23
9028,3078.465,10940.6875
9029,1786.19,10973.1
9030,2763.66,10955.56
9031,3332.8393333333333,11063.683333333334
9032,3337.831333333333,11116.646666666667
9033,1843.841,11154.87
9034,3908.301,11313.939999999999
9038,5478.667,1533.222
9039,5380.218,1689.0645
9040,6208.563333333333,1785.112
9041,3111.09,1929.4045
9042,6041.486666666667,1920.5286666666668
9045,4042.3,2132.5
9046,5902.744,2178.476
9047,6888.3394,2580.0708
9048,7913.921714285714,2584.37
9049,6210.437444444444,2634.543888888889
9050,7888.414124999999,2690.941625
9051,7807.929,2724.69
9052,6098.091399999999,2716.1004000000003
9053,6203.146000000001,2764.4585
9055,8074.33325,3062.94125
9056,5547.351500000001,3237.93075
9057,6784.4405,3324.0785
9058,7527.684,3381.379
9059,7542.731,3398.2865
9061,8498.663333333332,3490.7386666666666
9063,8835.097,3618.711
9064,8804.5325,3705.9974
9065,8288.921,4043.1405
9066,2007.569,4510.603
9069,10735.11,5961.0
9071,3168.774,6225.903
9072,5154.636,6294.273
9073,10026.273333333333,6349.601333333333
9075,8215.3625,6454.74675
9076,10886.689999999999,6493.7695
9080,1203.053777777778,6775.587333333333
9081,10065.26,6778.4825
9084,4738.3955000000005,7092.4105
9085,1247.07775,7104.50375
9086,4755.9025,7166.6525
9087,9178.646999999999,7205.8264285714295
9088,10342.86,7230.724
9089,3560.585333333334,7283.639333333333
9091,9722.34075,7372.81875
9092,2592.551,7456.411
9094,1171.276,7703.8225999999995
9096,4129.662,7805.9895
9098,1244.1480000000001,8105.04875
9100,2309.6255,8343.997500000001
9101,7868.40625,8514.167
9102,7438.923,8516.231
9103,2068.64,8636.767333333333
9104,2897.720333333333,8670.069333333333
9105,812.32215,8856.544000000002
9106,3393.5123333333336,8867.596333333333
9107,4876.555333333334,8949.658
9108,1194.98,9052.59
9109,1935.331,9039.9035
9110,6882.312,9141.6355
9112,4084.505,9213.98
9113,6664.881,9258.048
9114,3080.8815,9364.724
9115,1753.9186666666667,9502.057999999999
9116,4918.919,9533.838
9117,4431.2,9538.575
9118,1802.887,9726.746
9119,2933.8006666666665,9753.439
9120,5158.288,9808.973
9121,3835.9,10139.0
9122,596.9718333333334,10170.161666666667
9124,4314.220666666667,10240.733333333332
9126,1479.033,10559.0
9127,4246.538,10692.18
9128,2847.522,10954.925
9129,1514.7565,11202.45
9130,1051.8566666666666,11415.286666666667
9131,5334.358249999999,878.4146000000001
9132,5771.286,1228.714
9133,4462.579,1372.579
9135,4735.726000000001,1845.4515000000001
9139,4777.0,2214.0
9141,5045.808,2299.269
9143,5711.317,2445.567
9144,5606.897,2475.6836666666663
9145,8219.93,2758.03625
9146,4784.519,2831.019
9147,5251.788333333333,3074.5433333333335
9148,7398.654285714286,3088.532857142857
9149,5066.990666666667,3141.444333333333
9151,8494.13875,3461.531
9152,1719.2395000000001,3665.391
9153,8915.84525,3862.8815
9154,8788.716333333332,3913.978333333333
9155,7309.459,4093.9325
9156,1624.6689999999999,4145.236333333333
9158,3453.105,4649.0
9159,10564.74,4687.125
9160,3593.206,4782.324
9164,4790.1,5986.0
9166,8073.021,6195.208
9167,8135.474,6230.684
9168,4994.097,6251.484
9169,10414.095000000001,6396.395
9170,10456.045,6429.1900000000005
9171,2166.9392857142857,6476.793571428571
9172,4453.789,6663.368
9174,1467.4044999999999,6747.879166666667
9176,10217.1175,6800.52425
9177,10717.965,6909.5985
9178,10043.706,6929.878200000001
9179,4195.3606666666665,6962.680666666667
9180,927.17105,6988.0655
9183,684.3742,7389.145
9184,676.3529,7443.843
9187,1148.977,7573.841
9189,6166.945,7609.968
9191,3157.2309999999998,7769.968500000001
9192,511.2454666666667,7805.6196666666665
9194,1488.829,8024.8
9196,8751.766,8021.5
9197,1168.161,8192.274
9198,4168.03,8192.682
9199,362.1348,8418.007666666666
9200,7155.387,8471.533
9201,7617.198,8489.967333333334
9203,1589.58125,8629.662
9205,5739.951,8719.78
9206,2950.8959999999997,8710.42125
9207,290.2525,8760.0965
9208,807.47405,8801.7455
9209,712.087,8881.022
9210,750.7173333333334,8873.273000000001
9212,3414.26,8946.34
9214,4928.513,8973.355666666668
9216,6149.111,9144.321
9217,2508.058,9151.513666666668
9218,799.8981,9196.3855
9219,1614.983,9280.254
9220,1938.953,9333.169
9221,3670.917,9370.604
9222,1644.23,9392.148
9223,228.43226666666666,9754.502999999999
9224,860.51325,9755.191
9225,5441.422,9972.156
9226,1967.834,9948.531
9229,3717.5635,10129.814999999999
9231,4283.786,10266.69
9232,2950.967,10377.87
9233,4302.98275,10412.1675
9235,2545.8375,10513.07
9237,761.91225,10592.125
9239,3806.2726666666663,10837.196666666667
9240,3015.404,10960.3575
9241,1376.076,11038.005000000001
9242,1441.568,11163.08
9243,1505.451,11166.48
9244,4690.662,581.8769
9245,6024.682,1169.227
9247,5091.679,1945.821
9248,6138.162666666667,1934.5573333333332
9249,5394.686,2059.743
9250,6856.286,2255.286
9251,5138.333,2566.167
9252,3014.915,2865.489
9253,7447.292,2986.35
9255,1658.3075,4075.0085
9258,3078.873,5556.241
9259,2610.827,5705.693
9260,7429.795,5933.487
9262,2163.07575,6100.23225
9264,10098.115,6456.4445
9266,1673.7853333333333,7044.408
9269,9545.589999999998,7110.520666666666
9270,8809.655999999999,7169.9305
9271,3917.7264999999998,7194.1105
9274,8498.85,7246.775
9275,5565.5905,7426.9785
9276,9483.1875,7471.356
9278,890.3469,7831.653
9279,718.2140333333333,7996.166666666667
9280,7809.167,8189.111
9281,7833.157,8211.118333333334
9282,4393.815,8476.278
9283,661.671125,8515.59175
9285,6695.133285714285,8740.715857142857
9287,1944.22225,9161.16475
9288,2680.545,9329.212
9290,5395.741,9744.704
9291,3129.184,9890.796
9293,4928.79,9953.806
9294,271.32915,10063.8975
9295,4492.144,10215.72
9296,1881.2074,10456.039999999999
9298,1318.3546666666668,10900.456666666667
9301,2769.0910000000003,11264.353333333333
9302,1971.026,11507.61
9304,4582.674,1126.0745
9305,4818.553,1261.0825
9306,4294.5,2017.1
9307,4384.128,2530.359
9310,8403.94625,3919.29775
9312,9914.051,4164.655166666666
9313,10793.447142857143,5390.210571428572
9316,11103.57,5804.381666666667
9317,10294.6,6253.1
9320,2367.353,6732.706
9321,4572.264,6725.9535
9322,1253.7075,6778.7185
9323,5939.387,6791.0
9327,1926.053,7121.453
9329,8766.824,7257.141
9330,9737.3505,7409.834
9331,4078.947,7551.872
9333,3206.608,7923.759
9334,1122.8685,8198.0625
9335,6035.047,8417.155333333334
9336,2016.5733333333335,8446.642333333333
9337,6741.946333333333,8592.972333333333
9338,584.5410666666667,8701.899333333333
9339,2573.854,8733.208
9340,6040.032999999999,8764.824
9341,6509.683,9171.537
9342,6486.784,9175.922
9345,6246.155000000001,9365.238000000001
9346,4690.106,9387.183
9347,558.258175,9412.61325
9350,1782.0354,9527.9682
9352,1725.694,9652.461500000001
9353,4167.5095,9762.019499999999
9354,3129.348,9959.285
9355,2890.9025,10015.305
9356,1315.2823333333333,10038.713333333333
9357,2756.0686666666666,10082.84
9358,1459.059,10120.84
9359,2568.45775,10121.8575
9360,3829.571,10154.04
9361,3835.893,10314.71
9362,1633.05375,10407.57625
9363,3588.4446000000003,10529.689999999999
9364,3795.276,10558.76
9365,3979.149,10546.772500000001
9366,3893.6975,10591.744999999999
9367,3711.5935,10789.595000000001
9369,3729.0055,10820.125
9370,1651.444,10888.28
9371,4496.286666666667,10951.279999999999
9372,3253.13625,10963.045
9373,1845.257,10987.48
9374,1561.4135,10983.779999999999
9376,2964.754,11284.33
9377,2769.2781999999997,11325.608
9379,4626.208,951.2917
9381,5332.4905,1249.5185000000001
9382,4679.42,1426.4156666666668
9383,6175.4995,1781.2635
9384,6182.2418,1905.2678
9385,5566.375,2059.429
9388,5827.25,2225.806
9390,6688.466166666666,2377.606333333333
9391,7155.9085,2418.2055
9393,6479.266,2602.67
9394,1834.346,2748.673
9395,7297.518,2795.093
9396,7447.6615,3231.9595
9397,8497.9045,3251.044
9398,7464.999400000001,3257.6918
9401,5486.470499999999,3419.923
9402,7504.162555555556,3635.7091111111113
9403,4781.28,3662.58
9404,6187.083,3803.0
9406,8711.4825,3875.4075000000003
9407,1639.714,4095.829
9411,1752.1153333333332,4500.374333333333
9412,10700.703333333333,4754.761333333333
9413,10714.30375,4963.70975
9414,10593.66,5263.099
9415,2712.407,5293.926
9417,10707.55,5651.722
9420,10814.39,6091.71
9421,3262.0,6114.811
9422,3098.543,6187.8045
9424,5015.172,6252.672
9426,8187.702,6319.368
9427,4811.953,6346.093
9428,4017.875,6384.672
9431,10115.455,6761.26725
9433,3739.4195,6955.9595
9434,5600.186333333334,6955.469666666667
9435,2321.9320000000002,6954.621666666666
9437,2031.08525,6973.5475
9438,4052.42825,6975.6055
9440,5791.257,7101.371
9441,7501.79325,7144.53925
9443,3936.848,7274.374
9444,8833.034,7328.7455
9445,9121.866,7463.329
9446,613.24125,7711.7275
9447,1227.7269999999999,7717.7315
9448,6159.395333333334,7751.500666666667
9449,3751.5,7769.0
9450,8948.004666666668,7764.687666666666
9451,3487.816,7858.895
9453,7910.948333333334,7997.175666666667
9455,1248.1093333333333,8110.018666666667
9458,7501.8,8370.0
9459,6033.986,8406.162
9460,3309.716,8420.743
9461,2715.492,8450.0455
9463,602.64948,8675.797
9464,3395.216,8825.8745
9465,1184.2273333333333,8936.209
9466,5350.605666666666,8943.207666666667
9467,484.1705666666667,8967.431333333334
9468,1082.747,9244.253
9469,2199.558,9315.308
9470,1671.5903333333333,9378.29
9472,1676.5304999999998,9428.989000000001
9473,4674.135,9434.673
9474,661.8143,9437.5355
9475,365.4634,9501.756
9477,1351.4785,9542.624833333333
9478,4450.488,9544.826
9480,2862.594,9606.333
9481,4529.247333333333,9619.437666666667
9483,5679.695,9709.683
9484,1930.1695,9746.417
9485,813.3126333333333,9749.719666666666
9486,4186.99775,9771.95575
9487,5728.393,9822.476
9488,3230.637,9836.725
9489,2683.9356666666667,9895.792333333333
9490,1460.079,9880.184
9493,1805.582,9990.327
9494,873.83695,10049.235
9495,3686.234,10151.75
9496,1698.8829999999998,10168.380000000001
9497,1661.073,10192.82
9498,1689.1175,10189.195
9499,4723.511,10267.72
9500,4277.5,10303.38
9501,2696.596,10349.15
9502,2109.1886666666664,10386.359999999999
9503,1968.854,10394.04
9504,3129.2495,10459.33
9506,1487.56975,10534.5375
9507,3436.557,10695.045
9508,2973.1175000000003,10691.150000000001
9509,3003.886,10750.175
9510,1986.4238,10855.746000000001
9511,1797.398,10970.18
9512,1823.118333333333,11010.35
9518,5533.343,118.2857
9519,5401.945,578.3636
9522,5103.068,1133.432
9523,5348.226,1176.774
9524,5188.744000000001,1193.6165
9528,5865.5,1687.818
9530,4402.826499999999,1777.9675
9531,4711.818,1809.636
9532,2958.9695,1875.0895
9533,5374.825,1906.413
9536,5110.5,2079.5
9537,4047.9305,2168.3720000000003
9538,5792.303,2287.697
9539,5129.9785,2376.8990000000003
9540,4724.6,2822.4
9541,4754.091,2825.545
9543,7433.662,2980.986
9544,7394.9575,3064.9575
9545,8833.077,3682.026
9546,8915.964,3852.107
9547,1251.15,4109.775
9548,4306.981,4100.75
9549,8241.521499999999,4148.152
9554,3583.333,5412.778
9557,4940.903,5867.484
9558,7746.271,5890.792
9559,3445.421,6026.509
9561,2776.0460000000003,6435.5725
9562,10980.77,6458.42
9563,10453.41,6462.408
9564,7834.3745,6512.5025000000005
9566,10738.5,6525.2
9567,6051.895,6646.0
9568,9894.706333333334,6712.1140000000005
9571,9861.396499999999,6880.383
9575,4050.0,7004.222
9576,9169.7135,7030.586499999999
9577,1346.4076666666667,7122.868333333333
9578,10375.689999999999,7125.8728
9580,7459.84,7346.707
9581,9512.781,7371.703
9583,843.0612,7531.184
9584,862.1849666666667,7538.3656666666675
9585,4050.978,7547.4439999999995
9586,9050.891,7591.0
9587,1185.6019999999999,7601.59025
9590,1344.261,8034.783
9592,8575.410666666667,8095.719666666667
9593,8192.835500000001,8242.9565
9594,7563.1915,8336.2025
9596,1357.35175,8504.09475
9597,7601.557,8596.049
9598,2818.5964,8647.1592
9599,3129.1809999999996,8656.04
9600,1204.878,8693.49
9601,5795.586666666666,8697.537
9602,1538.7145714285714,8683.518
9603,6997.6932,8723.382399999999
9604,312.1528,8771.319
9605,198.0312,8763.712
9606,4163.2685,8781.2245
9607,6149.957,8781.315
9609,6451.302000000001,9027.763666666666
9610,160.56282000000002,9085.1268
9611,6802.075,9182.0425
9612,4399.028,9288.943
9613,5902.643,9296.6525
9614,2290.885333333333,9369.840666666667
9616,4680.635,9445.905
9617,4435.912333333334,9514.867666666667
9618,3454.707,9563.69
9619,4193.629,9685.4
9620,1434.1233333333332,9695.151333333333
9621,5465.5885,9706.757000000001
9624,3460.5,10108.5
9625,3055.315666666667,10184.82
9626,1782.1109999999999,10312.025
9627,3476.487,10510.9
9628,4243.658,10526.29
9629,3895.089,10570.69
9631,1609.254,10627.085
9632,3245.1310000000003,10712.72
9633,3477.314,10713.06
9635,2954.52675,10808.825
9636,790.625,10828.94
9637,4149.839666666667,10838.449999999999
9638,3083.0,10858.89
9639,1542.862,10892.16
9640,1093.5696666666665,10901.963333333333
9641,1307.217,10914.55
9642,4093.6200000000003,10954.226666666667
9643,3354.518,11046.903333333334
9644,2205.8393333333333,11066.846666666666
9645,1908.4156666666668,11179.173333333332
9646,2613.0344999999998,11263.275
9647,1596.117,11301.37
9648,3485.294,11368.645
9649,2246.8585000000003,11611.369999999999
9650,5048.424,886.3729
9653,5900.152,1659.939
9654,5331.462,1891.135
9656,6053.609,1967.21975
9657,5062.774,2120.019
9661,6831.666,2257.4120000000003
9665,8364.518555555556,3132.7258888888887
9666,8521.939,3255.408
9667,5476.807666666667,3405.632
9668,5278.016,3422.111
9671,6992.38,3756.239
9674,7331.051625,3870.911125
9676,7165.5605,3987.7255
9678,5447.421,4102.982
9680,8616.986499999999,4190.15675
9683,10563.68,4716.7966
9684,1987.7939999999999,4773.0515
9686,10662.27,5217.0
9688,3149.41125,5552.6317500000005
9689,10774.68,5779.8605
9690,7625.25,5850.714
9691,5421.351,5976.676
9692,2804.927,5983.455
9693,5406.14,6036.302
9694,9968.878,6100.286
9701,6776.678,6326.627
9703,10437.285,6520.790999999999
9704,3441.2745,6552.8125
9706,5224.318,6615.773
9707,9491.241666666667,6672.325666666667
9709,10152.055,6763.217500000001
9710,5056.974,6986.921
9711,9369.387666666667,6989.512
9712,1079.4572,6994.7122
9714,10436.112500000001,7106.55775
9720,1214.556,7653.667
9722,553.2524999999999,7911.736857142857
9723,5211.316666666667,7975.945
9725,2389.2039999999997,8148.222
9727,7933.0,8509.5
9728,508.22825,8547.24575
9729,4701.831,8546.597
9730,7052.28675,8592.76325
9731,7498.248,8670.7985
9732,7599.98225,8678.45075
9734,5664.293666666667,8771.921333333334
9735,717.3308999999999,8855.6415
9736,5996.60375,8913.48675
9737,1168.782,9167.487
9739,2965.367,9248.4
9740,1640.167,9258.107
9741,3566.36,9287.138666666668
9742,4374.71675,9299.158749999999
9743,3393.473,9399.545
9744,4523.441,9434.288
9747,5939.905000000001,9483.127
9749,5933.833500000001,9574.233499999998
9751,1955.8463333333332,9789.941333333334
9752,4262.477,9903.81175
9753,3749.773,9983.365399999999
9755,3035.1859999999997,10167.455
9757,3257.5665,10175.075
9758,3598.3813333333333,10340.876666666667
9759,3177.429,10345.535
9761,3457.6945,10572.685000000001
9762,468.0811,10622.465
9763,4234.167,10692.14
9764,2257.524,10717.57
9765,2497.4968,10761.545999999998
9766,2340.5265,10792.29
9767,1970.246,11050.455
9768,611.1324,11160.13
9769,3022.2009999999996,11217.029999999999
9770,968.3699,11377.22
9771,3254.1175,11443.75
9772,3009.296,11490.54
9773,2177.511,11582.94
9775,6251.32,1520.16
9776,4541.397,1607.589
9780,5412.553,2081.053
9781,5540.736,2130.403
9782,4432.8893333333335,2555.067
9783,4940.14,2895.291
9784,1969.5,2922.5
9785,7276.965333333334,3032.665333333333
9786,6625.4025,3128.7325
9787,8978.516000000001,3356.9846666666667
9788,8653.8165,3445.7045
9790,8869.7215,3847.3575
9792,1489.6085,4149.4265
9793,8254.740333333333,4152.121
9795,10450.76,4366.441
9798,3008.055,5104.0115
9802,9685.6305,5912.915
9804,7392.5,5998.3845
9805,4624.833,6328.267
9807,5753.8955000000005,6412.764999999999
9808,10032.964,6541.358
9810,6945.125,6583.0
9811,9774.31325,6607.3425
9812,7876.971,6605.706
9814,9522.841555555555,6695.639111111112
9815,10764.413333333332,6701.151666666668
9817,1751.9016,6895.3434
9819,10369.460000000001,6984.880166666667
9821,2211.7424,7348.565
9822,9348.842,7483.421
9823,3914.392,7489.039
9826,8985.153,7836.2029999999995
9829,6323.349,8077.558
9830,6290.6055,8101.967500000001
9831,7918.9535,8180.2145
9833,7354.956666666666,8396.344
9834,2524.0766666666664,8639.905333333334
9835,155.027,8733.838
9836,1173.288,8775.738
9837,7056.852857142857,8786.584428571428
9838,315.4667,8787.244
9839,1700.1719999999998,8802.768333333333
9840,6126.73,8870.27
9841,6149.081,8871.108
9842,6775.576666666667,9090.306999999999
9843,806.6433999999999,9224.507666666666
9844,2328.154,9284.985
9847,1837.33925,9539.91675
9848,2336.056,9620.444
9849,2626.206,9638.009
9850,2807.0834999999997,9687.537
9851,588.2143,9691.0
9852,1758.2685000000001,9918.5645
9853,2922.934,9980.492
9854,1832.8743333333332,9991.845333333333
9855,1952.265,10013.676666666666
9856,2254.4674,10041.484
9857,974.32915,10216.375
9858,4314.489,10215.09
9859,788.80268,10225.78
9860,1682.9579999999999,10268.12
9861,4190.5,10296.68
9863,1540.729,10552.985
9864,4459.738,10778.15
9865,1304.2024999999999,10827.775000000001
9866,3814.409,10873.11
9867,1968.9703333333334,10896.506666666666
9870,2265.15975,11210.4125
9874,5108.214,956.6429
9875,5265.444,996.2222
9876,5356.1975,1675.0735
9877,5319.6875,2210.6875
9878,5723.41,2398.487
9879,7634.0615,2575.3505
9880,7247.648,2744.944
9881,8018.40425,2747.7525
9882,2556.767,2921.07
9883,1766.647,2956.6139999999996
9885,7123.072111111111,3371.4352222222224
9886,1493.9205000000002,3477.7275
9890,5142.7315,3809.436
9891,9170.70925,3938.71575
9894,10078.154999999999,4048.297
9895,9527.822,4050.1866
9896,8269.0,4063.5
9897,7055.75,4097.542
9898,7938.514,4122.595
9899,7970.1875,4130.341
9900,10536.9525,4474.7705000000005
9901,9788.422,4525.422
9902,9246.927,4617.909
9903,10396.0225,4601.17425
9904,10492.7,4705.818
9907,10682.805,5254.7
9908,10660.460000000001,5276.851833333333
9919,10685.14,6319.637
9920,2850.855,6316.0
9921,2152.0550000000003,6434.0064999999995
9924,9925.113,6553.79
9926,9755.24675,6606.9075
9929,9558.841,6792.386
9930,6111.317,6803.512
9932,6652.333,6900.778
9933,6266.347,6997.653
9935,7124.945,7043.055
9936,8055.599666666666,7062.027666666666
9937,7904.9675,7204.952
9938,10362.615,7215.934499999999
9939,9590.9555,7265.8935
9940,5086.019,7431.717
9942,8557.633,7489.367
9944,633.6543,7573.926
9947,2032.5535,7691.994000000001
9950,2508.672,7984.156
9951,8243.751333333334,7980.8843333333325
9953,7929.460499999999,8076.5175
9954,6351.3428,8074.5652
9955,4886.574,8119.705
9956,7695.142,8155.138333333333
9957,1870.997,8240.2765
9958,8415.9845,8236.19
9959,7751.1534,8352.1886
9960,6435.302,8389.143
9961,7434.792,8564.093
9962,833.44625,8607.696
9963,4135.22,8736.39
9964,6414.332666666666,8795.320333333335
9971,397.96883333333335,9515.688
9974,5048.766,9658.406
9975,4397.006,9661.459666666668
9976,3944.797,9768.576
9977,1898.30175,9778.68425
9978,1134.091,9965.509
9979,1002.0,10176.69
9980,4161.149,10255.7
9983,4099.4442500000005,10461.4675
9984,1767.2773333333334,10471.146666666667
9985,4925.457,10526.285
9986,3256.797,10673.58
9987,2018.567,10727.493333333334
9988,3561.5919999999996,10761.48
9989,2758.52375,10930.4275
9990,3893.0015000000003,10952.11
9991,1816.059,10967.79
9992,2251.0375,11098.305
9994,3006.109,11220.07
9998,2783.9758,11468.454000000002
9999,2159.54,11558.130000000001
10000,2503.1766666666667,11621.699999999999
10003,6001.527,1174.491
10005,5290.173,1926.04
10006,5648.486,2102.405
10007,5343.387000000001,2228.9035
10009,8001.27,2606.873
10010,7887.631333333334,2907.5175
10011,8562.055833333334,3583.998
10012,10211.256,4578.093
10013,10375.15,4603.2995
10016,11063.62,5600.18
10018,8014.38,6248.8735
10019,10999.05,6259.575
10026,10546.635,6688.959
10028,9912.229,6849.543
10030,10538.3425,7034.58125
10033,9077.331999999999,7415.293
10035,3158.271,8427.129
10037,7369.214285714285,8496.614714285713
10038,3575.8770000000004,8485.9784
10040,4083.0789999999997,8663.7615
10041,1985.1856666666665,8735.897333333334
10042,6917.82,8767.52
10043,4448.6895,8884.513500000001
10044,1145.89,9175.397
10045,418.7422,9204.1485
10047,4068.2546666666663,9480.445
10048,1016.827,9702.235
10051,4115.004666666667,10196.96
10052,4438.6515,10224.04
10053,2898.585,10417.71
10054,2984.125,10718.06
10056,2113.652,10939.02
10057,1860.632,11033.72
10058,2840.849,11081.36
10059,3251.9,11142.19
10060,1386.357,11153.095000000001
10061,3567.074,11192.34
10062,3823.772,11274.380000000001
10064,5179.609,1507.435
10065,5917.8865000000005,1626.108
10067,6037.938,1664.691
10069,4237.432,1953.273
10070,4574.206,1981.368
10071,4882.683,1967.146
10072,4862.336,2015.69
10073,5904.32225,2075.43125
10074,4168.0185,2121.0550000000003
10075,4244.328,2117.906
10076,3810.7885,2157.8525
10077,5859.5,2243.659
10079,7274.413500000001,2702.0355
10080,7639.515909090909,2729.1065454545455
10083,4603.636,2788.727
10084,4677.271,2895.667
10085,4836.8565,2928.2205
10086,5072.5532,2955.1836
10089,8388.348666666667,3112.5850000000005
10090,1683.1931666666667,3230.718666666667
10091,8108.487,3340.645
10092,9826.442,3474.579
10093,8486.665,3510.12475
10094,8281.503666666666,3532.559333333333
10096,5193.918,3769.95775
10098,8822.698,3804.849
10099,9095.521,3877.562
10100,4257.7495,3937.1245
10101,8163.5965,3954.2635
10105,9851.331750000001,4155.5885
10106,2122.684,4176.5
10107,1679.671,4236.74675
10109,7140.5,4228.5
10111,1771.938,4338.861333333333
10113,9182.114,4355.136
10114,1939.554,4777.649
10115,2799.667,4806.778
10116,10704.720000000001,4896.7925
10117,10221.09,5285.0
10118,10712.29,5858.391
10119,3188.548,5922.845
10120,3289.917,5932.058666666667
10121,5222.031666666667,6084.562666666668
10122,6051.5,6263.5
10126,2087.6236666666664,6540.712666666666
10127,10532.94,6617.125
10129,2193.9375,6839.1865
10130,6742.6,6919.6
10131,10758.5,6956.852
10132,6144.811,6930.189
10135,9331.286,6961.143
10136,10457.266666666666,6981.659333333333
10138,2839.0585,7092.1195
10139,10291.22,7116.4
10140,8751.537,7233.833333333333
10147,1029.244,7951.049
10148,1005.1840000000001,7954.935
10151,3319.323,8221.823
10152,4211.757,8365.386
10153,2476.0536666666667,8394.128666666666
10154,3511.2174999999997,8601.767
10155,3167.952,8643.476
10156,6306.23625,8672.53675
10157,6428.452,8716.651666666667
10161,3417.906,8957.41
10163,3002.581,9086.419
10164,1142.0814285714284,9143.988
10167,4223.772,9495.719
10168,4344.31,9511.552
10170,4216.955800000001,9822.0242
10171,1465.832,9946.294333333333
10172,1122.968,9939.04975
10175,1878.368,10023.61
10176,4503.9835,10105.665
10179,3028.539666666667,10204.54
10181,1399.94475,10277.8825
10182,3601.433,10302.26
10183,589.62535,10297.585
10184,1835.557,10443.99
10185,4166.362,10626.413333333334
10186,3420.2945,10696.45
10187,2281.703,10760.91
10188,3210.952,10832.06
10189,1566.403,10854.93
10193,1670.1243333333332,11103.843333333332
10196,1358.812,11339.58
10197,2184.718,11378.54
10198,1068.455,11464.125
10201,5417.1605,1394.16
10204,5927.541,1553.973
10205,4922.0,1670.143
10206,5695.472,1692.819
10207,5565.985,1749.147
10210,4641.082,2002.0
10211,4211.3755,2010.5594999999998
10217,4152.239,2321.413
10218,2165.6186666666667,2360.4526666666666
10219,4687.788,2743.154
10221,8363.18825,2917.361
10222,4731.56,3016.34
10224,5325.067,3466.714
10225,8332.409,3597.446
10226,5213.11,3725.466
10228,4885.52,3786.7555
10229,7402.9905,3774.9465
10230,5212.525,3817.902
10231,1542.583,3831.095
10232,7409.348,3850.939
10233,7284.77875,3855.56525
10235,8756.812249999999,4021.58375
10236,9867.7925,4113.3145
10237,7165.6415,4226.29875
10238,1726.433,4317.0995
10240,1886.593,4459.153
10243,1981.613,4764.886666666666
10244,2569.333,4999.222
10245,2586.836,5032.945
10247,4995.135,5223.243
10248,10792.15,5627.85
10250,10709.7,5670.266
10252,5148.589,5927.648999999999
10254,7392.311,6318.6165
10255,5598.214,6381.786
10257,1623.518,6478.503333333334
10258,10512.77,6519.885
10259,10340.1,6670.2595
10260,1188.474,6729.526
10261,10349.89,6762.185
10262,9877.146,6761.40675
10265,10684.353333333333,6807.920333333333
10268,7520.078,7196.052
10270,2640.085,7380.102
10271,631.13524,7554.1204
10272,630.8333,7642.424
10274,2091.0365,8027.1235
10275,4084.9065,8062.5095
10276,1019.5654000000001,8303.3642
10277,2514.6025,8375.114
10278,4580.5986,8464.173999999999
10279,285.2568,8501.6
10281,7737.85,8581.225
10282,1842.2783333333334,8605.467666666666
10283,4127.7638,8880.1792
10284,6937.687,8879.117125
10285,4042.0,8964.283
10286,6427.222,9097.222
10287,1801.8629999999998,9546.137
10289,3150.278,9659.083
10292,4264.1245,9940.576000000001
10294,2057.987,9968.837
10295,987.6277,10111.57
10297,3583.2065000000002,10138.535
10299,921.0652,10178.33
10301,4230.091,10254.7775
10302,3686.82,10344.26
10303,2659.026,10359.88
10304,1550.714,10385.37
10305,1251.635,10417.904999999999
10307,3431.94825,10527.45
10308,2472.821,10528.925
10311,4240.6615,10668.275
10312,2958.438,10699.75
10313,2962.725,10723.73
10314,3683.3876000000005,10760.684
10315,2375.7145,10784.494999999999
10316,1268.3919999999998,10886.555
10317,1221.511,10906.029999999999
10318,3893.324,10906.76
10320,3450.6175,10959.045
10322,3413.7,11064.78
10323,1882.6116666666667,11272.073333333334
10325,2646.6000000000004,11529.49
10326,5577.4005,455.20155
10327,5048.756,1065.756
10330,4463.5,1762.0
10332,5238.586,2087.862
10333,5413.084000000001,2096.3575
10334,5756.09325,2167.302
10336,6490.9305,2323.3435
10339,4644.092,2733.923
10340,7600.0722,2762.8514
10341,7445.205,3208.725
10343,5563.2955,3404.67425
10344,6837.4745,3644.797
10347,4303.0,4131.465
10348,1795.2910000000002,4317.636
10350,7881.098,4564.976
10351,10178.111428571428,4565.7339999999995
10352,2195.4585,5130.4515
10354,10824.119999999999,5730.013
10356,2926.1435,5981.16625
10359,4279.592,6278.8135
10360,6676.5,6304.5
10363,1868.3745,6431.0355
10364,8051.795,6441.188625
10365,10135.593333333332,6474.233333333334
10366,10411.225,6484.1745
10367,9630.0,6617.588
10368,7936.38,6638.347
10369,10339.343333333332,6638.506666666667
10370,5509.845,6750.828
10371,10789.23,6849.429
10372,3668.873,6890.762
10375,10481.467499999999,7338.549
10376,9374.563,7435.113
10377,1473.7125,7506.460999999999
10378,10300.0,7698.712
10379,10322.49,7717.929
10381,2118.963,8078.183
10382,2493.688,8158.826666666667
10383,8218.074,8249.897
10384,663.5275666666666,8295.944333333333
10385,7801.31,8369.548
10386,291.7632,8483.816
10387,3243.3486666666668,8488.809333333333
10388,7645.579,8497.737
10389,7645.545,8512.3005
10390,7893.5,8500.58
10391,5958.78475,8665.39225
10392,619.6976,8695.13
10393,6097.0195,8728.383
10394,1396.6585,8723.798999999999
10395,619.2893,9068.206333333334
10396,3923.566666666667,9059.106333333333
10399,2850.4545,9351.068500000001
10400,2293.244,9391.852166666666
10404,6139.298,9719.404
10405,364.579025,9773.01025
10407,5276.592,9890.592
10408,4605.979,9924.253
10409,3541.8875,10080.2875
10410,2599.431,10129.67
10411,3075.569,10172.89
10414,1789.235,10368.97
10415,3766.5996666666665,10492.54
10417,695.0909,10620.41
10418,1264.708,10628.7
10419,3852.404,10980.51
10421,3997.3,11145.735
10422,2235.703666666667,11292.5
10423,2343.2112,11354.132000000001
10424,2651.061,11498.395
10425,5344.212,238.8462
10432,4583.968,1272.597
10433,5988.848,1290.455
10434,5300.0,1302.094
10435,6074.938,1547.646
10437,4852.783,1646.517
10440,5461.033,1928.511
10444,6500.836,2308.909
10446,7079.0,2483.417
10447,2030.4983333333332,2697.5376666666666
10450,4263.647,2801.647
10452,4912.87425,2852.1955
10453,5917.147666666667,2935.5123333333336
10456,7716.132,3166.1905
10457,8458.643,3226.0796666666665
10458,7485.576666666667,3256.3116666666665
10460,1534.7646666666667,3353.1056666666664
10461,8715.112000000001,3539.4045
10463,7273.366571428572,3622.493428571429
10464,9620.071125,3748.351125
10465,7529.868,3942.132
10467,1604.4396666666669,4090.235666666667
10468,1482.506,4121.291
10472,2396.047,5360.2075
10473,10946.973333333333,5441.388
10474,10798.92,5717.73475
10476,4957.0895,5868.0575
10479,3033.0153333333333,6255.191666666667
10482,10690.935,6371.3369999999995
10483,2378.325,6503.6
10484,5476.105,6522.0
10486,2138.667,6698.463
10487,4734.371,6681.742
10488,3205.164,6699.213
10489,10676.67,6781.674
10490,2364.337,6898.219
10492,1981.19475,6940.478
10493,10244.85,6936.647
10494,9211.196,6978.457
10495,9162.385,6991.526666666668
10498,8708.0095,7335.041
10499,5566.932,7333.432
10500,4058.69,7331.048
10503,3515.5,7468.538
10504,9232.676,7527.254
10505,4039.651,7598.93
10506,596.0471,7652.918
10507,795.8276,7854.31
10508,997.1786,7992.161
10509,6354.5,8036.615
10510,757.5472,8097.868
10511,1456.1490000000001,8238.08625
10512,4551.33,8535.151333333333
10513,3923.5985,8555.8645
10514,7392.309,8673.655
10516,7211.7965,8787.7265
10517,3440.6716666666666,8933.51
10518,6619.5695,9090.3145
10520,6415.5415,9129.497
10521,3854.9885,9155.617
10524,1634.702,9371.44
10525,4059.7685,9411.453
10526,3533.839,9426.304
10527,4543.784,9436.057
10528,4051.143,9464.014333333333
10529,597.48685,9466.662
10530,647.1923333333334,9482.207
10531,792.1338666666667,9604.259333333333
10534,3753.158,9704.2
10536,1861.789,9771.561
10537,5961.625,9812.188
10538,4649.0,9925.957
10539,4491.743,9915.189
10541,1061.1966666666667,10198.026666666667
10542,3810.531,10243.38
10543,1878.8775,10232.65
10545,1670.176,10378.18
10547,2028.3310000000001,10533.18
10548,2237.461,10526.2
10549,3877.7215,10536.6525
10550,1340.594,10543.7275
10551,950.2113,10617.38
10552,1048.551,10777.03
10553,4015.775,10873.15
10554,3846.15,10973.77
10555,2939.597,11054.98
10558,663.7954500000001,11182.575
10559,2765.8692,11176.242
10561,2629.9558333333334,11312.043333333333
10562,2907.583,11544.88
10564,5663.178,767.8444
10565,4997.705,1250.3985
10566,4478.2145,1268.2965
10568,5733.034250000001,1407.5545
10569,5536.215,1736.277
10580,5279.477,2550.062
10582,7262.8125,2762.531
10583,6208.737,2781.175
10584,7446.628,2954.50275
10585,1573.875,3113.813
10587,5571.787625,3285.78575
10588,5220.49,3500.367
10593,10382.605,4626.4220000000005
10594,1755.21,4776.92
10597,11070.724999999999,5791.217000000001
10599,11016.28,5930.544
10600,10969.75,5946.657
10601,3236.354,6148.333
10603,3028.44,6409.213
10605,4858.0,6403.1
10608,10391.985,6561.75
10609,10719.363333333333,6721.911666666667
10610,10246.21,6791.2035
10611,1263.7626666666667,6903.321666666667
10612,6119.1725,6976.3575
10613,9930.0,7282.5
10614,1996.333,7273.513
10615,9585.022,7288.556
10617,3971.378,7480.707
10618,1502.034,7648.207
10621,500.4012,7824.812
10622,6216.433999999999,7856.3148
10625,1027.127,8017.763333333333
10626,369.89823333333334,8098.317333333333
10627,1096.9013333333332,8422.631
10629,736.18365,8668.846
10631,644.8654,8708.0
10632,617.6157499999999,8715.968
10633,2688.289,8731.144
10634,206.7358,9139.434
10635,6747.774,9120.081
10636,3757.5,9189.548
10637,787.74296,9286.5268
10638,1613.286,9354.667
10640,2226.0245,9670.924500000001
10641,2436.1666666666665,9738.758666666667
10642,4373.278,9774.406500000001
10643,1859.7033333333336,9799.805
10645,1905.4993333333332,10015.460666666668
10646,4393.126,10016.845000000001
10648,2851.714,10334.0
10649,719.425,10461.015
10650,3625.5069999999996,10528.5
10652,3793.569,10618.82
10653,4122.901333333333,10702.265
10654,3548.378666666667,10701.076666666666
10657,3672.3379999999997,11375.635
10658,2295.652,11397.24
10660,5421.915,405.5106
10664,5095.612,699.7176
10665,5171.678,804.9661
10667,5101.661,825.6607
10671,4501.416,1049.286
10672,5880.677,1103.938
10680,5625.477,1468.108
10682,5377.886,1661.038
10683,4580.595,1786.0
10684,5537.292,1808.523
10687,5668.843,1882.483
10690,3730.0,1951.945
10691,3721.9445,1998.3380000000002
10692,3706.35,1990.1545
10695,2964.714,2042.629
10696,5423.553,2051.0215
10697,5933.567,2059.657
10699,4403.284,2098.9775
10701,5168.0,2182.613
10702,4086.1945,2224.0625
10706,7083.092999999999,2298.0186000000003
10707,6952.1205,2329.3415
10708,4097.484666666667,2323.04
10712,2208.968,2458.4485
10713,5283.7345000000005,2572.219
10714,5305.709000000001,2570.977
10715,7263.388,2684.114
10716,4619.5125,2747.6400000000003
10718,4739.9115,2801.1155
10719,7768.514,2808.528
10720,4817.667,2830.24175
10722,5201.0914999999995,2925.91575
10723,5246.728,2952.786
10724,7901.432666666667,2963.046
10726,1882.11,3015.301
10728,7945.3843333333325,3062.193333333333
10730,5218.267,3057.756
10733,7461.582333333333,3211.5636666666664
10737,8656.786,3332.893
10738,5081.964,3384.095
10740,5381.7266666666665,3420.6020000000003
10742,8697.83275,3498.51575
10743,8705.854666666666,3519.1209999999996
10747,1765.7845,3595.467
10749,9464.572666666667,3786.2009999999996
10753,7457.9,3990.4
10757,7065.843,4051.941
10759,9532.642333333333,4091.468333333333
10762,1241.912,4122.825
10764,9868.702000000001,4159.1364
10767,8645.9015,4302.3055
10768,9779.057,4428.286
10769,9873.295666666667,4466.884666666666
10770,8007.986666666667,4493.678666666667
10772,9995.878,4603.39
10773,1381.9166666666667,4642.742333333333
10774,10274.05,4749.31
10778,10733.18,4993.273
10782,2978.481333333333,5082.327333333334
10783,5364.619,5068.833
10784,10804.003333333334,5093.964666666667
10785,2273.795,5145.8935
10788,5065.5,5495.5
10790,3162.0,5512.578
10791,3238.673,5533.691
10792,10668.11,5543.0
10793,10763.743333333334,5577.6973333333335
10794,6386.197,5636.621
10795,5033.667,5649.222
10798,10818.69,5678.692
10799,3303.704,5747.042
10802,5516.4,5896.343
10803,2391.474,5902.474
10804,2837.356,5936.793
10809,3404.684,6130.5
10810,2166.5022,6137.8728
10811,10988.48,6151.169
10817,8898.859,6229.993
10820,8182.782499999999,6341.741
10821,2201.059,6355.794
10822,3639.806,6385.2395
10824,10280.11,6378.105333333333
10825,2348.5,6395.0
10835,8197.357,6494.405
10836,10448.593333333332,6488.102666666667
10837,10428.75,6490.030666666667
10838,10498.78,6504.906
10839,2097.356333333333,6522.486
10840,9718.148,6514.222
10842,3766.889,6548.778
10843,9725.673999999999,6608.4755
10844,10641.395,6661.607
10845,7485.714,6674.829
10846,8376.0805,6696.709
10847,9686.309,6752.636
10851,10216.56,6850.147
10852,10582.563333333334,6878.395333333334
10854,10814.632000000001,6964.007800000001
10857,10399.408,7011.3428
10858,8113.542,7024.407
10859,2938.647,7049.176
10860,987.0,7072.784
10864,7471.82,7119.12
10865,3813.345,7130.414
10866,10019.12,7163.9285
10869,7863.9130000000005,7206.5995
10870,10375.382000000001,7233.6831999999995
10871,1869.5575,7246.6795
10872,9657.1485,7282.08975
10873,2616.76,7313.1
10875,5086.609,7363.913
10876,9762.5745,7391.702
10878,7461.692,7469.596
10880,3936.517,7491.3
10881,1448.4765,7525.084
10882,9334.877,7542.9385
10884,1701.339,7552.22
10886,1932.149,7562.106
10887,6225.976000000001,7739.559499999999
10888,475.6571,7803.286
10889,3117.015,7833.846
10892,2570.402,7875.216
10893,6279.8035,7876.989
10896,607.854375,8010.3935
10897,8215.552,8033.9115
10899,369.86695,8079.0165
10902,2643.935,8211.689999999999
10903,8198.698,8224.509
10905,749.03075,8247.458
10906,3509.995,8321.8035
10907,7790.6810000000005,8353.2215
10908,8144.13,8346.452333333333
10909,5677.889,8362.133
10910,7634.097333333334,8380.052333333333
10911,7325.51625,8408.46675
10912,1187.657,8437.087333333333
10913,1095.287,8495.325
10914,6913.852,8475.896
10915,320.3279,8495.902
10916,4501.7125,8513.150000000001
10919,2842.198,8548.049
10920,3530.864,8610.977
10922,7559.102,8614.814
10924,414.68898,8643.854000000001
10925,7433.4,8648.2
10927,573.6125,8687.15
10928,4085.15,8695.85
10930,2904.345,8702.897
10931,7353.473166666667,8710.866166666667
10932,1918.7,8762.833
10933,6991.87,8780.50175
10937,4455.1825,8815.432499999999
10938,6378.658,8898.861
10939,1736.2543333333333,8932.874333333333
10940,5210.838428571428,9046.497428571429
10941,6544.811000000001,9054.725
10945,141.5411,9117.90725
10947,1159.9569999999999,9145.5085
10952,3020.938,9227.266
10954,765.8539000000001,9294.260999999999
10955,2287.458,9334.778
10957,6059.396,9383.057
10958,1959.4626666666666,9409.191
10960,3231.577,9408.115
10961,4031.489,9443.527
10963,5542.914,9481.0
10964,4889.202,9500.583
10965,4957.17,9498.509
10968,513.4824,9564.948
10969,497.6543,9585.341999999999
10970,5221.23,9595.8975
10971,5009.491,9573.2
10972,2594.762,9599.31
10974,3786.603,9626.574
10975,3555.9105,9680.6555
10977,3612.98,9708.26
10979,3465.1095,9872.7205
10980,3699.047,9885.302
10981,3689.869,9896.236666666666
10982,1437.493,9904.31025
10984,238.74865,9923.783
10986,2041.5633333333335,9950.195666666667
10989,1276.421,10038.58
10990,920.3684,10034.56
10991,3174.784,10043.04
10992,4858.45,10046.85
10993,2352.7799999999997,10114.855
10994,3906.78,10149.83
10995,3053.6253333333334,10166.923333333334
10996,3835.0012,10180.196
10997,3060.135333333333,10210.156666666668
10999,3655.345,10266.69
11000,574.3088,10271.965
11001,4319.748,10255.83
11002,3834.485,10352.84
11004,3828.533,10414.38
11005,4092.6507500000002,10444.6625
11006,711.8714333333334,10491.050000000001
11007,3372.492,10491.515
11008,3356.52225,10500.805
11009,1376.659,10505.8
11011,1651.0085,10589.76
11012,1629.179,10608.97
11014,4172.513,10665.64
11015,4112.8885,10670.68
11017,2227.8803333333335,10750.446666666667
11018,4574.745,10789.15
11019,474.69815,10785.470000000001
11021,468.8820333333333,10803.376666666667
11022,4581.848,10807.35
11024,4618.662600000001,10858.128
11025,1574.3415,10931.08
11028,3540.337,10982.1175
11029,509.1081,11047.49
11030,1608.733,11044.62
11031,486.05600000000004,11055.46
11032,1779.768,11058.78
11033,2803.9775,11080.155
11034,2221.25,11095.44
11035,2822.193,11100.2
11036,2496.9865,11132.3675
11037,2470.7045,11166.09
11039,1827.26,11181.32
11040,3801.6642,11159.968
11042,2832.3590000000004,11189.805
11043,3547.325,11181.74
11045,2332.0055,11244.23
11046,2638.8316666666665,11279.453333333333
11048,3750.859,11287.55
11049,2156.871,11329.48
11050,2227.377,11315.84
11052,3294.026,11413.96
11053,2982.4135,11407.64
11054,1545.128,11510.72
11058,5623.773,754.88
11059,5383.782,1011.788
11060,4467.527999999999,1030.0833333333333
11061,5578.339,1392.881
11062,5389.1,1461.55
11064,6193.798000000001,1559.9144999999999
11065,6176.044,1562.533
11067,4951.095,1684.333
11068,5546.084,1831.012
11073,3777.948,2168.156
11074,5953.196,2246.6099999999997
11075,5435.123,2419.3199999999997
11079,4410.578,2631.978
11080,8241.585,2743.321
11084,5182.1435,2898.7304999999997
11087,4956.486,3109.081
11090,5456.010333333333,3421.071
11091,8145.1404999999995,3768.324
11095,1597.256,4109.167
11097,1711.9202500000001,4198.342500000001
11099,10365.560000000001,4486.191000000001
11101,9433.767,4621.767
11102,3537.844,4772.378
11103,10738.474999999999,4976.3225
11104,10761.61,5142.756
11110,3172.439,5954.756
11112,2390.113,5973.032
11113,3076.493,6237.315
11115,10125.11,6471.73
11119,8239.368999999999,6538.226000000001
11124,10409.915,6699.3885
11126,11043.76,6729.274
11129,9514.351,6825.867333333333
11132,4789.1,7158.4
11133,1780.3622500000001,7249.40825
11134,10660.76,7242.787
11136,9917.593,7264.407
11137,1067.641,7336.024857142857
11139,3522.24,7501.4
11143,8743.3155,7585.6855
11144,628.5967,7602.35375
11145,573.4400499999999,7659.223
11148,6161.527,7868.8009999999995
11152,1178.437,8167.268
11154,8143.654,8364.173
11155,2280.3720000000003,8562.469000000001
11157,557.2676333333334,8547.906
11158,6984.360000000001,8578.9525
11161,395.8428666666667,8647.720333333333
11162,3231.326,8757.326
11163,4070.8985000000002,8747.9285
11164,356.38415,8813.37975
11165,7206.936,8859.551
11166,2681.05,8932.25
11167,334.10476666666665,9001.785333333333
11168,5698.227,9039.473
11169,6524.74,9053.64
11174,789.9439,9169.655999999999
11175,2052.900666666667,9277.790333333332
11176,1047.7649999999999,9365.4475
11177,688.119375,9520.7485
11178,6295.865,9535.022
11179,5969.278,9594.778
11181,4442.863,9658.627
11182,4339.906499999999,9727.915
11184,1261.048,9847.587
11188,2991.316,10130.5
11189,2255.749,10117.93
11190,3679.479,10141.73
11191,814.39255,10237.115
11192,3834.72,10223.52
11195,1892.5465,10428.26
11196,4285.3661999999995,10459.117999999999
11197,4081.188,10482.94
11199,695.5111999999999,10638.015
11201,4300.563,10687.64
11202,4263.4305,10712.689999999999
11204,1727.5835,10823.68
11205,1462.857,10834.55
11206,1677.6886666666667,10837.213333333333
11207,1845.6475,11012.32
11208,483.8333,11022.529999999999
11209,4100.787,11047.075
11210,2093.3413333333333,11049.876666666665
11211,2992.6940000000004,11103.26
11212,2565.25,11105.8
11213,2422.056,11137.33
11216,3360.867333333333,11376.486666666666
11218,2324.4519999999998,11412.306666666665
11221,2300.6855,11534.82
11223,5263.23,892.46825
11229,5142.889,1694.889
11234,6982.652,2320.0294999999996
11236,2172.556,2338.178
11239,7976.477,2534.568
11240,7831.0465,2847.922
11241,7508.565333333333,2896.7033333333334
11243,1772.953,2948.209
11244,5973.634,3203.695
11245,8558.3975,3301.4545
11247,8260.73,3512.2655
11248,5379.805,3958.6620000000003
11249,10173.18,4346.176
11250,1720.547,4951.198
11254,5752.735,6566.735
11256,9439.392,6578.964
11257,10634.84,6604.737
11259,2830.0699999999997,6701.273666666667
11260,10027.43,6757.964
11261,1771.7359999999999,6820.4545
11262,9837.833,6832.223666666668
11263,10229.56,7059.696
11265,862.0240666666667,7299.807333333333
11267,10499.45,7373.808
11269,8699.171,7514.161
11270,9872.182,7541.182
11273,1083.533,8007.2255000000005
11275,8562.627,8119.169
11277,7777.482,8393.746
11278,6189.947,8446.082
11279,7904.530500000001,8484.426
11280,6944.46,8497.837
11281,5914.5305,8515.122
11282,7252.046,8551.5535
11284,1040.2696666666668,8626.629666666668
11285,6417.6355,8699.2955
11287,5656.592,8747.854
11288,6830.574,8748.149
11289,7146.47,8743.056
11290,501.7952,8815.253
11291,6465.7435,8815.08275
11292,6043.56,9075.291333333334
11293,6409.674,9147.798
11294,4697.1844,9339.813
11296,554.5893,9403.429
11297,4680.825,9424.1075
11298,5751.6155,9526.09925
11299,4930.065,9551.174
11300,392.48595,9618.6875
11301,4204.525,9632.067500000001
11302,4480.263,9637.618
11303,5898.286,9692.286
11306,802.4176666666666,9961.906666666668
11307,1496.7123333333332,10029.730000000001
11309,3546.5956666666666,10115.861666666666
11310,1344.579,10131.42
11312,4195.16,10502.32
11313,1216.105,10590.945
11314,3438.2345,10661.49
11316,1139.424,10905.34
11318,2029.901,10956.955
11320,3452.429,11308.79
11321,808.9231,11355.0
11323,3174.483666666667,11559.166666666666
11327,5220.282,1015.9585
11329,4968.8845,1304.5140000000001
11330,6143.27,1354.784
11332,5900.254,1441.271
11333,6155.517,1454.5
11334,6172.241,1448.0
11335,5595.668,1475.9615
11336,5423.732,1557.848
11341,4087.3610000000003,2379.8173333333334
11342,4435.803,2593.623
11343,6078.69525,2753.6795
11345,5131.9625,2879.0950000000003
11346,7912.397000000001,3066.108
11347,7074.41,3160.513
11348,8356.643571428573,3320.113285714286
11349,6833.614,3421.298
11351,7492.156,3527.7822
11353,8311.481,3538.759
11354,1770.0,3557.667
11355,2200.246,3600.825
11356,7393.2864,3801.6839999999997
11362,1260.313,4106.3240000000005
11363,1801.7535,4384.644
11364,1593.912,4441.191500000001
11365,1884.2935,4445.967
11367,10231.0425,4674.4310000000005
11368,2125.6150000000002,5118.588333333333
11370,10644.07,5251.73225
11372,10757.59,5541.833
11377,9980.946666666667,5968.189666666666
11381,3949.033,6330.213
11382,10468.56,6498.9295
11383,4392.016,6603.377
11385,10166.316666666668,6606.417
11386,10632.12,6617.82
11388,10226.72,6755.215
11389,10108.445,6775.228
11391,5934.511,7029.422
11392,7108.313999999999,7043.839333333333
11393,6259.251,7046.361
11395,5986.717000000001,7153.5895
11396,6293.22,7194.61
11397,10695.937777777777,7214.708222222222
11400,9660.131,7404.123333333333
11401,3276.663,7443.826
11405,1291.465,7696.559499999999
11406,1967.4703333333334,7689.756333333334
11410,7927.463,8014.113
11411,681.6098,8025.244
11414,4523.489,8260.267
11415,684.5427666666666,8265.140333333335
11416,8184.033,8314.099
11417,5968.0,8342.038
11418,6991.4349999999995,8399.1545
11419,7929.228,8481.158
11420,2762.749,8532.283000000001
11422,2669.164,8635.521
11423,7570.338,8652.366
11425,836.4324,8866.865
11429,145.75,9325.844
11434,3109.0,9372.0
11435,4688.653,9604.653
11436,4987.403,9600.104
11439,1170.26,9929.082
11440,2436.918,9972.508
11441,3991.9165000000003,10055.369999999999
11442,4953.14,10135.82
11443,781.1915,10364.79
11445,3623.869,10500.68
11446,3466.816,10515.765
11447,1330.8220000000001,10563.035
11448,720.291925,10599.067500000001
11449,2086.107,10625.19
11450,3380.4735,10654.7
11451,3409.846,10671.74
11452,1684.888,10673.535
11456,3894.346666666667,10925.933333333334
11458,3983.036,11021.93
11459,663.6071,11169.89
11462,3772.356,11407.58
11463,3096.9,11576.0
11464,3146.7810000000004,11582.63
11466,2205.924,11683.28
11475,4785.98,1256.56
11478,4864.167,1365.093
11479,5740.122,1384.714
11484,4377.29,1821.194
11487,4834.2215,1845.567
11489,5228.425,1958.671
11490,5875.0515,2192.413
11491,2727.471,2179.235
11492,6569.9113333333335,2268.398333333333
11495,7824.517,2684.329
11496,7923.82875,2691.20525
11498,4875.083,2786.889
11499,4641.84,2790.56
11500,7830.844499999999,2822.4715
11501,7461.988166666667,2832.9356666666667
11502,7896.7965,2880.8145
11503,7355.1645,2883.3855
11505,1551.98,3134.02
11506,5337.85325,3154.3885
11507,8256.73,3159.324
11510,8425.458625,3216.699
11511,7363.634,3257.7625
11514,8812.593,3427.488
11516,7096.0205000000005,3555.7725
11518,8787.8655,3716.9655000000002
11519,1970.13,3851.667
11526,9378.6805,4022.8405000000002
11531,1354.511,4315.089
11533,8327.960500000001,4424.9595
11534,10222.8675,4560.549
11536,4953.022,4694.444
11537,2463.682,4965.073
11538,2694.276,5106.931
11539,2683.678,5116.023
11540,2649.5164999999997,5125.8665
11542,2584.51,5701.204
11543,10831.785,5910.451
11546,10727.72,6027.25
11558,10778.939999999999,6314.727
11559,2309.027,6378.144
11560,10935.493333333332,6465.672666666666
11561,10815.86,6458.268
11568,9734.328,6643.906
11569,9269.826000000001,6681.800666666667
11573,6176.696666666667,6946.920333333333
11576,5228.244,7092.244
11579,10177.785,7193.4655
11580,3190.703,7216.901
11581,8276.578,7267.813
11582,4071.5365,7302.505
11583,10853.26,7388.198
11595,3702.612,7686.847
11596,9026.847,7771.669999999999
11597,8945.8495,7812.9115
11598,878.6071,7812.982
11601,1378.7946,8058.106999999999
11603,8258.762999999999,8148.4845000000005
11604,1476.022,8160.578
11605,954.5357,8265.75
11606,300.449,8312.306
11607,6366.672,8330.297
11610,7142.6345,8494.5785
11612,2526.534,8571.548
11613,4489.875,8568.0
11615,3317.179,8619.071
11616,5196.157,8623.361
11618,775.5578999999999,8836.074
11619,7110.393,8847.7325
11622,7011.7,9061.869999999999
11624,6948.169,9145.308
11625,4292.4515,9147.1715
11626,1216.138,9228.212
11627,1617.7633333333333,9240.315666666667
11630,1207.8165,9373.633
11631,3532.807,9416.831
11632,2241.897,9490.744
11633,2295.4638,9510.1338
11636,1926.603,9777.064
11637,4907.366,9988.032
11638,5025.0745,10000.859499999999
11640,2035.28,10015.18
11641,4597.276,10023.64
11642,2361.362,10053.53
11643,287.3594,10075.98
11645,1792.1596666666667,10223.096666666666
11647,1455.298,10389.98
11650,1306.642,10427.85
11654,2219.403,10558.22
11656,1187.605,10616.79
11657,1491.425,10804.16
11658,1499.36,10804.42
11659,2391.2174999999997,10816.385
11660,1069.197,10906.23
11664,2902.961,11125.22
11665,2049.4045,11128.14
11667,2429.16,11129.9
11669,2688.351,11287.42
11671,874.0,11324.5
11672,3752.5029999999997,11343.085
11675,3357.9706666666666,11439.773333333333
11680,5257.0,533.6429
11682,5058.509,641.2909
11683,5044.778,829.6667
11688,5746.273,996.0455
11692,4911.091,1399.818
11693,5423.0,1471.5
11695,5043.911,1589.511
11698,6178.45875,1734.31075
11700,6131.653,1802.98
11703,5545.2235,1850.078
11705,5626.864,1890.318
11706,5945.121999999999,2045.9715
11710,6801.681,2568.116
11711,7907.4875,2693.508
11712,7275.479,2681.25
11713,7842.2245,2741.4575
11714,7626.005,2754.1055
11715,5080.738,2805.2285
11718,7304.441,2965.6215
11719,5722.383,3143.702
11720,5707.977999999999,3155.0525
11726,8959.019,3354.585
11727,6790.182,3370.303
11730,8353.032333333334,3511.48
11733,8435.654,3556.3866666666668
11734,8532.717,3565.3
11738,9589.493999999999,3763.5295
11740,4972.322,3775.797
11742,9563.116,3781.2247500000003
11743,1636.813,3900.656
11744,1511.0235,3952.298
11745,5061.714,3991.829
11748,6878.1555,4039.6189999999997
11751,8251.913499999999,4169.621
11752,7015.786,4202.543
11757,6940.925,4376.226
11758,2974.791,4453.395
11761,10183.21,4751.786
11762,1866.6899999999998,4892.909666666666
11764,2709.755,4943.122
11767,1899.65075,5013.096750000001
11769,10743.69,5123.78
11771,2463.476,5163.095
11772,2065.744,5214.395
11773,10939.545,5317.904
11776,10728.105,5568.9884999999995
11780,7802.456666666666,5856.344
11781,11070.59,5871.5465
11787,2853.929,5989.857
11790,5358.193499999999,6068.2325
11792,2964.678,6129.791
11793,2833.145,6141.42
11794,5198.083,6221.021
11797,6042.077,6274.538
11804,3605.1875,6365.970499999999
11809,2243.337666666667,6452.3076666666675
11810,2957.2435,6451.683
11812,1799.672,6503.409
11813,10464.4,6528.635
11815,10340.635,6614.169
11816,10630.15,6634.3675
11817,6027.0,6651.387
11818,10473.676666666666,6697.402999999999
11819,2125.714,6737.586
11820,10169.86,6729.703
11822,1271.0993333333333,6794.829666666667
11823,10334.97,6791.97
11824,9484.901,6834.118
11825,10817.85,6895.370999999999
11827,8198.431499999999,6993.886
11828,1441.269,6992.404
11829,10528.523333333333,7004.872
11830,4011.5,7018.826
11831,6240.091,7015.727
11833,6106.118,7048.559
11834,9258.86,7041.698
11835,10233.17,7047.552
11836,10250.35,7053.382
11837,10357.386,7063.601
11838,6202.616999999999,7076.342333333334
11840,7662.1,7202.02
11842,3122.8243333333335,7261.161666666667
11843,1354.841,7345.834
11846,5458.5,7425.316
11847,8943.5496,7471.3872
11849,8768.265,7522.088
11853,926.5556,7787.574
11855,1745.396,7797.396
11858,3291.4,7849.38
11861,4521.166499999999,7947.355
11865,3126.952,8339.016
11866,7184.5599999999995,8327.764
11868,2790.878,8372.714
11870,7752.957,8403.1005
11871,7608.87875,8430.77275
11873,963.4364,8489.345
11875,1114.6399999999999,8503.942500000001
11876,7739.122,8532.951
11877,1080.602,8544.5
11879,568.9854,8549.866333333333
11882,3530.1049999999996,8703.377499999999
11883,6693.371999999999,8698.857
11884,5677.85,8716.438
11886,7165.415999999999,8756.8865
11887,6348.381,8771.063
11888,6701.809,8870.985
11889,5043.578,8962.289
11891,7000.912,9070.07
11892,301.196975,9123.169
11893,6548.111,9132.431
11895,6536.965,9161.386
11896,6754.239,9170.87
11898,787.8816,9268.566
11899,753.98495,9315.08825
11900,4717.316,9390.649
11903,3856.389,9533.667
11905,213.01200000000003,9575.925666666668
11906,255.016525,9589.52625
11907,774.835575,9592.33975
11908,1391.932,9626.297
11915,3934.032,9715.81
11916,1725.982,9752.339
11918,1815.822,9814.753
11919,3794.4075000000003,9861.857
11920,4532.6106666666665,9882.697
11921,4561.397999999999,9903.176
11922,2540.105,10006.09
11923,1924.4265,10042.189999999999
11924,1936.4423333333334,10063.336666666668
11926,3930.163,10120.64
11927,2091.818,10153.375
11929,3694.9123333333337,10203.730000000001
11931,2423.1605,10247.345
11932,3795.0475,10278.58
11933,963.8904,10275.25
11934,584.3333,10287.48
11936,4414.9,10348.88
11937,1031.7365,10393.58
11938,1328.3085,10473.96
11939,4016.516,10544.1
11940,1378.143,10561.21
11942,2236.189,10596.19
11943,4142.861,10617.36
11944,3226.9195,10686.265
11945,4206.405,10730.5875
11946,3698.5280000000002,10767.055
11948,1883.025,10771.54
11951,3780.816,10834.81
11952,4238.613,10838.0
11953,3761.676,10839.82
11954,3737.332,10882.315
11955,4147.279,10915.18
11956,1442.6,10926.19
11957,1323.883,10930.2
11959,1797.3,10933.4
11961,2370.2110000000002,11026.814999999999
11962,1950.596,11082.52
11964,3399.118,11224.71
11965,1865.013,11226.8
11966,1364.524,11295.54
11967,3632.14,11306.12
11969,844.1023,11315.44
11970,1518.0774999999999,11314.41
11971,838.8769,11327.31
11973,3582.8013333333333,11396.980000000001
11976,2017.735,11579.09
11977,1733.084,11612.71
11979,2550.2065000000002,11645.835
11980,5324.286,276.1948
11985,5360.0,1166.0
11988,5690.6314999999995,1447.6635
11991,3110.735,1771.824
11994,5217.242,1995.532
11995,6767.541,2380.865
11996,5992.783,2364.5
11997,6446.5779999999995,2368.4845
11998,5223.4035,2413.418
12002,7632.8465,2687.04
12003,8191.625,2750.922
12004,6229.61,2802.341
12005,7226.6,3041.217
12006,1983.5535,3066.6615
12008,7267.387,3252.0
12012,5214.184,3674.327
12015,9297.891,4023.891
12018,2212.0,4109.125
12019,7841.0,4136.148
12020,1587.734,4129.938
12022,10352.794,4409.7014
12025,10617.12,4576.681333333333
12026,2140.674,4810.303
12031,10724.33,5594.481
12038,8207.485,6256.374
12040,3072.136,6295.864
12042,10446.095000000001,6403.4215
12048,9646.088,6604.466
12049,4622.893,6622.196
12051,10559.693333333335,6665.365000000001
12054,2260.8544,6728.3364
12056,5181.714,6796.408
12058,2377.507,6871.896
12059,3922.96,6903.0650000000005
12060,10779.48,6918.6695
12062,977.9537400000002,7045.931
12063,10379.19,7060.189
12064,2139.73275,7065.81525
12066,10435.042,7130.3582
12067,1154.5,7133.5
12068,1367.383,7151.067
12069,8027.246,7206.841
12070,5635.333,7203.97
12071,6287.317,7225.854
12072,5840.333,7232.222
12080,5000.694,7678.339
12082,8239.057,7776.8
12084,8650.361,7871.885
12085,718.2200666666668,7963.531
12086,1667.053,8108.509
12087,2941.426,8106.882
12089,468.0864,8283.123
12090,3225.873,8433.746
12091,2043.19,8466.02
12092,7291.4169999999995,8476.4205
12093,1064.7893333333334,8598.099666666667
12094,4706.545,8691.59
12095,7392.383,8720.5465
12097,1349.486,8855.914
12098,3229.741,8888.241
12099,154.23293333333334,8948.790666666668
12104,2611.31275,9292.887999999999
12105,3365.224,9345.379
12106,6577.783,9399.867
12107,4563.667,9458.778
12108,6383.455,9535.545
12109,148.99079999999998,9537.736499999999
12111,1390.793,9660.655
12112,2418.73,9669.15
12113,509.2692,9659.808
12114,6104.053,9678.197
12121,2802.866,10087.02
12122,1688.674,10156.89
12123,3446.892,10147.26
12124,2230.28,10234.48
12126,3652.226,10289.77
12127,4236.141,10287.6025
12128,1792.6113333333333,10387.746666666666
12129,3422.9393333333333,10499.269999999999
12130,1354.633,10566.63
12134,1098.237,10745.24
12135,1129.408,10804.0
12136,4209.31525,10821.395
12138,1408.29,10987.55
12139,3421.9976666666666,11021.776666666667
12142,4025.7690000000002,11159.33
12144,2867.0,11221.36
12146,3810.667,11315.33
12148,3721.429,11327.51
12152,5321.756,533.439
12154,4812.357,687.5952
12156,5224.647,1253.706
12157,6021.143,1562.937
12160,4959.032,1843.714
12161,5724.467,1874.733
12162,3712.5073333333335,1940.9913333333334
12165,4060.536,2294.632666666667
12168,6943.271000000001,2351.21625
12169,4406.565,2366.109
12171,5528.555,2398.7025000000003
12172,5376.935,2429.239
12173,5531.846,2448.615
12175,7609.279666666666,2511.0963333333334
12177,4592.08225,2746.013
12180,8177.903333333333,2998.5023333333334
12182,1582.872,3127.782
12183,8667.696666666669,3350.1396666666665
12185,8953.0,3351.366
12186,8845.538,3445.327
12187,1513.9715,3445.3935
12188,9771.283,3504.584
12190,8352.0426,3620.2237999999998
12191,8839.7755,3654.3022499999997
12193,1712.297,3689.838
12194,9594.296666666667,3736.932666666667
12195,7259.121,3828.3235000000004
12197,1616.679,3923.357
12198,7106.55,4086.113
12200,7975.5,4104.353
12202,10007.17,4147.885
12203,10058.445,4203.2925
12204,9855.2575,4285.797500000001
12205,2423.17,4347.404
12208,1532.333,4849.733
12211,2675.019,5268.567666666667
12212,10809.21,5848.4325
12214,4808.176,6075.176
12215,2404.957,6085.043
12219,8422.516,6265.903
12220,3094.837,6258.1455000000005
12223,10047.26,6361.573
12224,1800.405,6392.333
12226,10598.65,6517.0
12227,9810.014500000001,6529.190500000001
12228,4321.644,6577.078
12229,10314.74,6574.723
12232,9658.7,6632.2085
12233,1754.7165,6639.1185000000005
12234,1898.5545,6641.424
12239,10238.225,6839.7965
12242,10369.16,7058.1455
12245,10783.994285714287,7295.941285714286
12249,10704.395,7393.29425
12250,742.3050000000001,7517.2725
12251,10492.34,7634.468
12255,471.6588,7759.494
12259,8210.186,8166.0
12260,3813.265,8235.327
12264,8114.5,8330.049
12265,7756.868,8418.921
12266,4828.663500000001,8525.626
12268,3154.7394999999997,8667.1965
12269,3182.441,8678.752499999999
12270,7413.922,8685.137
12271,3492.244,8750.22
12272,6379.041,8780.184
12274,4786.0,8895.467
12278,362.31606,9176.547199999999
12280,3331.625,9248.861
12281,6577.327333333334,9296.836333333333
12284,6462.186,9487.093
12285,4765.881666666667,9503.42
12286,1370.1260000000002,9562.079
12289,495.8623,9689.653999999999
12290,4336.489,9754.085
12291,4220.054,9784.554
12292,4173.391,9800.217
12293,3853.111,10008.78
12294,3607.039,10120.71
12295,1714.148,10146.6
12298,3516.8715,10298.22
12300,1200.8944999999999,10400.349999999999
12302,3397.51,10508.76
12304,1290.456,10641.23
12305,2626.081,10645.02
12306,2348.0923333333335,10718.99
12307,1212.278,10715.446666666667
12308,2223.362,10720.3
12309,2920.883,10772.8725
12310,3844.036,10842.753333333334
12312,4025.3334999999997,10897.650000000001
12313,1098.624,10929.41
12314,2457.6143333333334,10935.553333333335
12316,4199.206,10946.895
12317,3280.3215,10945.064999999999
12318,1582.317,10996.9
12321,3323.442,11026.029999999999
12322,3306.813,11072.11
12323,2224.593,11100.12
12325,522.91085,11160.395
12326,1399.1180000000002,11183.61
12327,4008.171,11200.62
12328,2172.271,11193.753333333334
12331,2186.254,11323.59
12332,3705.7035,11336.845000000001
12336,2578.012,11649.13
12340,5648.0,682.7778
12345,5170.6675,878.77505
12350,6155.048,1363.905
12351,5800.074,1432.704
12352,4552.489,1546.255
12354,6219.024,1577.805
12355,4912.167,1592.104
12356,4403.815,1649.907
12357,5453.438,1720.813
12360,5754.195,2093.159
12368,7099.936,2361.552
12370,6092.434,2682.329333333333
12371,7595.239,2715.211
12373,5111.967500000001,2867.1195
12374,8339.523,3003.3016666666667
12377,8372.5055,3304.3419999999996
12379,8738.536,3387.929
12380,6892.55,3418.533
12382,9657.287,3461.459
12384,5307.724999999999,3499.5013333333336
12387,9776.0985,3922.6325
12389,7727.417,4074.3
12390,5328.9095,4098.3724999999995
12391,7813.262,4130.574
12395,1323.4406000000001,4300.0934
12402,7842.843,4568.588
12404,10765.9475,4821.60975
12405,2113.341,4822.816
12406,1509.475,4854.339
12407,4866.5,5120.769
12408,2308.524,5173.206
12409,2849.9970000000003,5186.521000000001
12411,2597.4465,5247.511
12414,7685.785800000001,5581.0556
12419,3062.8103333333333,6082.158333333333
12425,3139.6670000000004,6201.522
12426,2825.339,6193.339
12428,9830.765,6236.853
12430,8189.790333333333,6260.042666666667
12432,7650.5,6337.684
12433,1731.867,6317.1
12434,2226.016,6345.5
12435,10542.33,6406.646
12437,10040.935000000001,6442.26775
12438,10688.555,6456.8725
12439,8018.915666666667,6471.874666666667
12440,10979.76,6477.31
12442,10607.07,6527.7045
12443,2053.6955,6541.991
12444,7872.05,6575.6625
12445,4245.6,6572.192
12446,1384.032,6581.675
12449,10561.65,6604.817
12451,4894.435,6619.891
12453,7918.9725,6643.027
12454,9633.1825,6670.018
12455,11023.045,6739.969999999999
12456,1639.8854999999999,6737.438
12458,9774.498,6805.151666666668
12460,10320.0725,6886.12275
12461,6701.019,6895.074
12463,941.9298,6940.298
12464,1143.131,6945.046666666666
12472,9745.957,7341.043
12473,1162.09625,7382.311250000001
12477,9871.286,7435.286
12481,8562.197,7601.455
12483,10474.7,7607.238
12484,5545.104,7725.667
12486,6197.194,7823.972
12491,6301.867,7965.32
12494,1569.3496666666667,8219.667333333333
12495,1631.3136666666667,8254.367
12496,7609.964,8337.709
12497,7451.678,8360.444
12498,8657.063,8375.813
12499,1640.44,8419.326000000001
12502,716.0685333333334,8481.625333333333
12503,4579.935,8515.065
12504,7593.25,8625.882
12506,1114.4876666666667,8753.640666666666
12510,943.812475,8999.6265
12512,456.37182,9113.3852
12513,282.0781,9141.775000000001
12516,386.2609,9184.565
12519,2090.653333333333,9238.732666666665
12523,4612.4075,9298.9175
12525,2931.982,9384.582
12529,1607.255,9465.725
12532,3821.098,9544.235
12533,125.9091,9579.532
12534,1422.071,9623.304
12535,4722.375,9649.545666666667
12536,4958.393,9665.607
12538,1873.757,9758.943
12539,4754.983,9981.576
12543,5328.096,10108.945
12546,1017.8109999999999,10201.695
12547,3815.795,10262.396666666667
12548,3798.053,10250.13
12549,2675.671,10344.67
12550,1691.655,10423.706666666667
12551,4296.556,10450.07
12552,4073.153,10483.33
12553,4068.865,10509.835
12555,718.9508,10568.23
12556,1789.687,10574.11
12557,1802.317,10569.9
12559,898.6226,10707.74
12560,1877.548,10725.03
12561,3497.528,10748.45
12562,4205.806,10743.47
12563,1957.085,10793.51
12564,1461.208,10801.88
12567,1239.548,11031.26
12568,1408.436,11063.64
12569,3975.941,11097.91
12570,1408.3995,11142.045
12573,1772.3383333333334,11183.873333333335
12574,1577.5379999999998,11260.923333333334
12576,3175.31,11271.5
12577,1087.4105,11290.585
12579,1612.778,11311.11
12582,1026.2356666666667,11364.56
12583,1736.985,11503.96
12590,5780.274,1247.677
12591,5042.881,1529.448
12592,2948.802,1882.3206666666665
12593,4391.9615,2085.3795
12596,1905.8855,2666.005
12597,7731.514999999999,2691.5933333333332
12598,7382.896,2868.961
12599,8366.8855,3290.3360000000002
12600,8589.49,3439.353
12601,5098.081,3812.189
12603,9395.419,3886.903
12606,2105.239,5142.739
12608,10808.213333333333,5687.136666666666
12609,7355.408,5786.714
12612,2859.163,6001.628
12613,10623.54,6035.583
12616,2167.481,6211.852
12617,2181.852,6240.213
12622,4990.324,6495.595
12623,10536.943333333333,6516.935
12624,10439.400000000001,6539.5525
12629,10324.86,6782.3135
12631,1727.167,6918.0
12634,11015.537142857142,6964.031571428571
12635,10592.12,6970.657
12636,9036.461,7027.851000000001
12641,3232.417,7387.443499999999
12642,3785.987,7522.587
12644,1153.136,7620.125
12646,478.6667,7743.55
12647,755.9875,7881.504800000001
12651,1127.5823333333335,8774.125333333333
12653,419.52185,9058.706999999999
12654,6171.791,9162.341
12655,6410.0335,9245.34
12656,4613.503,9327.5725
12657,4364.919,9326.5305
12659,689.0,9465.613
12663,4510.475,10271.95
12664,554.8442,10289.0525
12665,4370.742,10344.72
12666,4264.421,10424.61
12667,3603.592,10496.2
12668,3855.9016666666666,10524.463333333333
12672,2732.89,10834.255000000001
12673,3758.137,10913.61
12674,3853.9680000000003,10887.916666666666
12676,1780.718,11020.915
12677,2235.286,11073.17
12678,2846.677,11093.68
12679,1793.293,11110.95
12680,3119.923,11106.51
12682,2455.371333333333,11178.676666666666
12683,907.5588,11340.12
12689,6236.808,1830.5
12693,1939.9355,4406.1605
12694,10030.026666666667,4587.157666666667
12695,2565.641,5063.615
12698,3783.254,6516.0
12701,10483.41,6965.243
12702,10642.1,6968.661
12708,463.76,8536.76
12710,3466.7765,8759.6405
12713,7201.885,8802.092
12714,463.2941,9126.8
12718,1747.048,9903.46
12719,3157.182,9921.782
12721,3563.957,10103.06
12722,2578.042,10173.04
12727,2118.0756666666666,10628.0
12734,8649.091,2915.25
