cell_id,x,y
0,9500.809538163616,8843.25275533415
2,1994.1922,605.1365
5,1823.7426666666668,708.5672583333334
6,1752.4308571428571,758.1478714285714
7,1796.994,783.7753749999999
8,1965.924,837.927925
9,1626.8946666666668,856.4127333333332
10,1952.4122352941176,909.6594588235295
13,1644.2366923076925,948.8783153846155
14,1577.04125,970.7693875
15,1738.9963846153846,995.6227615384615
16,1866.7634117647058,1021.0880235294118
17,1947.2592499999998,1039.24935
19,1721.2613333333331,1076.6951666666666
20,1765.8344285714286,1100.8681428571429
21,1957.343904761905,1095.3470952380953
22,1868.3317857142858,1128.6410714285714
23,1817.2260714285715,1121.504642857143
24,1922.4847999999997,1157.9149
25,1869.1365294117647,1191.7579411764705
27,1567.08472,1191.97408
28,1812.94075,1198.284
29,1727.29675,1208.9103
30,1649.9473000000003,1219.99415
31,1766.4925714285714,1237.8529285714285
32,1966.450625,1252.9448125
33,1904.98625,1238.69195
34,1621.6375294117647,1277.6701176470588
35,1749.6970000000001,1315.4144285714285
36,1931.324875,1321.7712083333333
37,1602.25175,1334.3045
38,1811.4720294117647,1364.1016764705882
39,1705.144103448276,1391.4686551724137
40,1764.932388888889,1417.5281111111112
41,1579.2474705882353,1426.705705882353
42,1850.6460555555557,1429.629611111111
43,1702.0102173913044,1460.593391304348
44,1641.7006315789474,1488.634842105263
45,1825.315375,1492.4596875
46,1747.3195,1535.1080909090908
47,1894.3817391304347,1539.7485217391304
48,1848.085,1591.1885000000002
49,1875.1486666666667,1639.1218333333334
50,1944.9480714285714,1706.1833571428572
53,3349.8782352941175,305.22050588235294
54,3668.6678,318.20374000000004
55,3179.0009999999997,316.48726923076924
56,2614.5616999999997,361.27742
57,3618.7642,348.63042
58,3718.0660555555555,396.92071111111113
60,2893.8614000000002,414.81706
61,2962.4861,420.85359
62,3129.3455,393.13477222222224
63,3233.635,393.343575
64,2428.823,467.59436666666664
68,2275.5595,468.03075
69,3798.8467931034484,480.03012413793107
70,2852.8198181818184,487.7191606060606
72,2718.59125,494.23879
73,2647.631608695652,498.1904173913044
74,3711.6027647058827,522.834594117647
75,2569.8025,521.63765
76,2323.030142857143,560.0731857142857
78,3635.3975,530.8469444444444
79,3681.0262000000002,578.87118
80,2590.5406666666663,564.3801333333333
81,2937.7612307692307,536.3487076923077
82,2230.695875,588.8670375
83,2052.6972,567.43992
85,3002.1453333333334,574.9745666666666
86,2822.1538125,607.91929375
87,2743.9324375,598.60948125
88,2342.871181818182,646.0508818181818
89,2268.835727272727,681.9609545454546
90,2028.4006666666667,673.2401333333333
91,2017.76225,739.1835
92,2282.5994285714287,753.9202285714285
94,3086.4,790.0142875
95,2049.2516666666666,806.0744833333333
96,2484.4426666666664,808.8274333333334
97,2186.8984285714287,836.5847714285713
99,2633.4905714285715,832.3358857142857
100,2343.252,833.200675
101,2999.2493043478257,835.154547826087
102,2516.4888333333333,862.7367166666667
103,2403.1405999999997,878.63022
104,2128.458176470588,861.8960705882354
105,2937.4056153846154,869.1850076923076
106,2871.3990625,867.76745
107,3284.782875,870.11836875
108,2684.5708,895.6978499999999
109,2334.4026153846153,916.6916230769231
110,2852.87,910.19025
111,2581.3005,917.3014125
112,2531.5265,915.7874333333334
113,2420.56625,915.8557000000001
114,2928.0125,936.6079375
115,3121.2757804878047,925.0527024390243
116,2115.507111111111,930.0985055555554
117,3318.192916666667,946.4421916666666
118,3381.351333333333,917.58138
119,3006.2842142857144,927.8517428571429
120,2487.062363636364,943.2815909090909
121,2038.2143076923078,947.8554384615384
123,2830.8228571428567,962.0741428571429
124,3205.180488372093,932.6663813953488
125,2253.466615384615,962.4802846153846
126,2382.2199411764705,966.1537764705882
127,2760.8704999999995,962.8937
128,2601.9435454545455,972.8263090909091
129,2117.943,993.597185
130,3505.2426896551724,969.6023413793104
131,2326.8597999999997,994.2714266666667
132,3418.5890666666664,966.9818533333333
134,3065.3838,974.3795633333334
135,2001.54916,992.2246919999999
136,2698.1162,975.31994
137,2995.6188095238094,997.2990809523809
138,2902.5308571428573,999.0326000000001
139,3423.4255,1021.4998375
140,2453.2343157894734,992.3451157894737
141,2549.3737499999997,1000.04255
142,2835.4252,1014.8723299999999
143,2758.2557,1026.08552
144,2482.1886153846153,1041.3806153846153
145,3163.0377272727274,1010.1191227272727
146,3471.64125,1026.6803125000001
147,2617.4745,1025.54595
148,2949.932294117647,1047.1033529411766
149,3642.6365454545453,1045.9480303030305
150,2532.073375,1048.2984999999999
151,3356.5743,1020.64096
152,2316.80525,1071.76675
153,3245.430166666667,1038.2484722222223
154,2681.929823529412,1081.4461764705882
155,3519.7901818181817,1065.303484848485
156,2578.0578,1063.9208
158,3178.8098571428573,1081.7504999999999
159,2414.6548695652173,1072.012
160,3061.5366470588233,1053.791705882353
161,3266.5263333333332,1096.1551111111112
162,2260.448931034483,1079.3756551724139
163,3125.9639375,1080.4264375
164,2799.5396666666666,1087.6467222222223
165,3402.1394999999998,1094.0258333333334
166,2515.091,1116.0934166666666
167,3853.8710000000005,1112.5323333333333
168,2599.61516,1120.15316
169,3010.93525,1106.2104166666666
170,2177.926,1114.3073333333334
171,2725.1213333333335,1120.6791666666666
172,2962.7071,1116.1839
173,2855.269888888889,1122.2125555555556
174,2916.526318181818,1093.5541818181819
175,3244.3525,1136.4803571428572
176,3409.6246875,1139.3985625
177,3161.04368,1126.7593200000001
178,3839.62625,1135.4877083333333
180,3482.6603499999997,1129.6101999999998
182,2335.5714347826083,1130.7717391304348
183,3918.7597142857144,1155.0796428571427
184,2417.1575454545455,1164.1160909090909
185,3102.3595,1150.3768125
186,2570.9733333333334,1197.919761904762
187,2795.484476190476,1163.1668095238097
188,2888.5756666666666,1173.812777777778
189,3013.2763333333332,1161.5781666666667
190,3612.593515151515,1162.9151515151514
191,2943.78025,1177.42175
192,3764.069925,1175.4185750000001
193,2724.1216875,1183.2886875
194,3175.494357142857,1186.468
195,2514.7787083333333,1174.8775416666667
196,2302.8740000000003,1183.7718461538461
197,3065.1152727272724,1199.4284545454545
198,2073.5106666666666,1206.582
199,3139.008961538462,1231.779923076923
201,3257.67428,1197.8998
202,3508.6755,1177.8895
203,2988.729379310345,1223.6495862068966
204,3054.36675,1240.482625
205,2167.009666666667,1243.5481666666667
206,2843.138476190476,1212.7512857142856
207,3364.29275,1246.49225
208,2656.7451923076924,1196.2591923076923
209,2098.8451666666665,1251.7863333333332
210,2483.339333333333,1231.1005333333335
212,2337.460642857143,1235.1812142857143
213,3298.023923076923,1238.5849230769231
214,3885.1132258064513,1236.9889032258066
215,2032.3993999999998,1256.5474
216,3209.668888888889,1258.9015555555554
217,2600.5084500000003,1251.94365
218,2873.0943636363636,1269.2556363636363
219,2939.3310625,1263.5511875
220,2215.176625,1248.88425
221,2388.71575,1241.8301666666666
222,3080.534052631579,1277.0964736842104
223,2976.208833333333,1301.7570555555556
224,2094.1446,1284.5738999999999
225,2286.528611111111,1269.3276666666668
226,3551.715882352941,1290.8801176470588
227,3737.4602666666665,1273.2054444444445
228,2022.4580384615385,1308.1537692307693
229,3230.794692307692,1315.7947692307694
230,2443.3303846153844,1293.1052307692307
231,3884.899454545455,1309.1450909090909
232,3141.445391304348,1305.436739130435
234,3386.233230769231,1285.109846153846
235,2467.9193333333333,1338.5653333333332
236,2208.6977777777774,1317.6147777777778
237,3452.9849259259263,1322.6659259259259
238,2785.413086956522,1293.0187391304348
239,2552.202724137931,1309.2735517241379
240,2687.8562500000003,1322.5185833333333
241,2632.82845,1331.70775
242,3178.6715454545456,1345.9887272727274
243,3616.9739705882353,1319.8949705882353
244,2279.3801249999997,1317.308125
245,2742.649571428571,1344.2768571428571
246,2893.9142666666667,1328.9370000000001
247,2825.8496,1356.5955333333334
248,2162.220823529412,1353.3219411764708
249,3318.969052631579,1329.3252631578948
250,2375.2313333333336,1331.8103333333333
251,3399.2575454545454,1355.1303636363637
252,3691.2286470588238,1354.9052352941176
253,2099.208,1343.917625
254,3982.687928571429,1363.2601666666665
255,2571.2260476190477,1372.5871904761905
256,2239.3231,1386.1362
257,2290.86425,1357.23625
258,2458.4623333333334,1393.2383333333335
259,2934.3825862068966,1375.8912068965517
260,3003.6619523809522,1382.0191904761905
261,2326.5104,1365.3007
262,3518.448358974359,1374.222717948718
263,3265.99055,1396.8448
264,2129.7102105263157,1414.9778947368422
265,3367.7406666666666,1400.5410000000002
266,2299.1261304347827,1414.5173043478262
267,2705.6061,1390.0225
268,2779.403291666667,1404.6175416666667
269,3143.2578000000003,1387.34568
270,3206.73465,1412.55025
271,3069.656,1411.0442222222223
272,3872.7106785714286,1386.7327142857143
273,3104.92625,1440.0009375
274,2379.14325,1423.9044999999999
275,3486.4765714285713,1429.4317142857142
276,1985.1582999999998,1395.133
277,2576.5661666666665,1428.8736666666666
278,2420.0199375,1446.44775
279,2671.2637894736845,1447.3617368421053
280,2619.83395,1459.24885
281,3326.633608695652,1457.8339130434783
282,2046.9205769230769,1456.6897307692307
283,2534.2024782608696,1443.9014347826087
284,3435.6134583333333,1431.070125
285,2766.027,1483.5086000000001
286,3694.1101904761904,1458.9219523809525
287,3872.0216,1478.7376666666667
288,2340.8654,1479.8288666666667
289,2278.1653333333334,1474.2618333333335
290,2397.2832222222223,1502.2698333333333
291,2474.4484210526316,1491.645
292,2956.8196923076925,1486.713692307692
293,3542.1097142857143,1479.2379523809523
294,3272.5449166666663,1479.0982916666665
295,3779.915827586207,1475.6923103448275
296,3962.4532,1493.251
297,3423.983333333333,1505.0384761904763
298,3606.999891304348,1491.6714565217392
300,3077.33016,1492.40968
301,2086.0639375,1495.850625
302,3011.5841538461536,1533.3204615384616
303,3828.003,1523.8732307692308
304,2218.352956521739,1529.7333478260869
305,3510.1374230769234,1532.2443461538462
306,2131.794,1550.2030000000002
307,2707.4269523809526,1503.9852857142857
308,1990.0772413793102,1533.4706896551725
309,3286.9265789473684,1543.1426842105263
310,2913.01775,1546.71525
311,3111.13704,1551.11628
313,2505.283277777778,1558.9012777777778
314,3767.983578947368,1559.3449473684211
315,2359.2259444444444,1560.2098888888888
316,2784.9460000000004,1544.9913076923076
317,2729.354294117647,1566.6824705882352
318,3683.2077027027026,1549.789837837838
319,3226.867466666667,1562.1285333333333
320,3810.1019,1585.5184
321,3856.0422,1573.5417499999999
322,2604.0879999999997,1611.8609999999999
323,2127.224388888889,1599.8162222222222
324,2300.3763125,1597.304875
325,2861.638166666667,1594.1974166666666
326,3430.379137931034,1585.7371379310346
327,3617.8286842105263,1588.8580526315789
328,3949.5551777777778,1597.286377777778
329,2823.4226,1616.4436
330,2937.1415454545454,1605.0430000000001
331,2462.1342380952383,1611.5465714285715
332,3540.7093333333332,1613.5151
333,2216.109214285714,1612.5365714285713
334,3725.2602592592593,1614.0317037037037
335,3663.838904761905,1626.5710476190475
336,3785.2089285714287,1636.8522142857144
337,3880.6987307692307,1636.3732692307692
338,3198.5270869565215,1622.3197826086957
339,2905.7244,1649.4154000000003
340,2726.219,1642.2682
341,3443.5420645161294,1645.0058387096774
342,2311.4990714285714,1669.1633571428572
343,3014.735117647059,1635.4979411764707
345,2544.5280769230767,1674.6936923076923
346,2846.154666666667,1656.884
347,3166.10104,1664.47736
348,3095.0080000000003,1644.5028863636364
349,3239.6200000000003,1665.4403333333332
350,3738.1068108108107,1694.5218108108108
351,2986.6564583333334,1689.9217083333333
352,2455.4478214285714,1694.4254642857143
353,2646.0478181818185,1697.4124545454545
354,2231.883909090909,1708.4029545454543
355,3587.685090909091,1672.8275454545453
356,3645.29271875,1707.78303125
357,3482.011233333333,1731.3281333333332
358,3563.4414814814813,1733.127962962963
359,3875.979538461538,1723.3824615384617
360,3188.6803333333332,1733.939
361,2341.9120000000003,1726.7525882352943
362,3354.6887,1733.25445
363,2024.7569999999998,1731.9774444444445
364,2129.066894736842,1738.0922105263157
365,3961.745961538462,1744.8346923076922
366,2632.4905652173916,1742.8058260869566
367,2525.8720555555556,1746.5311111111112
368,2315.8485,1773.64
369,2720.135,1749.4726315789476
370,2456.2443333333335,1769.9085714285716
371,3819.158378378378,1781.1844054054054
372,2053.929727272727,1786.3525454545454
373,2766.8234,1796.4716
374,3117.1875,1791.8105
375,3618.129096774194,1786.5880645161292
376,3904.1144999999997,1797.6544000000001
377,2682.3183846153847,1804.070923076923
378,2611.0136923076925,1813.1747692307692
379,2189.8523333333333,1811.2898333333333
380,3272.005333333333,1816.749
381,3125.7376666666664,1821.4193333333333
382,3426.918035714286,1824.45125
383,3732.496923076923,1815.5088461538462
385,2099.2296,1832.8957999999998
386,2256.494947368421,1832.8535789473685
387,3343.820111111111,1826.2755555555555
388,3661.6305,1830.3076666666666
389,2026.1396666666667,1836.6363333333331
390,3787.3204375,1843.8555
391,2814.96745,1853.8216499999999
392,3953.7268076923074,1856.389576923077
393,2958.5504444444446,1881.3914444444445
394,2534.178043478261,1844.8906521739132
395,3536.260583333333,1854.7736666666667
396,2877.3723125,1882.2906875
397,2464.236266666667,1872.2256666666665
398,2706.3074166666665,1857.2894999999999
399,3257.7994,1860.3678
400,3311.3205714285714,1881.5702857142858
401,2751.9405714285713,1887.9118571428571
402,3356.945714285714,1883.9435714285714
403,3588.3884999999996,1885.0871666666665
404,1980.5697647058823,1853.1811764705883
405,3679.8141000000005,1889.6679
406,2137.434076923077,1887.8285384615385
407,3856.290892857143,1888.4213214285714
408,3616.6155,1909.2449285714285
409,2672.2538,1907.21745
410,3416.4993999999997,1916.1454
411,2829.1236,1919.9145199999998
412,2497.9415789473683,1928.9899999999998
413,2578.1474545454544,1913.4152727272726
415,3308.0601428571426,1915.483
416,3842.6594285714286,1954.2736666666667
417,3689.2383,1945.4204000000002
418,2311.486888888889,1920.2795555555556
419,2034.4033333333334,1946.6626666666664
420,3093.1135,1919.67525
421,3158.6389999999997,1933.2983333333334
422,3524.2303333333334,1939.8903333333333
423,3378.0497777777778,1969.1745555555556
424,3756.9275000000002,1944.70295
425,2264.9122666666667,1950.7687333333333
426,2655.0866363636364,1954.4678181818183
427,3630.1127500000002,1960.24125
428,2590.949,1991.097125
429,2135.1259999999997,1964.9326666666666
430,3286.1371,1963.7561
431,3454.9010000000003,1975.3205625
432,3581.1334705882355,1974.8181764705882
433,3922.4013235294115,1975.6392352941175
434,4354.267785714286,80.32326714285715
435,4495.363666666667,181.23796296296297
436,4356.925142857142,182.4725857142857
437,5107.8104,221.27208000000002
438,5080.740375,245.0168
439,4320.490222222222,257.0646222222222
440,4937.649466666667,255.30219333333335
441,5090.722545454545,288.05629090909093
442,4980.484952380952,291.6472761904762
443,5276.441142857143,290.4246928571429
444,5098.408399999999,319.88512000000003
445,4327.199333333333,321.96850666666666
446,4926.492416666667,335.62438333333336
447,5039.9367,328.55037000000004
448,4783.77276,338.451288
449,5004.421125,366.045625
450,4680.541631578947,388.42083157894734
451,5271.020631578947,389.37895789473686
452,4587.729827586207,398.1494793103448
453,5369.421428571428,401.29582857142856
454,4754.607208333334,409.90442916666666
455,4942.6792,419.45565999999997
456,5436.744000000001,405.64594999999997
457,4506.1655,411.1071541666667
458,4459.097545454546,447.4501772727272
459,4697.5103125,443.57355625
461,5184.620242424242,447.92657272727274
462,5302.877454545454,434.08149090909086
463,4833.286999999999,459.9432173913043
464,4405.767884615385,453.09772692307695
465,4638.725130434783,472.287752173913
466,5057.4852,456.39276
467,5340.8075,465.22880714285714
468,5568.23075,469.66497499999997
469,5386.97,498.59090000000003
470,4007.972333333333,489.4988333333333
471,5444.868,491.2663357142857
472,4232.33,496.5951555555555
473,5019.459916666667,495.7485
474,4730.139130434783,503.8357956521739
475,4549.257857142858,519.1296571428571
476,5455.7585,528.17318
477,5181.735842105263,525.4951315789473
478,5252.719875,523.5149875
479,5046.699590909091,541.9697363636363
480,4716.533541666667,557.5309416666666
481,5555.279714285714,564.3521857142857
482,5247.860555555556,567.1362666666666
483,5098.359875,567.07461875
484,4837.110947368421,565.4150789473684
485,4990.65994117647,582.1472529411765
486,4914.4929999999995,586.1000705882352
487,5155.36725,584.574925
488,4635.7827,586.464295
489,4774.562238095238,634.5952761904762
490,5033.111777777778,610.5103888888889
491,4637.776857142857,626.2164857142858
492,5138.915272727273,630.2552454545455
493,4178.2360625,634.948709375
494,5071.466153846153,634.5550076923076
496,4853.250142857143,640.4763857142858
498,4605.848222222222,656.7770777777778
499,5102.672125,672.959175
502,4952.7314,694.3156799999999
503,4452.984,694.28975
504,4749.080666666667,694.1301083333333
505,5184.607375,720.5346
506,4816.172333333333,702.1283416666666
508,4671.288153846153,733.9110615384616
509,4879.58884,714.937468
510,4471.033333333334,741.41955
511,5519.5858,751.85208
512,4599.199647058824,757.3415235294117
513,5239.753,774.4646
514,4534.018333333333,794.0048999999999
515,4924.288153846153,786.2294153846154
516,4588.6613333333335,813.3595666666666
517,5116.438272727273,804.4275272727272
518,5432.235416666666,822.1065750000001
519,5260.255125,831.6166125
520,4936.697538461538,838.2444153846154
521,5029.4906875,825.84553125
522,4845.6513749999995,819.390125
523,5658.3094,855.9770000000001
524,4757.1924285714285,857.8978285714286
525,5063.524333333334,871.803325
526,5202.916363636364,861.1784090909091
527,5586.737833333333,886.77285
528,5259.7769,880.63766
529,4750.098599999999,891.4793400000001
531,5533.359375,938.80675
532,5028.582166666666,939.9184833333334
533,5093.236428571428,954.7034857142856
534,5578.477199999999,967.1696
535,5665.282,962.43025
536,5515.596846153847,990.3605384615385
537,5639.981571428571,997.9205857142857
539,5363.687,1005.29355
540,5438.571181818182,998.1177727272727
541,4913.64125925926,1013.9248814814814
542,5697.623,1015.36212
543,5490.8364375,1044.8505
544,5325.4728000000005,1047.2966000000001
545,5095.956666666666,1045.6373333333333
546,5254.018,1049.9816666666668
547,5197.815142857143,1052.0248571428572
548,5438.02,1082.45775
549,5293.332181818182,1106.649818181818
550,5370.21375,1094.627
551,5091.788625,1109.80025
552,4959.942869565218,1112.9604347826087
553,5230.650083333333,1135.8710833333332
554,5438.794923076924,1141.22
555,5023.835636363637,1142.076409090909
556,5094.063222222223,1162.5346666666667
557,5320.146555555556,1175.8629444444443
558,5377.6744,1168.5983
559,5611.203111111111,1194.867
560,5216.153600000001,1195.1986666666667
561,5270.835,1200.6201428571428
562,5152.337538461539,1189.2244615384616
563,5518.800884615384,1211.2803461538463
564,5434.491,1242.4184761904762
565,5070.38325,1212.460375
566,4086.6677058823525,1220.6338823529413
567,5631.3225,1239.3573125
568,5363.851619047619,1238.5970952380953
569,5738.334351351351,1268.0966756756757
570,5612.549210526316,1275.136
571,4068.1349666666665,1301.0786666666668
572,4188.4963333333335,1298.3221333333336
573,4141.2084444444445,1308.6402222222223
574,4298.70275,1334.63375
575,5592.628833333333,1342.2838333333332
576,5669.144916666667,1341.7392499999999
577,5839.118172413793,1332.788827586207
578,4130.567703703704,1377.0040370370368
579,5759.04055,1368.09275
581,4365.74225,1415.1864166666667
582,4266.522346153846,1414.8281153846156
583,4429.845714285714,1424.332285714286
584,5808.07975,1435.72255
585,5718.8979375,1427.0765625
586,4588.5078,1449.5295333333333
587,4542.026857142858,1466.5947142857144
588,5876.806684210526,1482.852842105263
589,4325.8033749999995,1463.1285
590,4372.557611111111,1499.8796666666667
591,4458.229631578947,1505.9448947368421
592,4078.5285357142857,1505.4586428571426
593,4207.74351724138,1522.8084137931035
594,4509.216909090909,1539.9651818181817
595,4070.8568571428573,1577.918357142857
596,4523.950411764706,1575.5343529411764
597,4111.581142857142,1601.350142857143
598,4344.312333333333,1597.4375555555555
599,4414.2581666666665,1584.0086666666666
600,4185.52616,1595.14636
601,4496.9312222222225,1627.9613333333334
602,4083.2875,1640.9598636363635
603,4448.061,1665.6195
604,4181.715678571429,1660.2611785714287
605,4272.341441176471,1659.4804411764705
606,4577.0830000000005,1629.2994444444444
607,4014.6097428571434,1679.6355142857144
608,4074.137222222222,1704.0880555555555
609,4532.766666666666,1715.2348333333332
610,4614.446333333333,1719.7473333333335
611,4375.512379310345,1701.989379310345
612,4178.514903225807,1732.3129677419354
613,4454.947411764706,1728.6798235294118
614,4654.498727272727,1746.908909090909
615,4340.664695652174,1753.5090434782608
616,4102.860230769231,1749.8024615384616
617,4251.5845714285715,1748.6066428571428
618,4708.00175,1773.90385
619,4462.721272727273,1785.1220454545453
620,4535.15035,1793.7669
621,4308.992470588236,1805.4063529411765
622,4598.986235294118,1812.9184705882353
623,4036.3626315789475,1797.5633157894738
624,4243.975136363636,1826.6863181818183
625,4656.1625,1828.5
626,4753.4839999999995,1831.4523333333334
627,4166.5707,1812.0671
628,4100.623466666667,1840.6226
629,4419.0009375,1836.368
630,4334.426851851852,1849.3288518518518
631,4273.575,1884.534666666667
632,4537.7912352941175,1860.5174411764706
633,4394.4294666666665,1892.1586666666667
634,4853.234666666666,1868.7385000000002
635,4749.870105263159,1895.5436842105264
636,4208.562473684211,1876.5684210526317
637,4319.876913043478,1916.5424347826088
638,4128.273571428572,1903.2232857142858
639,4036.187857142857,1918.6976071428574
640,4679.557052631579,1914.379947368421
641,4561.27347368421,1931.729105263158
642,4179.2195,1936.2165
643,4422.345894736842,1936.162105263158
644,4877.1148,1934.6726999999998
645,4495.405049999999,1941.0425500000001
646,4341.878481481482,1965.6008518518518
647,4804.277052631579,1968.5533157894736
648,5061.494571428571,1960.4042571428572
649,4257.105206896552,1992.6584482758622
652,7353.337600000001,464.22785999999996
653,7280.7471000000005,472.80127000000005
654,7436.6612,509.3941
655,7353.446333333332,526.8525666666667
656,7206.01675,529.053103125
657,7398.2984,544.55426
658,7284.750266666667,540.6828266666666
659,7145.305869565217,568.917243478261
660,7248.475181818182,580.064890909091
661,7319.842882352941,608.9956647058823
662,7102.36447368421,625.9430421052631
663,7178.624176470588,620.0968882352942
664,7424.136571428571,601.2532928571428
665,7265.415153846154,643.2526615384614
666,7471.4456666666665,656.8343733333334
667,7177.54575,659.1720625
668,7337.7686,672.52424
669,7402.2758,688.73334
670,6946.9480625,677.90459375
671,7078.6911818181825,691.7822909090909
674,7442.734428571429,723.8132857142857
675,6995.81276923077,720.3445230769231
676,7156.725,724.25915
677,7319.455583333333,735.737075
678,7219.013333333333,742.5916555555555
679,7083.627399999999,751.6935466666667
680,6929.324652173913,776.394495652174
681,7430.93047826087,783.428543478261
682,7497.977538461539,778.8285307692307
683,7367.5135625,771.839825
684,7027.6956666666665,781.0147999999999
685,7275.4008,789.4192066666667
686,7160.153307692308,795.0166615384616
688,7342.270799999999,834.175056
689,6983.226,842.9208333333333
690,6914.236071428572,836.2107857142857
691,7395.799923076924,876.1487807692307
692,7258.222678571428,902.9013892857143
693,7307.569772727273,920.0848272727272
694,7223.357625000001,928.18073125
696,7406.051388888888,965.3162944444443
697,7551.848583333333,1015.7379500000001
698,7441.066049999999,1028.766795
699,7328.550260869565,1027.905652173913
700,7448.275523809523,1090.4867142857142
701,7686.812416666667,1100.633
702,7554.1811935483875,1088.449
703,7372.228933333333,1130.3128666666667
704,7427.380318181818,1200.5214545454546
705,7740.785214285715,1165.1135714285715
706,7355.522296296295,1188.9214814814816
709,7638.068125000001,1206.6221666666668
710,7546.942739130434,1214.448347826087
712,7730.1811333333335,1257.8643333333334
713,7821.222599999999,1292.7692000000002
714,7605.422285714286,1299.877
715,7654.813411764706,1329.960882352941
716,7751.8705,1330.45
718,7861.022352941177,1319.8528823529412
719,7835.3914,1368.276
720,7675.251235294118,1382.481882352941
721,7922.63775,1384.0336
722,7788.231444444445,1397.7996666666668
723,7376.022857142858,1406.885
724,7730.588916666667,1405.6142499999999
725,7302.23395,1410.4287
726,7489.9006875000005,1432.280625
727,7121.41525,1418.123214285714
728,7426.399315789474,1460.2372631578949
729,7612.260620689654,1443.0764827586206
730,7072.0849677419355,1461.0624516129033
731,6878.112888888889,1455.5135555555555
732,7263.98623076923,1486.8124615384618
733,6930.246434782609,1495.7274347826087
734,7472.416727272727,1520.5717727272727
735,7169.1510384615385,1499.8046923076922
736,7224.9854374999995,1529.5589375
737,7288.299214285714,1547.589
738,7321.712133333333,1524.9744
739,7379.187214285715,1520.160357142857
740,6943.911195121951,1556.9698048780488
741,7444.697611111111,1572.1862777777778
742,7662.894214285714,1554.5021428571429
743,7731.7422,1557.1670000000001
744,6811.743111111112,1551.0411111111111
745,7367.501,1579.4133684210526
746,7156.200307692308,1569.981076923077
747,7825.0095,1573.9555833333334
748,7270.782125,1589.7070625
749,7040.377515151515,1597.677212121212
750,7104.5933749999995,1582.79905
751,6746.1685517241385,1592.6825862068965
752,7885.6635,1614.1435000000001
753,6982.027666666667,1603.3533333333332
754,6839.116478260869,1614.4273913043478
755,6900.592500000001,1616.397611111111
756,7678.230210526316,1624.1854210526317
757,7164.2984,1632.9769000000001
758,7447.131625,1617.42925
759,7759.137678571429,1631.2497500000002
760,7556.74534375,1620.72746875
761,7223.1868,1644.1061000000002
762,7837.335150000001,1653.3892
763,7322.741565217392,1647.0803913043478
764,6970.87512,1668.62856
765,7931.43824137931,1655.470724137931
766,7451.3264285714295,1655.7727142857143
767,6817.965210526316,1673.0801578947369
768,7036.431090909091,1667.4956818181818
769,7333.60265625,1695.2573125
770,7188.834272727272,1688.8896363636363
771,6707.552133333334,1674.8145333333334
772,7120.195352941177,1697.5178235294118
773,7492.567571428571,1686.0559285714285
774,7677.406625,1687.82421875
775,7602.993,1681.9800384615385
776,7533.857285714285,1699.3166428571428
777,7413.224714285715,1705.7944285714286
778,7736.9465,1721.14565
779,7458.343,1734.505375
780,6709.506526315789,1743.7606315789471
781,7249.255764705882,1720.4283529411764
782,6762.516857142858,1752.3905714285715
783,6822.006149999999,1743.3534
784,7053.322666666666,1739.7841333333333
785,7814.695941176471,1728.5344705882353
786,7627.567166666667,1733.2121666666665
787,6891.346,1726.865625
788,6979.113409090909,1732.7646363636363
789,7143.0179375,1743.453125
790,7506.563615384615,1749.0371538461538
791,7596.09405882353,1777.070588235294
792,7906.875157894737,1748.7078157894737
794,7697.993777777778,1769.837
795,7326.729875,1773.229625
796,7256.352588235294,1771.4851764705882
797,7401.942538461538,1776.339
798,7812.565115384616,1786.1380384615384
799,6719.2718,1802.1989
800,7149.6704375,1794.1771875
801,6899.5667368421055,1791.0557368421053
802,6987.912956521739,1796.4141739130434
803,6628.300909090909,1803.9145454545455
804,7657.325250000001,1800.6955833333334
805,7516.563875,1815.929875
806,6673.636583333333,1819.954
807,7460.088333333333,1824.738
808,7266.50875,1821.72025
809,7133.88494117647,1830.5367647058824
810,7854.2999411764695,1821.7088235294118
811,7918.992538461539,1825.8746153846153
812,6997.482352941176,1855.4475294117647
813,7571.006066666667,1827.1114
814,7622.4695,1847.0131666666666
815,6771.709681818183,1835.1143181818181
816,7720.048519999999,1832.8183999999999
817,6864.290545454545,1847.4618181818184
818,7212.410481481481,1848.3004814814815
819,6822.438142857143,1863.0567857142858
820,7302.692904761905,1874.7525238095238
821,7378.67947368421,1856.997105263158
822,7091.330199999999,1868.7093333333332
823,7921.999249999999,1884.5367999999999
824,6579.277000000001,1889.7935
825,7600.964499999999,1884.0645000000002
826,7676.512333333333,1887.1566666666668
827,7469.529666666667,1886.0428666666667
828,6932.917461538461,1872.6133846153848
829,7152.4288235294125,1897.3530588235294
830,7751.0206206896555,1892.3257586206896
831,7225.6111875,1913.1135625
832,7802.957461538462,1901.1718461538462
833,6705.229074074074,1900.8289629629628
834,7865.9300454545455,1920.0740909090907
835,6783.651821428571,1930.8606785714287
836,7357.870933333334,1925.9814000000001
837,7571.2450714285715,1926.5605714285714
838,7050.667272727273,1908.7333181818183
839,7713.376545454546,1930.7208181818182
840,6911.0984375,1936.8445625
841,7409.368421052632,1942.439947368421
842,6853.557772727273,1933.8164090909092
843,7674.824642857143,1953.8787857142856
844,7195.598214285715,1954.9332142857143
845,7521.921,1929.562625
846,7101.757142857144,1954.6408571428572
847,6998.328666666666,1943.6816666666668
848,6671.361272727273,1967.1307727272726
849,7292.22709090909,1957.650818181818
852,7559.2588,1977.7425333333333
853,9479.55875,840.2155875
854,9592.1309,1221.9137999999998
855,9752.054857142857,1246.9011904761905
857,9574.490944444444,1277.563111111111
858,9668.141826086956,1264.336391304348
860,9730.240210526317,1299.4862631578949
862,9634.560863636363,1330.5889545454545
863,9929.173125,1313.561
866,9583.695071428572,1344.297
868,7994.8155,1395.4375714285713
870,8008.5275769230775,1482.9241153846156
871,8085.6471111111105,1478.591111111111
872,8175.011272727273,1523.203
873,8106.4923,1537.4249
874,8235.49,1571.4698636363637
875,8145.0181111111115,1575.0644444444445
876,8295.187266666666,1601.8681333333334
877,8202.1745,1608.2055714285714
878,8018.15425,1643.71525
879,8108.97775,1630.7259999999999
880,8319.394833333332,1641.7735555555555
881,8003.2,1688.8623333333335
882,8335.327157894737,1691.2613157894737
883,8477.160999999998,1700.2716
884,8508.8986,1711.547
885,8240.397043478262,1714.4510434782608
886,8585.103299999999,1705.0214
887,8412.91190909091,1682.6630000000002
888,8494.050333333333,1778.7893333333332
889,8590.572857142857,1760.3672857142858
890,8376.686666666666,1761.6873333333333
893,8311.2208125,1753.74975
894,8253.608666666667,1767.2572222222223
895,8729.645999999999,1811.6125714285715
896,8651.0681,1794.8838
897,8447.370777777778,1811.5083333333334
898,8355.1849,1803.2025
899,8627.4424,1850.2887999999998
900,8563.796666666667,1850.1191666666666
901,9147.483461538463,1811.7008461538462
903,8323.546083333333,1854.1698333333334
904,8467.06825,1870.66175
905,9019.962818181819,1840.4105454545454
907,8389.502642857142,1864.6088571428572
908,9223.646499999999,1865.87625
909,8667.744375,1891.0245
910,9063.821800000002,1851.3808000000001
912,8956.948999999999,1868.5411666666666
913,9165.756333333333,1887.9116666666666
915,8794.8815,1901.84225
916,9088.605142857143,1913.6092857142855
917,9225.757777777779,1908.480888888889
918,8515.116444444444,1899.9773333333333
919,7990.855842105263,1865.6947894736843
920,8262.920166666667,1909.4588333333334
921,8729.990666666667,1899.5565
922,9138.11225,1942.60825
923,8601.166000000001,1896.0207500000001
924,8224.711545454546,1936.8316363636366
925,9404.523666666666,1952.8684999999998
926,9030.7565,1947.2932857142857
927,9187.063416666666,1962.21075
928,8955.132692307692,1945.411769230769
929,8518.844000000001,1948.8873333333333
930,8618.661315789474,1951.6945263157897
931,9255.2246,1955.3463333333334
932,8855.515142857143,1949.9189285714285
933,9467.125777777777,1975.7784444444446
934,9525.295399999999,1975.0234
935,8559.962666666666,1975.1456666666666
936,10707.058500000001,1047.1241
937,10780.671333333334,1040.2269000000001
938,10866.584166666667,1041.40475
939,10947.936842105262,1054.3633157894735
940,11280.816363636362,1058.067090909091
941,10545.948181818181,1063.6996363636363
942,10641.592173913043,1070.1585652173912
943,11139.642857142857,1072.2520714285715
944,10584.373333333333,1084.5237142857143
945,11014.0475,1075.7265833333333
946,10506.31125,1090.0275
947,11223.817142857142,1089.1134285714286
948,10321.823333333334,1096.0305555555556
949,10460.299411764705,1109.3238823529412
950,10859.770714285714,1109.6726428571428
951,10276.201666666666,1103.3426666666667
952,11166.718571428572,1119.1563571428571
953,11322.56105263158,1085.6504736842105
954,10929.235714285713,1121.750142857143
955,11083.093333333334,1095.0234444444445
956,10745.820625,1119.252
957,10210.457142857142,1132.722
958,11383.688571428573,1131.8322857142857
959,10999.588823529411,1140.5183529411765
960,10160.159,1149.2795
961,10394.854736842104,1106.6015263157894
962,10345.938750000001,1144.556125
963,10527.831666666667,1128.4718333333333
964,10599.11,1153.5366
965,11411.284999999998,1159.5676666666666
966,10271.521818181818,1151.0921818181816
968,11040.298181818182,1163.3186363636364
969,10661.376923076923,1145.2620769230768
970,11329.722105263158,1166.4534736842106
971,10417.58,1166.9999
972,11261.846315789473,1161.2777894736842
973,11176.010588235295,1175.400294117647
974,10539.013571428572,1187.2939999999999
975,10913.168709677419,1187.7715161290323
976,11546.77,1190.8102142857144
977,10261.965,1193.4251666666667
978,11449.41,1199.0784999999998
979,10334.795,1195.178375
980,10688.782222222222,1206.1514444444445
981,10205.783157894737,1209.3871052631578
982,11524.36,1232.4492142857143
983,10396.58375,1222.74125
984,10618.392857142857,1217.5521428571428
985,11295.124,1225.4593
987,11372.595555555556,1225.9565555555555
988,10144.244999999999,1203.081625
989,10300.407142857144,1237.9057142857143
990,10810.942121212121,1218.2143636363637
991,10349.41875,1258.090375
992,10456.9675,1250.8845000000001
993,11615.861666666666,1257.0857916666666
994,10022.509999999998,1257.7910000000002
995,11030.736785714285,1237.2218214285715
996,10550.575,1239.3171
997,10654.54,1268.090909090909
998,10877.783571428572,1249.2294285714286
999,11703.266,1261.7
1000,10728.067,1274.6001
1001,11640.512666666667,1278.1358
1002,10514.4,1277.04
1003,10123.84,1275.6157272727273
1004,10053.653,1287.6155
1005,10447.586,1274.2174
1006,10942.148333333333,1293.8759166666666
1007,10555.872857142856,1295.0745714285715
1008,10190.364615384615,1286.760153846154
1009,10506.1625,1315.4595
1010,11089.762307692308,1298.9873076923077
1011,11464.377894736841,1279.3634210526316
1012,10787.785714285714,1294.1314285714286
1013,11528.806666666665,1304.2495000000001
1014,11296.317,1278.0040000000001
1015,11692.303529411765,1302.659117647059
1016,11577.988333333333,1318.7113333333334
1017,11012.628181818181,1311.0649090909092
1018,11375.08909090909,1315.8149090909092
1019,10444.622727272728,1322.4396363636363
1020,11267.71388888889,1326.5958333333333
1022,10597.945,1337.1680000000001
1023,10708.930833333334,1334.02
1024,10875.687647058823,1320.4486470588236
1025,11789.616363636364,1347.0603636363637
1026,10131.708,1337.2124
1027,10813.165555555555,1348.3961111111112
1028,10410.855555555556,1319.7663333333335
1029,10065.392,1336.53
1030,10313.144999999999,1323.2396111111111
1031,10358.779,1338.3136
1032,10636.70857142857,1342.148857142857
1034,11683.444375,1372.898
1035,10120.946666666667,1388.0746666666666
1036,11633.284285714286,1347.9175
1037,11971.656666666668,1370.3285555555556
1038,11150.627826086957,1361.8481739130436
1039,11265.880000000001,1386.605
1040,9992.023352941176,1370.713588235294
1041,11380.846363636363,1391.3951818181818
1042,10410.5,1387.202125
1043,10164.439,1378.1257
1044,11451.325238095238,1383.9171904761904
1045,10339.721111111112,1394.1684444444445
1046,11535.343888888889,1393.9454444444445
1047,10774.565,1406.328
1048,10536.16,1384.8905
1049,10950.393333333333,1387.4432222222222
1050,11209.359,1395.8049500000002
1051,10658.397500000001,1417.30585
1052,11609.240000000002,1403.242785714286
1053,10282.002727272727,1405.9669090909092
1054,11324.705294117646,1405.3221176470588
1055,10214.772727272728,1407.316
1056,10897.314666666667,1432.4361999999999
1057,10147.322727272727,1457.4127272727274
1058,11180.680666666665,1428.8786666666667
1059,11948.326153846154,1441.3863076923078
1060,11732.277777777777,1427.477388888889
1061,11043.58846153846,1427.9076538461538
1062,10041.601708333334,1442.3100833333335
1063,10820.448571428571,1434.4897142857142
1064,11463.39,1446.3865555555556
1066,11257.76076923077,1450.111153846154
1067,10494.504210526315,1458.6111578947368
1068,11624.920000000002,1466.1864
1069,10247.589473684211,1471.92
1070,10332.055882352943,1464.214
1071,11156.981428571427,1480.1025714285715
1072,10443.318947368422,1465.8926842105263
1073,11764.45125,1492.008125
1074,10865.128461538463,1500.6156153846155
1076,10777.696666666667,1478.6368333333332
1077,11219.228333333333,1521.5351666666666
1078,11341.693529411765,1486.174882352941
1079,10410.252727272727,1514.8916818181817
1080,10707.374736842105,1495.9738421052632
1081,11537.824090909091,1485.4201818181818
1083,11906.347777777779,1499.8506666666667
1084,11396.808333333334,1515.90075
1085,10071.50076923077,1505.1274615384614
1086,11450.967499999999,1519.9841666666669
1088,11286.905454545455,1545.7373636363636
1089,10185.615384615385,1536.6336923076924
1090,10117.019999999999,1520.4406666666666
1091,10627.173999999999,1527.884
1092,10538.390588235296,1550.3994705882353
1093,11595.902941176471,1538.766588235294
1094,10043.856363636363,1557.107
1096,11026.847857142857,1523.3355
1097,10794.922222222223,1546.721
1098,11160.970666666666,1559.981
1099,10686.960666666668,1566.4578666666666
1100,11834.7392,1557.481
1101,11760.006,1577.2158666666664
1102,11212.688333333334,1573.7721666666666
1103,11902.705,1580.0624444444445
1104,10965.803333333335,1567.204
1105,10306.719047619048,1569.8220476190477
1106,11426.394666666665,1589.1900666666666
1107,10875.786666666667,1579.6401666666668
1108,11523.3255,1581.7119500000001
1109,11046.087333333333,1591.8128
1110,10763.164375,1613.3969375
1111,10123.391111111112,1595.0433333333333
1113,10637.403,1600.7123
1114,11704.427222222223,1600.5947777777776
1115,11117.24923076923,1610.7403076923076
1116,10268.44846153846,1596.518076923077
1117,11061.556666666665,1646.115
1118,10706.505000000001,1632.8467500000002
1119,11875.084444444445,1636.562777777778
1120,11231.715000000002,1615.0545833333333
1121,11654.1,1636.4383333333335
1122,10918.596666666666,1642.4204
1123,11180.84625,1629.812625
1124,11362.27769230769,1629.978
1125,11307.355,1627.3770000000002
1126,11935.55076923077,1639.0054615384615
1128,11775.8775,1624.77625
1129,10831.6625,1644.7695833333335
1130,11597.45,1643.43925
1131,10181.285833333333,1635.03875
1132,11538.717142857144,1649.5856428571428
1133,10625.333529411764,1661.8785882352943
1134,11251.455833333333,1672.152
1135,10057.797999999999,1687.6608
1137,11502.63,1689.07025
1138,11802.828,1677.6234
1140,11017.358,1669.7651333333333
1141,10252.806470588235,1670.8816470588235
1143,10194.568888888889,1714.0435555555555
1144,10461.55076923077,1673.3005384615385
1145,11893.776249999999,1683.305875
1146,11181.415,1674.8309166666668
1147,11416.7,1697.866375
1148,10517.813684210525,1675.602105263158
1149,11584.81625,1703.3069375
1150,10394.10875,1684.4716875
1151,11678.244999999999,1701.5715
1152,10590.607,1728.93255
1153,11076.251428571428,1716.275
1155,11292.49,1701.7587894736844
1156,11360.364,1705.0821
1158,10324.975714285714,1714.909357142857
1159,10923.383125,1713.3493125
1160,10441.769999999999,1743.8954666666666
1161,10692.99125,1724.8595
1162,11842.143333333333,1713.4783333333332
1163,10229.44,1752.81425
1164,11218.98153846154,1732.2593846153845
1165,11807.195,1733.14975
1166,10121.035,1740.108125
1167,11748.215625,1740.93625
1168,11908.427272727273,1728.1673636363637
1169,11304.719411764707,1771.2191176470587
1170,11159.853333333333,1746.4292222222223
1172,11866.0325,1779.139
1174,11110.361538461539,1769.7756923076922
1175,11930.023684210528,1762.380947368421
1177,11259.428181818183,1795.267
1178,10717.544166666667,1782.0270833333334
1179,10831.565833333334,1763.6759166666668
1180,11011.8455,1774.0772499999998
1181,11637.14,1772.038375
1182,10656.874285714284,1788.9418571428573
1183,11549.163333333334,1792.1521428571427
1184,11728.362727272728,1804.137181818182
1185,11805.62125,1814.7508125
1186,10356.590625,1811.884875
1188,10483.746666666668,1780.7633333333333
1189,10896.759444444446,1791.3672222222222
1190,11202.23625,1809.8174999999999
1191,10275.265,1812.9386666666667
1192,11393.7125,1829.0315
1193,10548.765833333333,1817.1661666666666
1194,10946.000625,1813.1965625
1195,10149.232,1820.4378000000002
1196,11087.025,1820.5735
1197,10205.8375,1851.1995000000002
1198,10420.517272727273,1838.6989090909092
1199,11631.42076923077,1853.8204615384616
1200,10793.113333333335,1837.2994666666666
1201,11166.454285714284,1863.2361428571428
1202,10600.179230769232,1858.915923076923
1203,10685.72125,1848.0986875
1204,10492.993333333334,1874.71975
1205,10849.304,1861.4584666666667
1206,11305.789047619048,1859.2259047619048
1207,10898.525,1867.550857142857
1208,11564.153333333334,1848.5323333333333
1209,11020.054583333333,1851.956375
1210,10295.806,1878.31655
1211,11696.240714285714,1872.1334285714286
1212,10964.99,1870.3528333333334
1214,11478.547368421052,1873.4545263157895
1215,11127.927,1876.6756
1216,10744.983636363637,1878.2942727272728
1217,11610.91375,1896.1978125
1218,10619.963636363636,1902.7914545454544
1219,11239.001666666665,1907.6473333333333
1221,10678.077272727272,1903.946
1222,10978.560000000001,1950.2328000000002
1224,11069.203333333333,1924.9508666666666
1225,10916.838,1932.7439333333334
1226,10411.210909090909,1913.7613636363637
1227,10721.184,1951.6432
1228,10785.890800000001,1940.5061600000001
1229,11387.56,1931.6596666666667
1230,11155.973333333333,1939.9800000000002
1232,10606.630909090909,1960.5456363636365
1233,10850.052857142857,1964.6153571428572
1234,10356.36875,1945.765125
1235,10477.858235294118,1951.344705882353
1236,10298.793333333333,1944.5201666666665
1237,11345.019499999999,1969.9648000000002
1238,11144.987272727272,1987.5947272727274
1239,10556.121666666666,1976.9935833333332
1240,11830.749090909092,1970.837590909091
1243,13049.48,593.030025
1244,12155.968333333332,749.3440999999999
1245,13127.673333333334,763.0623666666667
1246,12368.926923076922,762.4162384615385
1247,13169.782500000001,780.3411166666666
1248,13322.020666666667,775.3290400000001
1249,12854.832142857142,779.82305
1250,12438.576296296296,769.8768740740741
1251,12191.896875,768.6070125
1252,12937.654782608695,776.816552173913
1253,12504.166296296296,780.3257518518518
1254,13262.395263157896,778.4580947368421
1255,13127.391,800.21546
1256,12131.294285714286,799.7718000000001
1257,12224.5,810.8206769230769
1258,13044.32705882353,812.8629117647059
1259,13375.485294117647,816.5433058823529
1260,12968.821290322581,830.4227709677419
1261,13232.335416666667,844.1532916666666
1262,13120.398095238095,840.7444857142857
1263,12291.339583333334,825.8403125
1264,12475.318181818182,857.7059636363637
1265,12899.549629629631,845.1456407407408
1266,12166.63375,836.78829375
1267,13308.544375,845.04510625
1268,12710.438461538462,850.8840653846154
1269,12635.429285714286,842.6687214285714
1270,12363.9755,864.60432
1271,12120.302666666666,886.1064299999999
1272,13164.155416666666,886.9361708333332
1273,13761.180714285714,891.186607142857
1274,12266.908461538462,892.2051346153846
1275,13428.561081081081,878.1369918918919
1276,13492.686111111112,899.0789
1277,12028.72625,901.81083125
1278,12313.706666666667,912.49474
1279,13360.236857142856,912.8499257142857
1280,12980.1375,906.7734
1281,12835.541052631579,914.616642105263
1282,13562.70909090909,915.5746545454546
1283,13682.356111111112,910.3249666666666
1284,13827.41625,913.6314874999999
1285,13892.918823529411,929.2519705882353
1286,12189.272916666667,920.523
1287,12751.545217391304,915.3620086956522
1288,12916.374285714284,918.8239904761906
1289,13068.252499999999,929.057005
1290,12682.192647058822,934.3916647058824
1291,13232.75,917.6379
1292,12591.935454545455,939.8609590909091
1293,13167.1125,958.16409375
1294,12508.644242424243,943.1073363636364
1295,13602.716153846153,943.7591692307692
1296,13281.141578947369,942.2272263157894
1297,12095.001176470587,940.7021647058823
1298,12240.989090909092,960.4365454545455
1299,13521.492352941175,946.3803294117647
1300,12366.8,949.468675
1301,13005.268571428573,956.5968904761905
1302,13748.685483870968,960.1952322580645
1303,13329.654375,976.6892625
1304,13675.70619047619,973.6725952380954
1305,13950.538,972.497684
1306,12919.413076923076,987.3392538461538
1307,12605.79,989.47925
1308,13577.68619047619,994.4504333333333
1309,12036.514444444445,973.3937
1310,12088.498823529413,1000.7116588235294
1311,13903.94142857143,1006.8143380952381
1312,13224.2585,1005.86816
1313,13434.002631578947,984.5801736842105
1315,13506.760666666667,999.5614866666667
1316,12570.51,1005.0832899999999
1317,12344.51,1025.9429375
1318,12692.224615384614,1003.0633769230769
1319,13001.933478260868,1022.9378913043478
1320,12835.590454545454,994.7270227272728
1321,13296.179999999998,1011.3716000000001
1322,13365.327142857142,1009.5258
1323,12632.170714285716,1023.4767714285715
1324,13148.404117647058,1015.9257294117648
1325,12753.732432432433,1030.9636189189189
1327,13078.030909090909,1054.3396818181818
1328,12679.845333333333,1062.6409333333334
1329,12209.88705882353,1058.3299117647057
1330,12894.678666666667,1062.384
1331,13440.225714285714,1085.5660714285714
1332,12052.529999999999,1045.9914999999999
1333,13240.523333333333,1064.8107499999999
1334,13297.9405,1072.5725
1335,12950.792666666666,1073.4154666666666
1336,13363.5025,1076.9469166666665
1337,13166.270499999999,1094.0924
1338,13510.261999999999,1079.2694999999999
1339,12634.74625,1092.286875
1340,12808.389411764705,1086.244705882353
1341,13023.702222222222,1106.5353333333333
1342,13335.67,1122.1595625
1343,12138.937666666667,1097.2117
1344,13216.976923076923,1125.5342307692308
1345,12044.621,1118.6847
1346,13572.187272727273,1121.047090909091
1347,12856.321904761906,1144.2952380952381
1348,12959.6352,1139.77468
1349,12775.925384615384,1123.7416153846154
1350,13497.248181818182,1145.207818181818
1351,13613.176000000001,1141.324
1352,12573.898,1172.1589
1353,13275.319523809525,1179.8430952380954
1354,12063.75857142857,1177.9182142857142
1356,12686.029166666667,1154.0833333333333
1357,13528.605454545455,1183.7415454545453
1358,12634.302307692307,1190.5223076923078
1359,13093.228148148148,1194.9762592592592
1360,12173.42205882353,1186.4764411764706
1361,13445.955,1204.0604166666667
1362,13762.385555555556,1183.6102222222223
1363,13599.823999999999,1194.4586
1365,12755.196086956523,1223.144652173913
1366,11996.822666666667,1210.2702666666667
1367,13029.038571428571,1196.430142857143
1369,13340.661875,1223.1798125
1371,12510.49111111111,1244.0245
1373,13674.637894736841,1220.8997368421053
1374,12626.3508,1252.6637600000001
1375,12833.960909090909,1243.0157727272729
1376,13909.777142857143,1251.6957142857143
1377,12242.455333333335,1262.1326666666669
1378,12312.281111111111,1267.2108888888888
1379,13051.863636363636,1273.84
1380,13698.891,1271.5738
1381,13524.370769230769,1264.3883076923075
1382,13940.730833333333,1274.319
1383,13385.6475,1274.3706875
1384,13464.850909090908,1283.7012727272727
1385,12019.089999999998,1298.102653846154
1386,12571.079285714284,1278.3957142857143
1387,13862.048461538461,1279.7103846153846
1388,13777.841363636364,1274.2775454545454
1389,12963.560322580644,1281.8241290322578
1390,13408.26,1323.549
1391,13141.321538461538,1293.3606923076923
1393,13729.346296296295,1317.572148148148
1394,13656.57411764706,1305.8724117647057
1395,13805.015454545455,1321.0633636363636
1396,12566.723333333333,1319.5855999999999
1397,12868.313043478262,1313.2538695652174
1398,12499.80076923077,1337.9566923076923
1399,12769.937407407408,1322.7884814814813
1400,13349.361363636364,1354.108
1401,13554.802222222223,1336.216888888889
1402,13619.273333333333,1345.0249999999999
1403,12865.736086956522,1363.6372608695651
1404,13871.811333333333,1355.9951333333333
1405,12634.304848484848,1357.1580606060606
1407,12286.981666666667,1356.86
1408,13924.989166666666,1380.9450833333333
1409,12537.495789473684,1393.779789473684
1410,13725.406666666668,1379.2853333333333
1411,13301.90909090909,1377.4968181818183
1412,12050.039999999999,1373.3335714285715
1413,13182.937777777777,1382.8328888888889
1414,13431.668666666666,1371.2101333333333
1415,13602.531428571428,1391.0802857142858
1416,13039.614375000001,1374.97575
1417,13541.323333333334,1398.5593333333334
1418,13104.08,1394.3713333333333
1419,12976.472903225806,1423.0037741935482
1420,12238.663571428571,1408.3700714285715
1421,13221.048181818182,1416.7045454545455
1422,12140.077666666668,1420.8308666666667
1423,13294.885454545454,1428.939090909091
1424,13416.655,1425.9045
1425,13538.091538461538,1438.7154615384616
1426,12849.244444444443,1441.9217777777778
1427,13689.793846153847,1436.1160000000002
1428,12359.3265,1444.4496
1429,13468.865454545454,1432.96
1430,13800.97,1431.9825625
1431,13754.125555555556,1463.9884444444444
1432,13246.949999999999,1471.7
1433,13953.826153846154,1474.0673846153845
1434,13868.064285714285,1470.01
1435,12156.397857142858,1481.0172142857143
1436,13117.719230769231,1451.302846153846
1437,13495.37,1480.564111111111
1439,13611.2,1459.042
1440,13328.505217391305,1466.9553478260868
1441,12658.941499999999,1483.705025
1443,12016.977499999999,1485.0503
1444,12087.895416666666,1492.2795833333332
1446,12287.923888888889,1491.0719444444444
1447,13052.574705882354,1485.1487647058823
1448,13284.07,1514.73775
1449,13803.737142857144,1499.4897857142857
1450,13143.401304347824,1509.3113913043476
1451,12202.643809523808,1512.950619047619
1453,13912.293333333333,1530.5810666666666
1454,13678.447894736842,1517.9353157894736
1455,13004.512380952381,1518.0010476190478
1456,13555.600588235293,1517.710882352941
1457,13605.728,1522.7484
1458,13857.246666666666,1524.7036666666665
1459,13733.031666666668,1542.7453333333333
1460,13338.717999999999,1549.1135
1461,12284.4525,1542.2453125
1462,12764.341470588235,1526.3122647058824
1463,12449.727317073171,1542.9724634146341
1464,13399.110588235295,1554.7558823529412
1465,13197.925,1569.4575
1466,13799.464285714286,1564.6400714285714
1467,12553.906585365854,1553.3858536585367
1468,13512.395999999999,1565.8043
1469,12900.493636363635,1554.1423333333332
1470,12727.719166666668,1585.9865833333333
1471,12355.529310344828,1567.7943448275862
1472,12159.347,1580.1046000000001
1473,13014.516818181817,1586.5384090909092
1474,13352.86,1586.3014999999998
1475,13592.996,1593.1281999999999
1476,13648.891578947369,1585.8678421052632
1477,13470.56,1585.5875
1478,13861.3175,1575.890125
1479,12243.394210526316,1601.5055789473683
1480,13100.05875,1579.2110625
1481,13943.324285714287,1582.945857142857
1482,12014.085333333333,1586.6592333333333
1483,12123.217692307691,1600.114769230769
1484,12506.27090909091,1620.8270454545454
1485,13723.5375,1603.8745
1486,13520.338333333333,1617.7204166666668
1487,13791.103333333333,1632.4096666666667
1488,13142.378461538463,1616.045076923077
1489,12060.574090909091,1638.5395454545455
1490,13863.252000000002,1639.5588
1491,13419.108571428571,1625.5981428571429
1492,13460.258,1637.7030666666665
1493,13931.239411764705,1653.4244117647058
1494,13274.9175,1632.268625
1495,12364.01740740741,1665.6132592592592
1496,13191.062727272727,1658.030909090909
1497,12787.498846153845,1654.0709615384617
1498,12201.081363636362,1656.3937272727271
1499,13557.166153846154,1666.4777692307691
1500,13386.75,1660.3091538461538
1501,13715.992941176472,1660.2061176470588
1502,12438.544,1674.7644571428573
1503,12951.441739130434,1664.0061304347828
1504,13348.229375,1688.365
1505,13243.415,1691.1845
1506,11976.980689655173,1679.8968275862069
1507,12732.034074074074,1689.075925925926
1508,12882.405666666666,1699.6301333333333
1509,12287.550344827587,1696.280620689655
1510,13757.865833333335,1695.04325
1511,13424.582857142857,1709.3737142857142
1512,13620.996666666666,1692.1664166666667
1513,13683.62388888889,1728.8033333333333
1514,12202.303333333333,1728.8226190476191
1515,12031.962272727273,1725.7108636363637
1516,13117.195454545454,1723.4340000000002
1517,13182.12625,1731.7615
1518,13272.745,1731.09325
1519,12803.230212765957,1739.1824680851064
1520,13482.838,1728.8814666666667
1521,12129.022608695654,1730.7597826086956
1522,13550.728461538461,1770.022692307692
1523,12312.794166666667,1750.04575
1524,12463.33875,1749.73521875
1525,13334.941666666666,1755.9188333333332
1526,12374.381739130436,1774.2579130434783
1527,13476.92181818182,1798.0664545454545
1528,13792.805294117647,1765.5714705882353
1529,12098.370714285715,1794.28175
1530,12628.6053125,1776.46103125
1531,13899.206,1796.40636
1532,12912.485217391304,1787.5287826086956
1533,13221.405263157896,1787.6668947368423
1534,13029.38705882353,1791.498882352941
1535,12030.476818181818,1805.7826818181818
1536,12473.083333333334,1829.296
1538,13668.315384615385,1810.1165384615383
1539,13402.143333333333,1821.311722222222
1540,12241.569310344828,1812.0207241379312
1541,13598.69,1833.2973076923079
1542,13250.242222222221,1840.601777777778
1543,13715.994999999999,1827.194857142857
1544,12732.197727272725,1833.5035681818183
1545,12629.405555555555,1850.2973333333332
1546,13774.42181818182,1838.9997272727271
1547,12345.490277777779,1853.241527777778
1548,12560.013548387096,1850.727741935484
1549,13092.89,1845.8601764705882
1550,13505.26,1870.0872857142858
1551,12959.524210526315,1871.445105263158
1552,12275.544375,1891.6124375
1553,13855.2885,1888.1361000000002
1554,13725.327307692309,1914.2120769230771
1555,13172.379444444443,1911.9792222222225
1556,13622.664999999999,1919.6598571428572
1557,12182.695,1906.4209090909092
1558,12509.965454545454,1925.307696969697
1559,12761.563999999998,1915.1178
1560,13322.204500000002,1914.0080000000003
1561,12361.6152,1924.71356
1562,12687.890476190476,1935.3733333333332
1563,13965.835000000001,1944.6480999999999
1564,13009.285217391303,1948.0585217391304
1565,12085.63,1951.8628333333334
1566,13077.985,1934.7708333333333
1567,12285.813181818183,1955.7148181818184
1568,12585.314333333334,1970.9764666666667
1569,13800.803333333333,1971.1272222222224
1570,11973.11,1952.9129999999998
1571,12938.436,1976.81695
1572,13107.753125,1992.760625
1573,15499.801052631577,876.8212736842106
1574,15203.754444444445,900.5220333333333
1575,14718.012592592593,910.9227703703704
1576,14479.834375,926.3332
1577,14232.169375,916.92853125
1578,14759.966470588235,929.3577764705883
1579,15592.2964,909.4876119999999
1580,14327.991176470588,950.4400411764706
1581,14875.540833333333,941.7458750000001
1582,14144.944285714286,951.5779714285715
1583,14395.565,941.8286249999999
1584,14618.693,937.6834000000001
1585,14999.640714285715,929.4801857142858
1586,14797.535,965.66634375
1587,14199.74111111111,981.1478444444443
1588,14046.255,973.9651
1589,14252.2975,971.0346833333333
1590,14957.012592592593,979.9358925925926
1591,15577.214615384615,980.4665461538461
1592,15688.138888888889,985.6282999999999
1593,14495.7505,997.1490299999999
1594,14269.842631578947,1007.9964789473684
1595,14897.448666666667,993.7559866666667
1596,15508.35,990.39245
1597,15442.660999999998,999.1559300000001
1598,13996.332666666665,1021.32994
1599,14843.8388,1023.236536
1600,15627.950833333334,1021.6755833333333
1601,15340.905116279071,1015.9417837209303
1602,15431.011538461538,1037.2513076923076
1603,14049.333125000001,1043.6521875
1604,14309.422777777778,1038.8066666666666
1606,15502.37962962963,1056.8498148148149
1608,14373.032,1041.3291199999999
1609,15693.41380952381,1064.5605238095238
1610,14778.939302325582,1054.0812790697676
1611,14913.717307692308,1064.1842692307694
1612,15621.283333333333,1089.8809166666667
1613,15419.482272727271,1096.8957272727273
1614,14608.305,1096.846875
1615,15273.95347826087,1097.0454782608697
1616,14487.76875,1103.413625
1617,14860.120909090909,1147.8737272727271
1618,15361.3225,1123.47975
1619,14932.024374999999,1113.435625
1620,15601.914666666667,1125.3076666666668
1622,14492.538571428571,1154.8072142857143
1623,15755.205833333333,1133.0755
1624,14970.85447368421,1158.766289473684
1625,15538.850769230768,1149.0626923076923
1626,15475.0675,1131.4164375
1627,15696.330714285714,1143.8550714285714
1628,15620.044444444444,1181.8027222222222
1629,15301.344000000001,1179.7536
1630,15419.832,1174.4414000000002
1631,15740.198,1201.0352
1632,15684.922222222222,1197.424611111111
1633,14797.277222222221,1195.8179444444443
1634,15482.597272727273,1196.0232727272726
1635,15204.709523809524,1202.9105238095237
1637,15353.216923076923,1216.885923076923
1638,14951.065151515153,1221.8037575757576
1639,15041.832978723405,1213.6956808510638
1641,15644.206923076923,1238.2384615384615
1642,15264.574444444444,1244.0255555555557
1643,15532.197272727273,1244.381
1644,14802.383333333333,1257.0742857142857
1645,15433.061428571427,1255.7179285714285
1646,15575.107500000002,1265.1557
1647,15703.12125,1253.654125
1648,15342.45409090909,1303.8923181818182
1649,14755.153,1296.9613
1650,15451.506388888889,1323.6204722222221
1651,15062.624285714284,1330.7769285714287
1652,14706.30375,1334.1173333333334
1653,15235.7716,1334.11656
1654,14794.029615384616,1372.4251923076922
1655,15191.108823529412,1386.132176470588
1656,15255.499375,1390.2653125
1657,15858.3,1413.4690500000002
1658,15398.891818181817,1385.583090909091
1659,15728.98,1396.634
1660,15304.902666666667,1386.654
1661,14690.605357142858,1409.0383214285716
1662,14021.334680851063,1400.9849148936169
1663,14620.543513513514,1426.9703243243243
1664,14991.223666666667,1423.7774333333332
1665,15596.573333333334,1422.3490000000002
1666,15412.712,1437.8457999999998
1667,15467.635454545456,1417.942909090909
1668,14796.816190476191,1441.7917619047619
1669,15187.698571428571,1455.6103571428573
1670,15318.506086956522,1449.3801304347828
1671,15262.958235294118,1470.7505882352941
1672,15533.380769230771,1452.1169615384615
1673,15890.926046511626,1461.7007906976744
1674,15137.261578947368,1466.926105263158
1675,15374.151000000002,1471.3365
1676,15753.231176470588,1483.106117647059
1677,15969.554545454546,1492.0025454545453
1678,15053.293846153847,1466.632923076923
1679,15099.295,1486.5865
1680,14635.326086956522,1496.6063478260871
1681,15417.786,1499.00644
1682,14714.835769230769,1478.1681923076924
1683,14985.701111111111,1504.7220555555555
1684,15601.663333333334,1505.7147222222222
1685,14898.311304347824,1515.2680869565215
1686,14547.097142857141,1518.5942857142857
1687,14819.5868,1509.6707199999998
1688,15529.835,1515.58
1689,15673.764516129033,1501.4601290322582
1690,15756.082,1539.639
1693,14623.073333333334,1539.2245555555555
1694,15641.860666666667,1567.7185666666667
1695,14757.503461538463,1543.8223461538462
1696,14076.334285714285,1509.2528928571428
1697,15188.854285714286,1555.8901428571428
1698,15058.236363636364,1557.9829090909088
1699,15925.265555555554,1548.3739777777778
1700,15379.763157894737,1569.1836842105265
1701,15459.663333333334,1562.5929999999998
1702,14959.728235294118,1586.3255294117646
1703,14599.525,1603.4918333333333
1704,14851.606923076924,1592.3721538461539
1705,15548.454736842106,1590.473
1706,14115.812,1571.7295
1707,14223.1952,1569.40808
1708,14528.177142857143,1590.167
1709,14021.414117647058,1557.3482941176471
1710,15152.052857142857,1601.7450000000001
1711,15443.888421052632,1617.5171578947368
1712,15028.710000000001,1613.8974615384616
1713,14458.108888888888,1609.5845555555557
1714,15239.221666666666,1616.7120000000002
1716,15894.11894736842,1617.9964736842105
1717,15563.135,1623.054625
1718,15628.088823529411,1633.4536470588234
1719,14053.978125,1621.9123749999999
1721,15293.622142857143,1615.2259285714285
1722,15853.017391304349,1658.0273913043477
1723,14516.608000000002,1657.6118
1724,14128.093333333332,1635.79925
1725,14735.063684210527,1648.3667368421054
1726,14391.428125,1630.2894375
1727,15753.606666666667,1638.9323666666667
1728,14334.343333333332,1615.1859166666666
1729,15123.902,1659.6421333333335
1730,15063.73875,1662.500125
1731,14972.0775,1658.15225
1732,14262.785454545456,1652.2331818181817
1733,14649.525,1662.54555
1734,14886.720000000001,1653.0860833333334
1735,15172.048181818182,1670.6088181818182
1736,15489.787777777778,1670.159777777778
1737,15708.350384615384,1667.2390384615383
1738,14182.892000000002,1668.2567999999999
1739,15327.629230769231,1680.025076923077
1740,14235.856,1694.8002000000001
1741,15541.91,1663.2386999999999
1742,14393.423333333332,1690.4668333333332
1743,15223.115000000002,1697.7145
1744,15590.276666666667,1708.4725333333333
1745,14811.532000000001,1701.3683
1746,14132.716923076923,1723.588
1747,15400.917727272727,1682.6318636363635
1748,14056.35380952381,1716.2225714285714
1749,14863.587142857143,1705.1008571428572
1750,15053.33,1721.5819999999999
1751,15938.413428571428,1717.3370285714286
1752,15649.464545454544,1720.6208181818183
1753,15551.382857142857,1745.9072857142858
1755,15189.997647058823,1734.1882352941177
1756,15474.766071428572,1745.9867142857142
1757,13994.714499999998,1672.4052
1758,14924.02,1732.134375
1759,14616.0775,1737.2504166666668
1760,15358.916818181817,1737.6265454545455
1762,14258.087272727273,1769.0290909090909
1763,14965.339999999998,1759.5629999999999
1764,15013.7275,1752.2300833333331
1765,14184.7375,1770.122125
1766,15695.090714285714,1763.4485714285713
1767,15853.334583333331,1751.6037083333333
1768,15079.816153846154,1769.3690769230768
1769,14825.55875,1759.51225
1770,14965.66875,1803.95125
1771,15467.197142857143,1812.384857142857
1772,14319.287272727273,1821.8449090909091
1773,14108.088500000002,1805.1300999999999
1774,15519.188076923077,1835.313076923077
1775,15195.048947368421,1803.3148421052633
1776,15955.679500000002,1823.00485
1777,15686.390000000001,1832.1396923076923
1778,15582.716190476189,1817.6233333333332
1779,15388.789090909091,1821.5883636363637
1780,15021.33,1833.444
1781,15644.325714285715,1818.3159285714285
1782,15805.734,1834.4256
1783,15315.952727272728,1830.1469090909093
1784,14020.394999999999,1865.5195
1785,14091.46,1871.41
1786,15734.568333333335,1842.6366666666665
1787,15187.529999999999,1865.2060000000001
1788,15621.874615384615,1876.9373076923077
1789,15438.198421052633,1880.7295789473685
1790,15846.003333333334,1875.9175555555557
1791,15108.832,1850.502
1792,14529.392631578949,1877.7344210526314
1793,14938.600769230768,1893.2712307692307
1795,15912.429999999998,1878.8049473684212
1796,15329.200625,1893.8460625
1797,14351.965,1890.62675
1798,15067.189999999999,1903.0819999999999
1799,14423.815714285714,1908.387
1800,15157.85,1909.289375
1801,14156.452727272728,1901.004
1802,14833.75,1918.2976666666666
1803,15031.747142857143,1933.8905714285715
1804,15682.332777777778,1898.542611111111
1805,14023.62875,1918.58575
1806,15488.978235294118,1904.1091176470588
1807,15564.165652173913,1921.1002173913043
1808,14314.525,1922.036
1809,15830.404,1945.1622
1810,14778.703157894735,1922.8566842105265
1811,15636.683,1946.2936999999997
1812,15225.261999999999,1926.7314
1813,14653.957142857142,1908.0162857142857
1814,15753.526666666665,1927.3828888888888
1816,15918.29875,1948.2408125
1817,15706.640666666666,1963.2569333333333
1818,14895.854736842104,1958.170842105263
1819,15125.351999999999,1941.7279999999998
1820,15176.604000000001,1981.8204
1821,14657.813846153847,1972.5059230769232
1822,15457.491333333333,1972.073
1823,15289.947142857143,1966.5875714285714
1825,16821.75222222222,1056.5411111111111
1826,16441.08607142857,1077.6827857142857
1827,17055.044,1069.3678
1828,16566.804583333334,1090.9315416666666
1829,16656.00448275862,1095.1082413793104
1830,16809.167999999998,1143.6038
1831,16703.116285714284,1134.7140571428572
1832,16243.874838709677,1154.4593548387097
1833,16923.101818181818,1140.499090909091
1834,16563.625,1178.9117352941178
1835,16460.630294117647,1195.7465588235295
1836,17128.640357142856,1222.7772499999999
1837,16720.349444444444,1227.8660555555555
1838,16210.334193548386,1229.885
1839,17001.917,1248.24635
1840,16606.621764705884,1249.5598823529413
1841,16275.725769230768,1260.1943461538463
1842,16934.665806451612,1289.8220645161289
1843,16358.142916666666,1281.4319166666667
1844,16315.917142857143,1298.7732142857144
1845,16148.873571428572,1305.890035714286
1846,17232.183666666668,1313.9154666666666
1847,16635.81576923077,1313.0891538461537
1848,16214.663684210525,1310.0304736842106
1849,16321.622380952382,1342.6466666666668
1850,17042.47566666667,1338.6743
1851,16095.909333333335,1365.7194666666667
1852,16554.628823529412,1350.0471176470587
1853,16842.560833333333,1361.4830833333333
1854,16009.6240625,1378.78
1855,16236.183043478262,1379.3624347826087
1856,16505.452222222222,1385.5678333333335
1857,16619.708095238097,1387.5197142857144
1858,16328.494999999999,1404.4265
1859,16869.67210526316,1403.6344736842104
1860,16073.961923076924,1421.7003461538463
1861,16576.04333333333,1422.2127333333333
1862,16171.660999999998,1415.28565
1863,16933.851666666666,1419.3399166666668
1864,16272.149444444445,1438.5665555555556
1865,16689.321875,1463.71253125
1866,16332.058235294116,1470.8141176470588
1867,17028.50409090909,1470.3763636363635
1868,16836.567857142858,1472.0995
1869,16936.869411764706,1492.425705882353
1870,17111.988181818182,1491.5450909090907
1871,16352.755789473684,1518.6305263157894
1872,16557.82612903226,1495.3569677419355
1873,17262.386071428573,1499.3698571428572
1874,17326.381904761907,1504.957904761905
1875,16738.93,1506.1238333333333
1876,16821.39210526316,1531.0914736842105
1877,16197.05935483871,1512.2762903225807
1878,17003.031363636364,1539.4224545454547
1879,16080.040277777776,1533.3536944444445
1880,16404.295000000002,1548.2983214285716
1881,16135.725185185185,1552.311962962963
1882,16603.263103448277,1546.275448275862
1883,16746.178,1572.2075333333335
1884,17283.425,1556.4071818181817
1885,16520.29379310345,1558.2077931034482
1886,16887.7916,1566.53448
1887,17091.130400000002,1574.08872
1888,17184.26785714286,1590.1137857142858
1889,16171.604193548386,1609.318
1890,16675.40882352941,1587.9914117647058
1891,16605.479333333333,1603.7968
1892,16267.49,1614.896875
1893,17328.6568,1608.1432
1894,16442.630357142858,1624.082107142857
1895,16346.437222222223,1628.2907222222223
1896,16551.010833333334,1625.3680833333335
1897,17032.422222222223,1646.6015555555555
1898,16622.764285714286,1650.9568571428572
1899,17438.966428571428,1649.3052142857143
1900,16005.561538461538,1655.650153846154
1901,16752.317499999997,1657.32775
1902,17273.995789473684,1666.3184210526315
1903,16685.665,1706.2894999999999
1904,16533.575,1686.5097
1905,16928.536666666667,1685.9974666666667
1906,16460.670476190477,1696.5779523809524
1907,17190.70870967742,1680.3015161290323
1908,17358.275,1696.9755
1911,16227.16625,1702.15025
1912,16290.0,1700.492212121212
1913,16063.371612903227,1726.0002580645162
1914,17234.6625,1742.0296250000001
1915,16627.584,1729.2231500000003
1917,16156.631764705882,1734.4599705882354
1918,16990.28,1736.8
1919,16346.85,1755.9155833333334
1920,16773.038684210525,1765.8609999999999
1921,17035.706,1758.7494
1922,17454.985833333332,1767.6068333333333
1923,16557.192142857144,1772.5433214285715
1924,17448.19722222222,1805.5869444444443
1925,16868.768,1797.2225999999998
1926,16104.78172413793,1811.640551724138
1927,16464.55864864865,1850.5421081081083
1928,17466.836875,1844.628375
1929,17209.97264705882,1848.048911764706
1930,16971.46,1860.5025555555558
1931,16802.638148148148,1850.9227407407407
1932,16891.348400000003,1856.1059599999999
1933,16589.631176470586,1871.5116176470588
1934,16686.384545454548,1875.3892727272726
1935,16282.809333333335,1896.8898000000002
1936,16869.487333333334,1896.4136
1937,16374.636818181818,1881.7358181818183
1938,16076.433846153846,1899.2761538461539
1939,16155.537407407408,1909.0621481481483
1940,16339.369166666665,1930.4099583333334
1941,15996.03,1934.2166206896552
1942,17337.228666666666,1906.7178
1943,17416.310625,1922.8300625
1944,17599.097931034485,1942.6887586206897
1945,17485.297857142858,1941.207285714286
1946,16725.11078947368,1949.6372894736844
1947,16903.747931034482,1974.2354482758622
1948,17049.412631578947,1968.1522368421054
1949,16517.798,1970.9768
1955,1883.1325,2175.3796666666667
1956,1951.4384444444445,2215.703333333333
1958,1802.40325,2279.232625
1959,1973.0371818181818,2273.490909090909
1960,1871.41275,2309.6262500000003
1961,1963.246,2318.748
1962,1594.5893333333333,2327.109
1963,1939.8299285714286,2362.9700714285714
1964,1663.5973333333332,2409.594833333333
1965,1883.327423076923,2408.523769230769
1966,1909.7078260869564,2527.2621739130436
1967,2385.4975555555557,1985.5968888888888
1968,2874.10425,1975.9530555555555
1969,3053.9726,1981.1188000000002
1970,3693.37075,1999.0827499999998
1971,2541.9308,1995.7489333333333
1972,2204.0941,1947.0819999999999
1973,2789.3160666666668,2014.2713
1975,2489.0988260869567,2028.3338695652171
1976,3419.4468571428574,2030.4877857142858
1978,2656.153153846154,2033.1603076923077
1980,3541.224125,2030.7351250000002
1981,3481.8881333333334,2035.3312666666668
1982,2227.465722222222,2046.8098333333332
1983,3225.3773928571427,2047.6117857142856
1984,2322.5144166666664,2047.11325
1985,2383.7428333333332,2046.3945833333335
1986,3764.37332,2046.1118
1987,3883.4195,2057.6349285714286
1988,3090.696,2052.4344375
1989,2839.951384615385,2064.0750769230767
1990,2615.2673999999997,2068.0664
1991,3406.3572,2077.68435
1992,2062.3591428571426,2089.030142857143
1993,2160.7393,2060.4669999999996
1994,2953.9461428571426,2073.829142857143
1995,3025.1054761904766,2076.594476190476
1996,3308.447617647059,2094.5721470588232
1997,2915.9623333333334,2100.14
1998,2113.5332000000003,2122.3754
1999,2329.4772727272725,2113.429090909091
2000,2005.0967777777778,2140.1859999999997
2001,2794.443347826087,2123.288260869565
2002,3066.2834375,2121.5404375
2003,2698.6770833333335,2118.2667500000002
2004,3246.5171666666665,2128.696625
2005,2421.799925925926,2135.1944814814815
2006,2291.9215625,2166.755625
2007,2733.991857142857,2159.924857142857
2008,2538.162894736842,2158.191105263158
2009,2880.457086956522,2154.5111304347824
2010,2975.288636363636,2161.093909090909
2011,3184.388454545455,2169.9785454545454
2012,2837.20275,2190.371625
2013,2116.9555,2201.72825
2014,2416.1086,2204.5652
2015,3110.970333333333,2213.621583333333
2016,3316.335785714286,2205.7136428571425
2020,2036.1762307692309,2223.8083846153845
2021,2500.1145,2236.4064615384614
2022,3043.0444583333333,2226.141166666667
2024,2858.8127142857143,2248.003285714286
2025,2782.239181818182,2247.870454545455
2026,3198.56944,2250.22876
2027,2827.594888888889,2292.471333333333
2028,2607.1287142857145,2271.997
2029,2901.078571428571,2278.768
2030,3086.879888888889,2295.949722222222
2031,2730.5888125,2282.2161875
2032,2052.6345714285717,2302.6879999999996
2033,3149.0562,2299.7567
2034,2913.0272499999996,2324.2195833333335
2036,3010.3426363636363,2339.0575454545456
2037,2684.946153846154,2321.708153846154
2038,2326.007157894737,2336.6554210526315
2039,2569.826833333333,2327.022
2040,2395.368409090909,2312.351090909091
2041,2632.1110714285714,2351.414642857143
2042,2163.873285714286,2344.0105714285714
2043,2101.3168666666666,2356.7428666666665
2044,3072.860588235294,2351.4617058823533
2045,2522.2142222222224,2346.1003333333333
2046,2446.2691250000003,2376.9595416666666
2047,2356.5680555555555,2396.5266666666666
2048,2594.6340000000005,2393.0489285714284
2049,2001.5965555555554,2381.8505
2050,2693.453923076923,2383.4112307692308
2051,2239.265095238095,2387.9602857142854
2052,2877.234076923077,2370.622384615385
2053,2773.5589999999997,2379.4239259259257
2054,2823.2895000000003,2391.2613333333334
2055,2536.909777777778,2432.906
2057,2652.2192222222225,2435.8417777777777
2058,3018.2623599999997,2420.3676
2059,2122.373285714286,2435.2075714285716
2060,2413.27612,2439.92188
2061,2932.433833333333,2468.842166666667
2062,2597.569526315789,2467.094315789474
2063,2729.9863529411764,2480.223882352941
2064,2052.2864,2446.0466
2065,2296.981,2487.519318181818
2066,2811.4674999999997,2480.9373
2067,3002.09625,2482.88975
2068,2486.7904285714285,2498.3870476190473
2069,2427.4244444444444,2513.3469999999998
2070,2044.184111111111,2522.913222222222
2071,2594.421263157895,2515.3741578947365
2072,2896.971111111111,2522.8047407407407
2073,3007.4112,2535.288
2074,2356.1562173913044,2534.9151739130434
2075,2778.1845,2547.2505
2076,2625.0198421052633,2559.6471052631578
2077,1985.6081428571429,2549.177
2078,2829.8124,2570.1915
2079,2565.363076923077,2584.1600769230768
2080,2805.113052631579,2613.5777368421054
2081,2995.3674285714287,2608.5685000000003
2082,2699.828076923077,2613.695076923077
2085,2872.4461666666666,2618.2735
2086,2932.753166666667,2610.7245
2087,2400.254823529412,2658.6246470588235
2088,2749.8450625,2658.703125
2089,2948.957388888889,2664.5795555555555
2090,2843.2057499999996,2675.141166666667
2091,3137.1739999999995,2673.6803333333332
2092,2483.587388888889,2693.9782777777777
2093,2578.1075,2694.5459
2094,2729.324090909091,2729.190318181818
2095,2521.5811999999996,2739.411
2096,2815.8031739130433,2737.851391304348
2097,2639.4729285714284,2732.676357142857
2098,2608.8568333333333,2751.97475
2099,2707.18425,2774.1345
2101,3245.5464090909086,2846.981409090909
2102,3167.1080909090906,2852.9286363636365
2103,2770.84975,2865.705375
2104,3371.373942857143,2857.8765714285714
2105,3094.0647647058827,2868.000411764706
2106,2880.8283333333334,2867.5393333333336
2107,3032.8235000000004,2885.054888888889
2108,3460.7125454545458,2881.2800909090906
2109,2586.8482631578945,2884.6769999999997
2110,3532.6995,2901.403083333333
2111,2971.348222222222,2910.8227777777774
2112,3327.1672399999998,2882.11272
2113,2667.1880384615383,2894.566923076923
2114,2914.5537499999996,2896.3283333333334
2115,2845.7392916666668,2905.62225
2116,2734.507692307692,2905.8633076923074
2117,3609.1715625,2913.88965625
2118,3158.6369565217387,2911.071956521739
2119,2793.610304347826,2920.507217391304
2120,3088.3805714285713,2928.0200476190475
2121,2568.3766666666666,2953.5317777777777
2122,2908.6499,2940.7598000000003
2123,3875.6509090909094,2939.3893636363637
2124,3314.8408095238096,2936.9120952380954
2125,3490.849166666667,2939.5433333333335
2126,3012.1639999999998,2941.416375
2127,3400.7412272727274,2936.311
2128,3142.0302857142856,2967.192428571429
2129,3274.03955,2961.6675999999998
2130,2745.4350833333333,2968.4870833333334
2131,3059.1668,2989.3002
2132,2649.9411,2970.0933
2133,2862.5498947368424,2971.0668421052633
2134,2958.3778666666667,2969.2437999999997
2135,3402.7972500000005,2992.1463
2136,2804.2692857142856,3000.7756666666664
2137,3000.162166666667,2992.55075
2138,3743.002222222222,2987.4591111111113
2139,3229.6050689655176,2989.0217241379314
2140,3172.321111111111,2999.1035555555554
2141,3571.356888888889,2975.525888888889
2142,3485.079875,3004.056
2143,3331.194,3010.621714285714
2144,2936.2174999999997,3019.0635
2145,3701.733151515152,3011.3714545454545
2146,3454.0241052631577,3040.161789473684
2147,3520.9612,3047.5836
2148,2880.3441764705885,3030.186882352941
2149,3096.4613125,3025.730875
2150,2583.8723333333332,3032.6081333333336
2151,2695.5067391304347,3019.9034347826087
2152,3797.3263529411765,3054.169588235294
2153,3207.590444444444,3056.362777777778
2154,2750.01325,3045.099666666667
2155,3597.6566666666663,3042.8016666666667
2156,3138.472,3054.746181818182
2157,2647.6766666666667,3066.734611111111
2158,2986.3738620689655,3061.098827586207
2159,3272.137769230769,3067.265692307692
2160,3342.564166666667,3084.2298333333333
2161,3669.8824999999997,3063.7184166666666
2162,3722.3362962962965,3080.840111111111
2163,2803.8324210526316,3087.8116315789475
2164,2884.362206896552,3099.1401034482756
2165,2711.938947368421,3079.9393684210527
2166,3059.354523809524,3081.867619047619
2167,3621.7754999999997,3088.687
2168,3858.948,3125.104888888889
2169,3125.9774444444442,3146.170777777778
2170,2958.8394,3133.17004
2171,2698.2589130434785,3140.156217391304
2172,3036.44228125,3152.7716875
2173,3815.1994705882353,3153.8425588235295
2175,3212.493,3153.398142857143
2176,2780.1118235294116,3156.4316470588237
2177,3885.5633125,3198.549875
2178,3775.258904761905,3179.6321428571428
2179,2839.8096,3175.4360666666666
2180,3700.806,3201.018875
2181,3155.7182222222223,3215.359111111111
2182,2917.54984,3212.35748
2183,2732.45575,3211.1310000000003
2184,2795.4775714285715,3223.583785714286
2185,3369.845,3233.6294000000003
2186,3644.510625,3237.11775
2188,2837.4356363636366,3264.746727272727
2189,3173.726888888889,3273.032222222222
2190,3720.3721111111113,3262.921444444444
2191,3246.6966875,3297.5574375
2192,3418.2382666666667,3285.905533333333
2193,2965.5304444444446,3267.71
2194,3609.27725,3288.734125
2195,2884.678416666667,3288.8995
2196,3813.933828571429,3273.3887714285715
2197,3926.090193548387,3295.9705806451616
2198,3338.3093999999996,3297.8085
2199,3576.4525,3312.174625
2200,3511.086444444444,3322.781
2201,3127.237875,3315.390625
2202,2977.433722222222,3318.126166666667
2203,3729.772,3326.1684375
2204,3823.33875,3331.346375
2205,3650.3837777777776,3323.7924444444448
2206,2927.7375833333335,3355.1800000000003
2207,3471.817375,3363.4081875
2208,3005.625666666667,3372.400333333333
2209,3407.25745,3366.49055
2210,3899.2496842105265,3371.340263157895
2211,3322.622142857143,3369.952285714286
2212,3704.9671538461544,3374.0758461538458
2213,3816.133375,3372.4208125
2214,3617.2754999999997,3379.234
2215,3870.829375,3421.07975
2216,2964.6892727272725,3413.466454545455
2217,3662.257,3413.5376666666666
2218,3798.7733125,3424.0919375
2219,3579.8123076923075,3428.7144615384614
2220,3273.7413863636366,3414.1688181818186
2221,3071.244222222222,3430.2694814814813
2222,3448.008965517241,3432.4391379310346
2223,3518.9885833333333,3435.74575
2224,3938.9845384615382,3448.657076923077
2225,3372.886882352941,3466.8168823529413
2226,3851.451217391304,3479.7882608695654
2227,3034.4326875,3475.662875
2228,3170.84925862069,3447.2013793103447
2229,3765.1945555555553,3469.1905555555554
2230,3938.4905,3498.3525
2231,3573.9833703703707,3495.3294074074074
2232,3274.7568,3485.4889000000003
2233,3433.578625,3499.761875
2234,3488.0627222222224,3508.967888888889
2235,3742.17925,3526.6761875
2236,3173.599666666667,3529.3794444444447
2237,3223.3695714285714,3508.91
2238,3665.082,3519.809882352941
2239,3874.9127307692306,3539.4481153846154
2240,3325.2218,3510.8604666666665
2241,3398.7041666666664,3537.7460833333334
2242,3950.169913043478,3539.051086956522
2243,3378.757,3559.1305999999995
2244,3450.4160666666667,3563.2342
2245,3521.994666666667,3570.712
2246,3685.411,3580.0735555555557
2247,3567.299166666666,3593.5769999999998
2248,3625.8311153846153,3606.1800384615385
2249,3951.5451785714286,3603.7071071428572
2251,4024.388391304348,1990.0860434782608
2252,4187.6614615384615,2009.133923076923
2253,4601.169818181818,2000.5003636363638
2254,4673.29,1993.0049
2256,4356.621,2018.543947368421
2257,4942.575714285714,1961.3002142857144
2258,4440.371409090909,2009.6874545454548
2259,4521.053,2040.1755
2260,5180.792045454546,2020.7585909090908
2261,4079.3539499999997,2034.70955
2262,5314.355636363636,2034.1993636363636
2263,4954.4783125,2047.82025
2264,4712.8443125,2045.2561875000001
2265,4024.4495,2055.4140555555555
2266,5262.748148148148,2070.723
2267,4322.548590909091,2060.4403636363636
2268,5346.5061153846145,2075.8863076923076
2269,4608.14115,2074.87455
2270,4444.493783783783,2088.8652162162166
2271,4898.630214285715,2064.6035
2272,5112.771967741935,2067.0799677419354
2273,4182.612588235294,2093.0306470588234
2274,4384.81675,2110.06085
2275,4772.4335294117645,2092.3366470588235
2276,5052.6686,2096.7447333333334
2277,5179.439258064516,2108.5721612903226
2278,4665.7703125,2107.1585
2279,4057.858375,2113.45175
2280,4305.5719375,2115.9116875
2281,4873.5895199999995,2126.2299599999997
2282,4551.660678571428,2120.8805
2283,4958.3825,2117.764833333333
2284,4617.675818181819,2141.783727272727
2285,5284.613416666666,2126.953916666667
2286,4112.614352941177,2159.2265294117647
2287,4201.1005263157895,2162.815789473684
2288,4940.732916666667,2182.2242499999998
2289,5093.725266666666,2172.513933333333
2290,5362.443666666667,2149.1582222222223
2291,4716.763,2157.4803
2292,4817.621999999999,2165.3547647058826
2293,5193.686368421052,2176.3787894736843
2294,4260.341785714286,2175.1682857142855
2295,4516.402499999999,2176.594071428571
2296,4654.535666666667,2189.563
2297,4467.37825,2196.7079
2298,4781.2333,2219.3459
2299,5164.0518,2231.1886
2300,4402.1286,2189.5146
2301,5420.983200000001,2210.2186
2302,4276.002625,2231.6944166666667
2303,5306.2154,2219.6133
2305,5233.528555555556,2219.543222222222
2306,4711.470428571428,2246.6954285714287
2307,5522.2209130434785,2217.0295652173913
2308,4346.8484,2238.2824
2309,4498.6521999999995,2277.90835
2310,4417.127565217391,2274.652956521739
2311,5359.831944444445,2251.5384444444444
2312,5248.93025,2276.10075
2313,4775.652363636364,2281.8217272727275
2314,5429.7860909090905,2255.9166363636364
2315,4917.5763125,2266.4684375
2316,4989.333095238095,2255.342285714286
2317,4601.061,2268.9572307692306
2318,5581.4163461538465,2255.103153846154
2319,5463.382785714285,2283.0989999999997
2320,4284.139111111112,2289.5903333333335
2321,4854.4265000000005,2284.923153846154
2322,5393.949791666667,2309.4056666666665
2323,5079.137777777778,2297.7137777777775
2324,4668.529235294118,2287.2984705882354
2325,5313.888380952381,2303.054666666667
2326,4137.787,2306.56225
2327,5637.267272727273,2305.151
2328,4648.120588235294,2346.322588235294
2329,5529.1862,2343.2403
2330,4400.765571428571,2330.634
2331,5248.929105263158,2341.1204736842105
2332,4723.9031379310345,2344.2266551724138
2333,5721.0754375,2324.8708125
2334,4909.148666666667,2342.1233333333334
2335,5320.70925,2361.6973000000003
2336,4964.574,2323.9124666666667
2337,5056.630363636364,2340.8455454545456
2338,5107.399444444444,2353.7424444444446
2339,5179.9349999999995,2362.835769230769
2340,4792.125791666666,2361.1155833333332
2341,5646.4214,2375.0463
2342,5012.00325,2366.0331666666666
2343,4595.361722222222,2367.2143333333333
2344,4473.437964285715,2370.2461785714286
2345,5398.012944444445,2371.0796666666665
2346,4956.8682,2388.8046000000004
2347,4908.822,2425.3579090909093
2348,5069.472857142857,2400.4517857142855
2349,4837.937555555556,2424.710777777778
2350,5124.261166666666,2426.9540833333335
2351,4594.859157894737,2421.090578947368
2352,5342.182360000001,2434.66036
2353,5166.370333333333,2403.718777777778
2354,4705.802777777778,2426.5399444444442
2355,5542.118875,2435.213125
2356,5204.912384615385,2435.1274615384614
2357,5445.065916666666,2436.2350833333335
2358,5673.250227272728,2454.9436363636364
2359,5034.200625,2442.285875
2360,4987.520833333333,2454.299666666667
2361,5261.25125,2442.9844166666667
2362,4547.336739130435,2450.172347826087
2363,5605.675322580645,2471.332322580645
2364,4462.791045454545,2455.214409090909
2365,4789.070333333333,2471.2368333333334
2366,5094.0815555555555,2488.4178888888887
2367,4657.126033333333,2468.9092333333333
2368,4859.91547368421,2485.2799473684213
2369,5213.333500000001,2509.51425
2370,4423.5496875,2492.2878125
2372,5702.762642857143,2498.501642857143
2373,4322.540782608696,2520.668217391304
2374,4790.832222222222,2514.5866666666666
2375,5435.433285714286,2520.579485714286
2376,4501.458684210526,2531.165
2377,4650.092578947369,2533.2997894736845
2378,4719.40603125,2541.1512187499998
2379,5147.308285714286,2525.1735000000003
2380,5232.887555555555,2541.876888888889
2381,4990.250714285714,2518.537857142857
2382,4915.0658,2565.9649
2383,5283.4713846153845,2540.8806923076922
2384,4569.166333333334,2550.560303030303
2385,5081.200769230769,2549.176692307692
2386,5655.285071428571,2540.5531428571426
2387,5363.303294117647,2551.3250000000003
2388,5524.802555555555,2538.655740740741
2389,4366.961666666667,2558.4577916666667
2390,4423.2363125,2569.4551874999997
2391,5754.268363636364,2544.3545
2392,5184.28575,2570.57925
2393,4837.280307692307,2553.8676923076923
2394,5094.308157894737,2603.710368421053
2395,5609.6895,2572.06135
2396,5009.2030625,2577.47775
2397,4256.373750000001,2582.5341
2398,4755.283857142857,2595.235642857143
2399,4652.19175,2622.95675
2400,4483.435448275862,2609.4723448275863
2401,4917.437666666667,2649.91325
2403,5231.566,2600.8813333333333
2404,5396.9685,2608.4287857142854
2405,5821.799571428572,2598.6626666666666
2406,5282.3851428571425,2611.363428571429
2407,5541.687666666667,2624.2159333333334
2408,4994.9104,2634.029
2409,5336.1590625,2630.1513125
2410,5483.52594117647,2605.965117647059
2411,4823.292529411765,2640.7217647058824
2412,5626.2806,2641.9094666666665
2413,4350.878555555555,2630.4067777777777
2415,5432.082071428572,2651.8947857142857
2416,4563.49825,2632.877
2417,4762.258555555555,2659.2167777777777
2418,5227.8279999999995,2665.1055
2419,4219.987117647059,2634.834176470588
2420,4420.50345,2659.0922
2421,4273.2908,2653.4268500000003
2422,5288.0404,2670.8275999999996
2423,5827.69205882353,2680.6791764705886
2424,4515.484384615384,2673.5461538461536
2426,5010.617666666667,2674.492777777778
2427,4328.3,2684.823272727273
2428,4712.10575,2717.7844999999998
2429,5092.042769230769,2685.2393076923076
2430,5486.4350952380955,2691.5363809523806
2431,5334.800615384615,2692.3323076923075
2432,4947.7880000000005,2699.1980000000003
2433,4808.1167000000005,2688.2938999999997
2434,4217.583611111111,2715.8965000000003
2435,5747.678146341464,2708.3204390243905
2436,4477.8824,2715.012333333333
2437,4268.5815999999995,2707.1112000000003
2440,4908.0205000000005,2723.641722222222
2441,5555.3441875,2705.511625
2442,4410.7394,2725.6336
2443,5057.913333333333,2732.048666666667
2444,4339.59425,2742.17425
2445,4833.892,2751.1268
2446,4462.588,2758.873111111111
2447,5367.759950000001,2745.18975
2448,5181.186,2769.87775
2449,5011.495,2747.6322857142854
2450,5518.7984,2774.3614000000002
2451,4404.156875000001,2770.96875
2452,4550.0591,2751.4628000000002
2453,5071.86475,2764.8075
2454,4610.596142857143,2766.7825714285714
2455,4659.235333333333,2769.9083333333333
2456,4733.189571428571,2798.6194285714287
2457,5125.485857142857,2797.873
2458,4973.998461538462,2769.393769230769
2459,5399.167666666667,2796.825166666667
2460,4776.487,2781.9203333333335
2461,4829.014499999999,2797.7295
2462,4495.009,2798.4525
2464,4435.438166666667,2833.547666666667
2465,4364.2594,2814.1596
2467,4800.6793333333335,2833.8873333333336
2468,5033.572181818182,2820.0655454545454
2469,4549.8998,2822.4058
2470,4597.889166666667,2828.3896666666665
2471,4979.825833333333,2825.2606666666666
2472,5767.196375,2804.8987500000003
2473,4910.345333333334,2824.0293333333334
2474,5355.690125,2833.3383750000003
2475,5165.3665,2827.8445
2476,4682.510125,2837.487625
2477,5723.284333333333,2866.0913333333338
2478,5080.4534,2856.1974
2479,5004.613333333333,2858.632
2480,5218.254,2831.3052142857146
2481,4469.385166666667,2864.1226666666666
2483,4866.33275,2832.79075
2484,4630.302,2875.912333333333
2485,5297.0313703703705,2846.5625555555557
2486,4193.3428,2863.04065
2487,5811.3057499999995,2868.7055
2488,4554.864,2890.0112
2489,5128.420857142856,2874.976142857143
2490,4389.0632,2859.2097999999996
2491,4812.579750000001,2889.13425
2492,5525.053125,2885.0721249999997
2493,5212.842416666666,2899.616
2494,5658.256166666666,2891.6744999999996
2495,4488.59925,2901.4627499999997
2498,5268.989100000001,2905.8521
2499,4429.204625,2889.6805
2500,5055.6516,2905.8869
2501,4756.992333333334,2895.369
2503,4599.812666666667,2911.4363333333336
2505,5625.52215,2934.6083
2507,4329.103692307692,2909.587692307692
2508,4909.611800000001,2917.7691999999997
2509,5097.2390000000005,2927.2567272727274
2510,4278.004,2918.857
2511,4599.405333333333,2956.2613333333334
2512,4683.810333333334,2953.7453333333337
2513,5425.007592592592,2948.0231481481483
2514,5952.3874000000005,2930.8319
2516,5141.3346,2957.4116999999997
2517,4436.6089999999995,2971.149571428571
2518,4512.9541,2945.4753
2520,5263.948181818182,2958.3267272727276
2521,5550.809714285714,2958.0138571428574
2522,4910.3292,2979.2300000000005
2523,5321.696611111111,2946.522611111111
2524,4759.7358,2970.8348
2525,4368.5975,2956.9781666666663
2526,4859.3801,2969.8307
2528,5214.474625,2974.52375
2529,4789.0426,2977.4208
2530,4664.3535,2983.3362500000003
2531,4972.677166666667,3014.278333333333
2532,4495.083666666666,3004.4483333333333
2533,4296.8955625,3009.09375
2534,4845.9496,3012.1368
2536,4382.118111111111,3035.4152777777776
2538,4733.477333333333,3023.992333333333
2539,5002.12275,3023.916875
2540,4496.7337777777775,3046.5705555555555
2542,4673.229333333334,3024.1586666666667
2543,4577.913076923077,3026.3693076923078
2544,5305.967833333333,3034.9789333333333
2545,4829.940583333333,3068.6820000000002
2546,5024.479428571429,3068.2247142857145
2547,5103.9974999999995,3066.642625
2548,4887.306625,3079.552375
2549,5386.802879999999,3068.7318
2550,5222.283636363637,3056.7734545454546
2551,4969.162692307692,3080.427
2552,4438.876111111112,3097.894444444444
2553,4521.9379,3092.3522000000003
2554,4788.766333333333,3102.1863333333336
2555,4730.338363636364,3098.2103636363636
2556,4838.234625,3124.12075
2557,5157.521142857143,3087.3544285714283
2558,5040.0655,3116.27675
2559,4632.4775714285715,3108.350857142857
2560,4557.490222222222,3134.597111111111
2561,5080.311111111111,3140.4284444444443
2562,5461.88255,3133.1477999999997
2563,4485.633545454545,3155.0360909090905
2564,4996.766,3168.8798181818183
2565,5147.54175,3149.75625
2566,5245.167833333333,3137.331166666667
2567,4908.6033333333335,3145.0828333333334
2568,5224.6792000000005,3167.1277999999998
2569,4746.03775,3160.167625
2570,4596.5369,3171.4025
2571,4820.3101875,3163.6484375
2572,5320.060888888889,3124.7633703703705
2573,4669.7209,3186.0825
2574,5479.601684210526,3188.405842105263
2575,5598.110428571429,3215.8526428571427
2576,5544.5212,3204.4053333333336
2577,4898.7348125,3212.173875
2578,5166.8785,3217.62475
2579,5492.612428571428,3230.1558571428573
2580,4827.390285714287,3215.5042857142857
2581,4544.536615384615,3224.4315384615384
2582,5291.5199999999995,3229.561
2583,5419.0140769230775,3212.3925384615386
2584,5107.0975,3225.8135
2585,5362.278888888889,3208.7825555555555
2586,5011.349,3221.5281999999997
2587,5211.387,3279.8683333333333
2588,4749.791,3242.4116363636363
2589,4964.510666666666,3274.2083333333335
2590,4650.67425,3255.181
2591,4862.16495,3280.01425
2592,5093.182071428571,3287.7340714285715
2594,5330.6748,3286.0602
2595,4933.518722222222,3300.7638333333334
2596,5288.1471,3299.7051
2597,4717.315210526316,3315.1692105263155
2598,5168.4882727272725,3296.148590909091
2600,5055.0309230769235,3328.225769230769
2601,4641.560666666667,3334.583
2602,5473.588166666667,3319.4953333333337
2603,5205.884333333333,3337.5686666666666
2604,4781.363318181819,3338.566863636364
2605,5064.497411764706,3385.578
2606,4680.817125,3377.1595
2607,5014.529777777778,3366.308555555556
2608,5311.430714285714,3365.756714285714
2609,4762.308214285715,3413.9920714285718
2610,5091.834714285715,3427.7409999999995
2611,4985.604235294118,3439.0775294117648
2612,4695.5986250000005,3429.1545
2613,5034.060090909091,3444.4456363636364
2615,4737.536357142858,3482.677857142857
2616,4989.1201249999995,3487.518125
2617,4754.971923076923,3533.2697692307693
2619,4009.1685833333336,3539.33475
2621,4205.08972,3611.21964
2622,4052.6431666666667,3596.4597222222224
2623,4360.389428571429,3619.4927619047617
2624,4293.46004,3641.63804
2625,4412.200428571428,3644.363642857143
2626,4501.422909090909,3667.972727272727
2627,4210.352774193549,3675.64964516129
2628,4557.968866666666,3707.0606666666667
2629,4632.688421052631,3727.3673684210526
2630,4461.7010625,3738.1924375
2631,4273.70975,3733.395666666667
2632,4351.434857142857,3737.6374285714287
2633,4792.2226666666675,3746.4120000000003
2634,4503.691214285714,3762.681285714286
2635,4736.097571428571,3774.1091904761906
2636,4830.708846153846,3791.765692307692
2637,4630.102090909091,3766.201363636363
2638,4685.1140000000005,3790.7430000000004
2639,4590.250266666667,3795.4998
2642,4916.0105,3880.670625
2643,5974.4313999999995,3925.4339999999997
2644,5113.515222222222,3958.7836666666667
2645,7140.6215,1988.026875
2646,7824.2898749999995,1995.6639166666666
2647,6912.248294117648,2002.7898235294115
2648,7629.26435,1988.58305
2649,7217.427722222222,2014.2696666666666
2650,7124.4495,2012.0618333333332
2651,7017.8607647058825,2013.2010588235294
2652,7282.5686,2033.4422
2653,7697.81275,2029.79
2654,7938.798678571429,1973.1263571428572
2655,7756.601409090909,1989.6647272727275
2656,6736.252615384616,2024.6107307692307
2657,7942.9466923076925,2040.1611538461539
2658,6679.769111111111,2048.548555555555
2659,7866.193416666666,2038.4728750000002
2660,7632.970333333334,2052.145
2661,7228.2891666666665,2056.062
2662,7182.529,2060.6005
2663,7551.322777777777,2040.5368888888888
2664,6829.183979591837,2018.459285714286
2665,7462.28252173913,2049.7368260869566
2666,7109.7827777777775,2063.6445555555556
2667,7051.8215,2059.197
2668,7746.183461538462,2062.067
2669,6987.7707619047615,2085.417380952381
2670,7322.416428571429,2072.3319285714288
2671,7376.957833333334,2061.273833333333
2672,7668.309666666667,2082.0951666666665
2673,7429.82775,2113.50625
2675,7546.1677500000005,2085.341
2676,6911.9985,2076.718
2677,7915.028428571429,2098.6015714285713
2678,7164.235125,2103.312125
2679,7261.090692307693,2104.241615384615
2681,6744.122266666667,2108.0754666666667
2682,7757.532999999999,2126.3169333333335
2683,7072.364916666666,2113.1322083333334
2684,7637.827909090909,2132.067
2685,6850.714076923076,2111.0821538461537
2686,7960.774210526315,2138.069210526316
2687,6949.723000000001,2125.88025
2688,6803.6376956521735,2107.422347826087
2689,7849.005833333334,2113.4573333333337
2690,7495.727083333332,2117.4530833333333
2691,7226.962923076922,2132.4512307692307
2692,6899.4063636363635,2164.2916363636364
2693,7573.729666666666,2143.7535833333336
2695,7382.286499999999,2157.0019166666666
2696,6984.1744375,2151.1440625
2697,7311.4911999999995,2146.0244
2698,7188.606388888888,2163.8539444444446
2699,7521.092384615385,2171.4551538461537
2700,7920.913166666666,2168.6568333333335
2701,7620.4565,2172.3665
2702,7836.931722222223,2178.8286666666663
2703,7256.5554,2183.1222000000002
2704,6818.687379310345,2186.3546896551725
2705,7125.663555555556,2179.9204444444445
2706,7781.473272727273,2177.682181818182
2707,7035.461,2180.590083333333
2708,7673.237357142857,2192.2745714285716
2709,7461.73576923077,2192.011076923077
2710,7565.983888888888,2196.487111111111
2711,6915.712238095238,2197.5549523809523
2712,6980.2248125,2197.7443749999998
2713,7342.025736842105,2215.329631578947
2714,7898.2014,2213.9409
2715,7727.4186666666665,2204.3572666666664
2716,7611.977384615385,2220.546923076923
2717,7955.436944444444,2220.0869444444447
2718,7434.05505,2233.65625
2719,7018.912090909091,2225.687090909091
2720,7230.306857142858,2235.144142857143
2721,7180.3879375,2223.8635625
2722,6938.1646666666675,2252.474944444444
2723,7065.3598,2242.1151999999997
2724,7524.688705882353,2236.3946470588235
2725,7133.776,2243.557111111111
2726,7292.664600000001,2256.674
2727,7593.810285714286,2255.8306428571427
2728,7480.4119411764705,2271.7803529411767
2729,6874.939421052632,2245.1772631578947
2730,7012.0404375,2268.079125
2731,7744.4650624999995,2263.942625
2732,7889.5665238095235,2265.2404761904763
2733,7657.514538461538,2268.795076923077
2734,7422.265666666666,2279.393
2735,7815.800913043478,2256.7432608695653
2736,7133.029222222222,2288.1225555555557
2737,7364.697608695653,2291.4622173913044
2738,7544.879923076923,2297.577923076923
2739,7251.598692307692,2297.3896923076923
2740,6824.276954545454,2284.2570454545453
2741,7608.611909090909,2309.211272727273
2742,6768.145588235295,2305.3064705882352
2743,7029.353538461539,2323.0636153846153
2744,7411.706578947368,2340.2897894736843
2745,7685.3431,2322.55645
2746,7785.571500000001,2319.8006666666665
2747,7856.4116875,2310.623375
2749,7098.087416666666,2325.6563333333334
2750,7190.612666666667,2328.968866666667
2751,6924.75952631579,2322.4072631578947
2752,7503.035153846154,2320.2993846153845
2753,7618.273157894737,2351.416894736842
2754,7296.957210526316,2328.971789473684
2755,7467.250599999999,2350.8885999999998
2756,7729.0785,2352.607125
2757,7358.526888888889,2375.7769444444443
2758,7553.777133333334,2369.7901333333334
2760,7950.848076923076,2376.294307692308
2761,7825.963428571428,2377.6745714285717
2763,7779.7262,2377.8669999999997
2764,7854.835000000001,2368.4442
2765,7061.010214285714,2379.8307142857143
2766,6963.926347826087,2384.2611739130434
2767,7204.20832,2395.31
2768,7286.948064516129,2404.7163548387093
2769,7675.028636363637,2403.7916363636364
2770,7627.599916666666,2401.86875
2771,7501.579875,2406.922125
2772,7733.2092,2413.9332
2773,6906.609666666667,2416.3187083333332
2774,7097.763857142857,2424.4969285714287
2775,7934.652599999999,2446.1037
2776,7582.0867499999995,2438.0911666666666
2777,7873.9977499999995,2444.82575
2778,7428.043624999999,2436.6884166666664
2779,6992.660285714286,2457.187428571429
2780,7526.4334,2466.271866666667
2781,7154.690894736843,2459.996
2782,7599.6085882352945,2500.6943529411765
2783,7064.668260869565,2483.918347826087
2784,6928.457421052631,2479.7145789473684
2785,7237.201928571429,2480.1542857142854
2786,7672.973235294117,2475.822882352941
2787,7346.241238095237,2482.9535714285716
2788,7831.396571428571,2495.780142857143
2789,7736.264999999999,2506.1525714285713
2790,7308.3640000000005,2513.2164666666667
2791,7189.599333333334,2523.341
2792,7932.078909090909,2512.3155454545454
2793,7856.623538461538,2530.4335384615383
2794,7445.809208333333,2524.5137083333334
2795,7784.3606,2550.3172
2796,7113.1050625,2534.795375
2797,7663.21275,2541.76275
2798,7268.882692307693,2546.005769230769
2799,7967.028,2573.1222000000002
2800,7326.242625,2567.9204375
2801,7893.221230769231,2577.8418461538463
2802,7019.739636363636,2550.6452727272726
2803,7222.493,2587.46375
2804,7365.6776,2591.9818
2805,7819.626227272727,2590.7352272727276
2806,7157.895714285715,2582.780142857143
2807,6926.853153846154,2580.2889999999998
2808,7080.953625,2592.3545
2809,7421.5825,2599.703909090909
2810,7634.754428571429,2607.2515714285714
2811,7726.899636363636,2592.7400909090907
2812,7010.0362,2619.9642
2813,7929.9378,2618.95
2814,7678.357714285715,2627.526142857143
2815,7493.8592727272735,2616.2124545454544
2816,7066.175714285715,2636.157714285714
2817,7740.046714285714,2637.308
2818,7173.672846153846,2649.413230769231
2819,7281.472235294118,2632.970705882353
2820,7357.850117647059,2659.157235294118
2821,7887.5221111111105,2664.1872222222223
2822,7109.4758,2662.9764000000005
2823,7723.7832,2673.796
2824,7455.581777777778,2676.222888888889
2825,7616.480954545455,2684.4468181818183
2827,7267.5570625,2704.262625
2828,7030.579999999999,2692.7073333333333
2829,7527.070933333333,2693.6502666666665
2830,7377.942235294117,2720.6390588235295
2831,7664.581842105263,2719.9653157894736
2832,7091.5652,2737.9785333333334
2833,7472.809666666667,2727.240466666667
2834,7853.5394,2753.5706
2835,7234.962090909091,2735.3933636363636
2836,7165.661894736842,2739.236157894737
2837,7725.370466666666,2743.7456
2838,7203.859857142857,2775.072
2839,7591.332230769231,2791.369846153846
2840,7956.971090909091,2789.781090909091
2841,7145.624555555555,2794.9716666666664
2842,7636.707,2791.5977272727273
2843,7333.351583333333,2780.7550833333335
2844,7538.469761904761,2777.3496666666665
2845,7678.879214285715,2803.432571428571
2846,7406.255266666666,2789.3947333333335
2847,7496.88825,2813.1053125
2848,7725.492333333333,2816.765066666667
2849,7822.315857142858,2806.13
2850,6153.7773,2813.8239000000003
2852,7447.125,2827.015
2853,7198.1185625,2833.5578125
2854,7309.201153846154,2842.7896923076923
2855,7867.809583333333,2822.4175
2857,7574.3164,2845.5559333333335
2858,7761.1471363636365,2851.9939545454545
2859,7381.844529411765,2853.4785294117646
2860,7924.055214285714,2851.316357142857
2861,7956.572,2870.003666666667
2862,7653.110857142858,2873.991571428571
2863,7462.072272727272,2884.003909090909
2864,7882.497333333333,2893.5528666666664
2865,7549.2640769230775,2900.4976923076924
2866,6052.352,2914.574666666667
2867,6143.515166666667,2906.9758333333334
2868,7357.33925,2915.9167857142857
2869,7504.511666666667,2941.0456
2870,7803.913857142857,2919.735357142857
2871,7666.856368421053,2935.860052631579
2872,7445.238625,2929.7605
2873,7925.457666666667,2924.681777777778
2874,7864.8610714285705,2948.4087857142854
2875,7758.890777777777,2963.6600555555556
2876,7692.058599999999,2982.53355
2877,6112.252,2993.15175
2878,8108.409833333334,2008.6825416666668
2879,8229.672333333334,1984.2747777777777
2880,8652.2952,1984.5734666666665
2881,9328.643090909092,1977.3571818181817
2882,9636.824999999999,2027.9351428571429
2883,9723.979,2056.174833333333
2884,8926.24177777778,1998.4163333333333
2885,9071.4838,2016.7230666666667
2886,8748.9455,1996.2456470588236
2887,9533.203058823528,2014.6433529411763
2888,9006.348357142857,2033.6245714285712
2889,9785.353599999999,2029.723
2890,8270.498192307692,2029.0263076923077
2891,8842.355466666666,2032.4808666666665
2892,9528.074533333334,2058.7954
2893,8164.859833333333,2029.9091666666666
2894,8714.204399999999,2063.8701
2895,8960.660800000001,2094.7336
2896,9653.273625,2074.259875
2897,8351.923076923076,2058.140307692308
2898,8022.438875,1983.0749583333334
2899,8589.1032,2075.6146999999996
2901,8220.566363636362,2074.2725454545453
2902,8907.870933333334,2081.8371333333334
2903,8110.015909090909,2068.3438181818183
2904,9207.755687500001,2078.1658125
2905,9406.367166666667,2073.652388888889
2906,8045.705115384615,2089.2187307692307
2907,9891.7734,2073.5688
2908,9591.383166666667,2099.862
2909,9304.389368421052,2082.2767368421055
2910,9786.1395,2087.03525
2911,8170.9177500000005,2108.9785
2912,8314.512125,2085.55575
2913,9075.868,2081.8253333333337
2914,8660.9477,2102.674
2915,8262.446857142857,2101.662357142857
2916,9117.371384615384,2094.02
2917,8468.5785,2108.9343
2918,8116.292916666666,2113.828666666667
2920,9503.111499999999,2105.0145
2921,9858.047727272728,2105.3451818181816
2922,8772.63335,2121.1351999999997
2923,9014.654700000001,2132.9352
2924,9828.0295,2144.736
2925,7984.950285714286,2078.080857142857
2926,8372.520499999999,2138.9035
2927,9695.980714285713,2125.4989523809527
2928,9903.17,2162.1773125
2929,9162.996111111112,2124.575777777778
2930,9765.308571428572,2151.808142857143
2931,9451.383249999999,2126.20475
2932,9262.146999999999,2142.22475
2933,8298.67575,2165.59575
2934,8100.318785714286,2162.2170714285717
2935,8200.561157894737,2140.503157894737
2936,8962.071285714284,2156.6271428571426
2937,8426.528166666667,2164.249166666667
2938,9098.07311111111,2150.0254444444445
2939,8892.6005,2158.1704
2940,8682.45625,2163.7686875
2941,9181.760647058822,2183.2493529411768
2943,9812.573857142856,2179.9047142857144
2944,9602.6435,2166.59225
2945,8831.092416666666,2170.26575
2946,9077.969200000001,2195.3588
2947,9549.98707142857,2188.0700714285713
2948,8492.908173913043,2180.3784782608695
2949,9492.719277777776,2185.840166666667
2950,8246.717111111111,2181.7515555555556
2951,9306.629857142858,2188.787142857143
2952,9690.842923076923,2191.7626153846154
2953,8063.122235294119,2184.9273529411767
2954,8187.636318181819,2223.403818181818
2955,8428.76323076923,2197.065538461539
2956,9857.054727272727,2223.145636363636
2957,8725.183,2198.8378000000002
2958,8123.866647058824,2200.7086470588233
2959,9027.091,2218.0811666666664
2960,8908.337875000001,2222.1405
2961,9611.350944444444,2231.988611111111
2962,9426.543800000001,2233.4292666666665
2963,8267.8264,2235.38425
2964,9763.51147368421,2240.590157894737
2965,9330.827916666667,2237.5446666666667
2966,8415.584461538461,2234.4598461538462
2967,8961.926875,2244.807875
2968,9250.554363636364,2230.2074545454543
2970,8784.510222222223,2228.3722222222223
2971,8534.151633333333,2232.8105
2972,8115.1665,2258.17325
2973,8334.803647058825,2234.9216470588235
2974,8725.067272727274,2253.719181818182
2975,9915.726666666667,2254.0482500000003
2976,8837.036,2257.7433333333333
2977,8456.811923076923,2271.925923076923
2978,9162.010842105263,2251.1600526315788
2979,8052.69075,2272.0522499999997
2980,8354.755578947368,2293.5557368421055
2981,8614.0201,2280.7117
2982,9107.36453846154,2289.268153846154
2983,8399.241555555556,2286.748777777778
2984,9294.003894736841,2305.2297894736844
2985,8144.262384615386,2293.974923076923
2987,9814.351916666667,2294.404708333333
2988,8686.2618,2289.6721000000002
2989,8971.044,2316.2192
2990,9895.200272727274,2299.039909090909
2991,9583.753571428571,2299.6651428571427
2992,8498.39015,2316.05505
2993,8735.5584,2307.178733333333
2994,9470.990142857143,2317.2165
2995,8793.51705882353,2309.2277647058827
2996,9367.016538461537,2322.112769230769
2997,9713.190125000001,2320.4816875
2998,8013.16,2202.8740000000003
2999,8040.424,2340.85275
3000,8418.10011111111,2318.5465555555556
3001,8229.60442105263,2303.6631578947367
3002,9414.7895,2304.10775
3003,9538.784555555556,2315.6832222222224
3004,8816.927249999999,2358.04175
3005,8871.890166666666,2327.4584444444445
3006,8168.128954545455,2330.1728181818185
3007,8099.3794375,2324.9296249999998
3008,8626.18275,2345.8821666666668
3009,8315.85788235294,2334.6615294117646
3010,8265.893399999999,2338.493066666667
3012,9768.751833333334,2375.8295
3013,8401.550176470588,2368.087941176471
3014,9981.392916666666,2348.659
3015,8466.357,2360.2915384615385
3016,9887.189437500001,2347.0100625
3017,8683.646692307691,2370.719
3018,9117.182,2361.7073333333337
3019,8355.079818181817,2367.940909090909
3020,8757.067200000001,2358.0225
3021,8060.43725,2380.758875
3022,7988.540999999999,2284.351846153846
3023,9177.779357142857,2365.0785
3024,9006.0389,2373.0148
3025,9233.986,2359.403
3026,9617.655571428571,2368.906285714286
3027,8209.7065625,2392.64625
3028,9823.1026,2369.7772
3029,8125.454571428571,2382.7277142857142
3030,8579.159111111112,2382.5353333333333
3031,9670.82325,2387.5824166666666
3032,9511.859999999999,2388.702153846154
3033,8702.5916,2404.4563
3034,9278.7374,2404.7693
3035,9905.703266666667,2405.839
3036,8778.0514,2411.8887999999997
3037,9436.0125625,2392.59975
3038,9311.83,2436.1027999999997
3039,8300.220235294119,2396.064705882353
3040,8655.577090909092,2409.795818181818
3041,7988.325666666667,2400.8035555555557
3042,8918.069545454546,2387.4592727272725
3043,9821.659866666665,2441.6176666666665
3045,8139.770625,2438.048375
3046,8605.75792857143,2447.9022857142854
3047,9532.043333333333,2448.792866666667
3048,8981.260454545454,2437.4104545454543
3049,9224.5962,2449.1387999999997
3050,8860.473416666666,2438.6600833333337
3051,8421.037083333335,2426.81025
3052,8507.71525,2435.9497857142856
3053,9731.495266666667,2435.5135333333333
3055,8372.350285714287,2462.2688571428575
3056,8063.8198571428575,2461.8872857142856
3057,8258.985214285714,2442.471
3058,8333.460666666666,2477.0395
3059,9350.02,2466.8237999999997
3060,7991.86125,2474.3893125
3061,9885.829416666667,2466.0339166666668
3062,9078.583363636364,2454.6186363636366
3063,9166.260142857142,2481.4242142857142
3064,8805.498222222222,2460.0893333333333
3066,8455.002882352941,2484.3982941176473
3067,8551.372076923077,2476.772461538462
3068,8940.252466666667,2493.470533333333
3069,9934.3615,2490.6920625
3070,8122.16625,2481.859375
3071,9485.6316,2497.3044
3072,9578.547666666667,2490.3245555555554
3073,8158.315533333333,2505.0998666666665
3075,9779.823266666666,2504.627333333333
3076,9371.818,2517.5645
3077,9698.718909090909,2508.8482727272726
3078,9628.688888888888,2516.3334444444445
3079,8202.577684210526,2517.9319473684213
3080,8877.552333333333,2522.8196666666668
3082,9238.086272727274,2502.2842727272728
3083,8792.916,2533.136714285714
3084,9042.754076923076,2526.8387692307692
3085,9852.2744,2533.1201333333333
3086,8110.545538461539,2536.5550769230767
3087,8059.33975,2525.387416666667
3088,9297.262499999999,2521.6695
3089,8361.5995,2560.9602999999997
3090,8986.198,2527.8931666666667
3091,9560.010733333333,2567.0783333333334
3092,8534.1034,2530.5484666666666
3093,8007.731777777777,2571.402
3094,8279.059904761905,2534.2871904761905
3095,8936.27325,2562.31075
3096,9481.4335625,2549.916125
3097,8496.0882,2571.526
3098,8846.744111111111,2560.6878888888887
3099,8430.6484375,2594.191625
3100,9662.48875,2560.6965
3101,8065.1603076923075,2583.477307692308
3102,8787.119999999999,2584.3968
3103,9128.8605,2574.7405714285715
3104,9218.85375,2599.08025
3105,8199.1094375,2581.7313125
3106,8979.52757142857,2597.4219999999996
3107,8899.65990909091,2612.5223636363635
3108,9340.439333333334,2567.9643333333333
3109,9920.243,2574.6712222222222
3110,8150.011875,2597.60625
3111,9052.349833333334,2606.788
3112,9781.2155,2605.6488125
3114,9314.599125,2629.666625
3115,8305.275833333333,2617.963666666667
3116,9660.122,2626.499117647059
3117,8783.801,2641.681888888889
3118,8965.2848,2642.4062000000004
3119,9929.196,2636.3849999999998
3121,8109.986818181817,2653.888727272727
3122,8829.563642857143,2654.549071428571
3123,9877.24809090909,2630.4284545454543
3124,8195.521333333332,2652.3663333333334
3125,8235.7203,2646.8724
3126,8454.813,2636.392
3127,8153.325444444445,2659.141111111111
3128,9849.355800000001,2663.5296000000003
3129,7988.311111111111,2672.990222222222
3130,9165.8862,2669.2967333333336
3131,9251.358166666667,2664.9611666666665
3132,9377.622071428572,2658.104785714286
3133,9574.096764705882,2665.9965882352944
3134,8065.231625,2685.731625
3136,9463.165866666668,2653.9192666666663
3137,9757.5776,2682.1036
3139,9803.825181818182,2697.1867272727272
3140,8863.163777777778,2691.595222222222
3141,9361.172333333334,2707.9246666666663
3144,9525.94642857143,2720.881214285714
3145,9063.20435,2705.0159
3146,9602.857272727271,2729.9375454545457
3147,9914.178428571428,2711.3134285714286
3148,8911.4557,2716.4468
3149,8779.090727272727,2712.6710909090907
3150,9654.802666666668,2756.8686666666667
3151,9689.461,2728.369
3152,9835.9499,2747.3136999999997
3153,9970.344000000001,2728.233
3154,8844.828272727273,2744.079909090909
3155,9056.130285714285,2760.5955714285715
3156,9758.98,2750.5266363636365
3157,8972.653764705883,2753.6182352941178
3158,9481.466,2767.5705
3159,8011.601076923077,2754.6593846153846
3160,8783.532222222222,2773.3565555555556
3161,9415.861,2773.1537142857146
3162,9170.5897,2778.0588
3164,9936.40409090909,2800.5997272727273
3165,8749.624,2794.85
3166,9083.00625,2808.98125
3168,8911.332,2797.266666666667
3170,9348.191333333334,2799.623
3171,9848.991,2811.2369999999996
3172,9237.5855,2815.309416666667
3173,9596.021409090908,2794.7005454545456
3174,9429.8,2830.4141250000002
3175,9530.795153846153,2816.664230769231
3177,8860.511666666667,2844.014333333333
3179,9820.06025,2841.7843749999997
3180,9680.726850000001,2822.6165499999997
3181,9037.718799999999,2829.6538
3182,8745.850466666667,2854.371
3183,8963.999,2839.5295
3184,9562.0618,2862.8409
3186,9831.59675,2867.9210000000003
3187,9173.932499999999,2887.4867142857142
3188,9338.441333333332,2859.5025333333333
3189,9467.6605,2867.0903333333335
3190,8820.487000000001,2864.34475
3191,9891.187636363637,2870.395818181818
3192,8898.225,2893.180714285714
3193,8985.063333333334,2897.4346666666665
3194,9074.186333333333,2887.11
3195,9641.300777777777,2879.915555555556
3196,9970.345636363636,2888.5146363636363
3197,9691.9243125,2889.7108125
3198,9283.209777777778,2866.759111111111
3199,8722.020125,2909.335375
3200,9001.215,2925.432666666666
3202,9762.566538461539,2912.8076153846155
3203,9513.010571428571,2905.4562857142855
3204,8842.1194,2917.6724000000004
3206,9105.399222222222,2916.3106666666667
3207,9399.047222222223,2924.829222222222
3209,9722.852666666668,2944.0663333333337
3210,9352.0668,2946.9013999999997
3211,9928.249533333332,2950.837266666667
3212,8627.160166666667,2950.4105
3214,9492.226999999999,2959.95225
3215,8791.813,2954.781
3216,9575.783928571429,2947.667642857143
3219,10427.053333333333,2019.927
3220,10691.053548387095,2009.6099032258064
3221,10889.100833333334,2022.2541666666666
3222,11540.890476190476,1975.5339047619048
3223,11043.140526315789,2003.2961578947368
3224,11430.677307692307,2003.1891538461537
3225,11154.539166666667,2047.0986666666668
3226,11624.507368421053,2023.3624210526316
3227,11747.400416666665,2040.3655833333332
3228,11265.768235294117,1998.4746470588236
3229,11858.465384615383,2074.4113846153846
3230,11219.8925,2041.5483125
3232,11336.326,2047.0577333333335
3234,10958.044375,2030.879125
3235,11951.183333333332,2055.6666666666665
3236,10599.646363636364,2064.132727272727
3238,11082.097368421053,2064.7500526315794
3239,10764.298235294118,2066.069470588235
3241,10897.008,2073.5986000000003
3243,11445.193076923078,2091.0255384615384
3244,11515.709523809524,2107.9592857142857
3245,11918.875,2107.09625
3248,11033.76,2127.8826153846153
3249,10855.531111111111,2115.7604444444446
3250,11288.783571428572,2099.3357142857144
3251,11807.9824,2113.58272
3252,11119.375,2120.903857142857
3253,10576.13,2115.7313999999997
3254,11389.281538461539,2123.922923076923
3255,9972.1688,2159.5029999999997
3256,10911.138333333334,2139.8329166666667
3257,10703.525714285714,2144.2492857142856
3258,10160.574999999999,2133.6141666666667
3259,11192.502499999999,2137.8561
3260,11616.98090909091,2133.728727272727
3261,11327.678,2161.3992000000003
3262,10075.82875,2146.2595
3263,10230.95,2147.8508
3264,10797.836428571429,2160.0017857142857
3265,11953.2575,2158.979333333333
3266,11262.312,2160.0348
3268,10970.048888888889,2163.227111111111
3270,11475.577777777777,2185.5495555555553
3271,11069.982142857143,2170.8335
3273,10308.675,2128.56
3275,11388.438571428573,2201.574357142857
3276,10408.691666666668,2177.4425
3277,11136.476666666667,2193.6583333333333
3278,10253.521428571428,2219.973
3279,10724.058333333332,2199.3438333333334
3281,11734.975333333334,2199.9152000000004
3282,10614.963,2189.9307
3283,11018.4,2197.260818181818
3284,11222.41909090909,2198.908272727273
3287,10577.1675,2223.58725
3288,10351.56,2212.7503333333334
3289,10835.08,2201.088333333333
3290,11075.74,2230.5881111111107
3291,10422.305714285714,2231.358142857143
3292,10678.855714285715,2224.7582857142856
3293,11930.910000000002,2233.1428333333333
3294,11162.505,2241.23
3295,10782.323636363637,2222.776909090909
3296,11360.595833333333,2262.4996666666666
3297,11681.074285714285,2238.7366666666667
3298,10885.363846153847,2227.423230769231
3299,11599.645882352941,2263.3598235294116
3301,10956.824545454547,2250.5903636363637
3302,11512.37103448276,2265.944068965517
3304,10104.955555555556,2236.4084444444443
3305,11289.311111111112,2264.101777777778
3306,11046.575294117647,2273.3240588235294
3307,9983.338846153845,2234.0460769230767
3308,10711.969230769231,2266.4113076923077
3309,10458.246000000001,2255.1042
3310,10281.145,2253.1132500000003
3312,10150.689999999999,2266.324111111111
3313,10202.3425,2241.13875
3314,10642.48076923077,2280.4393846153844
3315,10354.3925,2274.042
3317,11226.736666666666,2279.4437333333335
3319,10038.156666666668,2280.7026666666666
3320,10506.781428571428,2307.8632857142857
3322,11159.1175,2295.7756249999998
3324,11968.638333333334,2281.409
3325,11000.199999999999,2308.7123636363635
3326,11711.42,2300.654357142857
3327,10410.07,2299.550888888889
3328,10681.848181818183,2316.0186363636367
3329,10184.608181818183,2316.7509999999997
3330,10338.07375,2349.481125
3331,10292.685,2308.6054999999997
3332,11342.388125,2335.4279375
3333,11072.304166666667,2320.5610833333335
3334,11791.971666666666,2319.5959444444443
3336,10254.615,2334.098214285714
3337,11267.645,2320.10625
3338,10803.0404,2321.79972
3339,10914.982352941177,2328.3018235294116
3340,10099.194615384615,2321.0021538461538
3341,10418.8075,2367.9901250000003
3343,10695.422,2357.2116
3344,10509.447777777777,2350.3025555555555
3345,11210.842999999999,2358.526
3346,11269.5175,2372.8170833333334
3348,11140.793636363636,2349.435909090909
3349,11594.225,2358.6755
3351,10613.632857142857,2364.0140714285712
3352,10123.269523809524,2390.596761904762
3353,10559.016428571429,2376.001357142857
3355,10301.431666666665,2380.216611111111
3356,10758.505384615386,2381.0855384615384
3357,11029.774705882353,2380.1438823529415
3359,10964.7975,2396.7107499999997
3362,11416.165,2416.47975
3363,10468.20888888889,2404.9437777777775
3365,10212.511999999999,2416.3369
3366,10910.989090909092,2415.9604545454545
3367,11450.415454545455,2407.572181818182
3368,11515.96625,2372.928375
3369,11321.064444444444,2414.844888888889
3370,11246.971666666666,2428.0575833333332
3371,9996.156444444445,2439.1425555555556
3372,10068.020909090908,2421.346090909091
3374,10787.61625,2428.129125
3375,10358.478461538461,2424.0609999999997
3376,11089.934000000001,2420.7286000000004
3377,11631.162,2441.3407500000003
3378,11128.90375,2439.542625
3379,11782.037222222223,2430.5041111111113
3380,10651.29125,2451.87775
3381,11012.846666666668,2462.5641333333333
3382,11174.597333333333,2465.432933333333
3383,10882.09,2445.5697777777777
3384,10323.067692307694,2470.047
3386,10509.34,2454.98875
3387,10580.899000000001,2453.2749
3388,11557.530909090909,2470.718363636364
3389,10435.38875,2484.2595
3392,10383.065,2490.101
3393,10063.645555555555,2480.3524444444442
3394,11726.116,2498.955
3395,11098.275,2490.4292142857144
3396,10139.369999999999,2459.6395714285713
3397,11335.0325,2486.981875
3398,11225.077000000001,2486.8236
3400,10709.8675,2489.637625
3401,11485.135,2508.8638
3402,10786.893333333333,2487.0465
3403,10492.3975,2527.640125
3404,10865.625,2511.9257000000002
3407,11423.392222222223,2521.0956666666666
3408,10218.860769230769,2510.8966153846154
3409,10566.76818181818,2513.9991818181816
3410,10413.16857142857,2533.3478571428573
3411,11636.941,2515.0414
3412,10161.973333333333,2542.965
3413,10984.068823529411,2527.691294117647
3414,10916.86625,2539.406375
3415,10076.740000000002,2546.669
3416,10652.019999999999,2558.1414
3417,11308.24375,2546.5502500000002
3419,10748.976666666667,2543.1463333333336
3420,11744.822105263158,2569.134789473684
3422,9995.250176470588,2540.9801176470587
3423,10960.946666666667,2578.590111111111
3424,10797.34,2566.9537
3426,10597.654166666667,2577.4285
3427,10708.835454545455,2581.280909090909
3428,11128.639285714287,2565.843785714286
3429,10227.3025,2587.8652500000003
3430,11584.433333333334,2572.5723333333335
3431,11205.220000000001,2549.4249999999997
3432,11675.1275,2567.0175
3433,10421.786923076925,2577.2895384615385
3434,11056.379090909091,2569.9074545454546
3436,11633.522,2634.173133333333
3437,11005.17,2600.4
3438,11390.211538461539,2603.416
3439,10489.662,2607.3234666666667
3440,11897.386666666667,2606.565666666667
3441,10620.054782608697,2638.379608695652
3443,10704.233,2628.1161
3444,10855.875,2617.9065
3445,11178.120909090909,2627.883909090909
3446,10915.842142857144,2619.655714285714
3448,11050.935,2634.9901666666665
3449,10129.565,2621.3165
3450,11844.149166666668,2612.5722499999997
3451,10413.83,2646.2542727272726
3453,11211.766666666668,2632.0673333333334
3454,10051.789999999999,2631.4429
3455,11090.297142857144,2650.059642857143
3456,11321.475,2626.15475
3458,11463.517142857143,2646.9088571428574
3459,10774.986666666666,2649.819933333333
3460,10317.081764705881,2634.0208823529415
3461,11887.825,2658.9938888888887
3462,9972.693833333333,2656.2153333333335
3463,10199.905714285715,2646.7222857142856
3464,10992.471000000001,2640.4037
3465,10369.0825,2658.638
3466,10269.909230769232,2660.483846153846
3467,10894.768333333333,2663.40375
3468,11776.637222222222,2639.3586666666665
3470,11055.51,2680.1655
3471,11259.35,2667.153818181818
3472,11720.942307692309,2651.9721538461536
3474,10952.016923076922,2685.889846153846
3475,10557.850999999999,2660.938
3477,10118.163333333334,2693.2662222222225
3478,10398.460666666668,2703.9737333333333
3479,11824.514545454545,2696.4287272727274
3480,10481.265,2680.925
3481,10687.316875,2692.9663125
3482,11681.802941176471,2700.1012352941175
3483,10880.647142857142,2704.5150714285714
3484,11021.049,2709.6068999999998
3485,11340.472727272727,2686.835818181818
3486,11764.722857142857,2709.8315714285714
3487,10321.76909090909,2701.1371818181815
3488,10620.223333333333,2719.5646666666667
3489,11278.713333333333,2717.349888888889
3490,11117.993333333332,2720.7045
3491,11193.042727272727,2725.3186363636364
3494,11402.81625,2715.58625
3495,11733.4825,2724.0145
3496,10218.303333333335,2746.3199999999997
3497,11568.884761904761,2729.722714285714
3498,10456.605,2744.69745
3499,10824.607777777777,2720.222888888889
3500,10905.669,2755.2737
3501,10997.817692307694,2753.726230769231
3502,10533.695555555554,2745.3624444444445
3503,11491.0375,2745.032833333333
3504,11311.98125,2757.028125
3505,11368.1975,2768.720125
3506,10660.023846153847,2760.259846153846
3507,10054.665454545455,2756.150090909091
3508,11456.22,2727.009
3509,10152.000909090908,2782.7552727272728
3510,10606.037,2758.4094
3511,11695.435714285715,2771.453857142857
3512,11076.36642857143,2770.3665
3513,11172.443846153845,2775.3645384615384
3514,11744.746666666666,2771.0295555555554
3515,11873.773157894737,2768.3866315789473
3516,11961.704,2769.9413333333337
3518,10737.252222222223,2766.1553333333336
3519,11265.752857142857,2776.6702142857143
3520,10353.906666666668,2744.9643333333333
3521,11801.1025,2776.3178749999997
3524,11474.323333333334,2790.484
3526,10834.68,2793.592111111111
3527,11618.948571428571,2789.7691428571425
3528,10446.729375,2795.6449375
3529,10080.192,2818.5563
3530,11306.692,2818.1603999999998
3531,10577.359999999999,2814.474923076923
3532,10364.24,2805.3642
3533,11535.835833333333,2806.612833333333
3534,10528.871,2822.4548999999997
3535,10755.86,2831.4076
3536,10221.931538461537,2829.737846153846
3537,10787.75125,2819.3495
3538,11659.206315789474,2819.715157894737
3539,11050.978,2823.8638
3540,10959.825263157894,2830.430263157895
3541,10859.076363636363,2834.075272727273
3542,11383.104705882353,2834.0824705882355
3544,11842.407391304348,2836.4250434782607
3545,10319.91111111111,2848.0229444444444
3546,11122.860909090909,2826.376909090909
3547,11267.58,2879.9113333333335
3548,11506.506,2854.2212
3549,10663.938,2840.5322
3550,11462.556153846155,2880.4646153846156
3551,11760.837,2830.2148
3552,11231.094705882351,2841.6738823529413
3553,10424.28,2842.031
3554,11905.54,2837.001333333333
3555,10155.895,2847.468
3556,10384.776666666667,2880.700714285714
3557,10017.131666666666,2831.5959166666667
3558,10485.973571428573,2856.8772142857147
3559,10789.665833333334,2873.170583333333
3560,10913.837142857143,2867.9995714285715
3561,11616.445294117648,2877.1839999999997
3562,11011.446666666667,2878.5370666666663
3563,11941.776666666667,2882.1206
3564,11195.313333333334,2876.1728333333335
3565,11687.570434782609,2898.806347826087
3566,11335.522857142858,2871.7205714285715
3567,10055.6,2877.1500909090905
3568,11089.07875,2891.52925
3569,10547.763157894737,2902.1367894736845
3570,10845.503076923078,2911.954846153846
3571,10284.303333333333,2898.799833333333
3572,10629.326363636363,2893.1015454545454
3573,10104.362500000001,2915.4244999999996
3574,11542.03,2895.0046666666667
3575,11583.988000000001,2917.21
3576,11504.4475,2919.68175
3577,11845.0525,2911.3137500000003
3579,10707.857777777777,2891.3654444444446
3580,11773.945714285714,2893.947
3581,10929.877777777778,2923.9197777777777
3583,11181.999,2931.1477
3584,11385.785,2926.2855714285715
3585,11040.924,2929.1513999999997
3586,10194.477272727272,2906.7902727272726
3587,10666.168181818182,2948.119
3588,11884.29,2946.0264444444447
3589,11584.165,2950.7415
3590,11753.905,2953.5133
3591,10335.180833333334,2952.273375
3592,10424.272,2950.429
3593,11972.56,2960.298166666667
3594,10773.084166666666,2944.9401666666668
3596,10070.4,2968.705
3598,11532.94,2973.794428571429
3599,10280.901666666667,2980.7486666666664
3600,11456.805,2979.256083333333
3602,10964.866153846155,2969.5140769230766
3603,10007.365052631578,2964.7985789473687
3604,10128.460714285715,2996.1147142857144
3605,11632.987500000001,2977.24275
3606,10553.723333333333,3003.3841666666667
3607,10895.228571428572,3013.274428571429
3608,10450.13125,2982.4856250000003
3610,10216.033636363636,3024.301363636364
3612,10735.449333333332,3012.2888666666668
3613,10669.72,3006.3029333333334
3614,10816.84888888889,3019.069
3615,10999.32,3030.32015
3616,10370.910833333333,3015.025
3617,11110.406111111111,3030.1498333333334
3618,10444.78375,3065.08325
3619,10912.463076923075,3070.2440384615384
3620,10364.762105263158,3079.318421052632
3621,10791.355714285715,3072.930714285714
3622,10691.378666666666,3080.2090000000003
3623,11173.519285714285,3083.519928571429
3624,11372.598571428573,3084.090357142857
3625,11036.73,3114.292125
3626,10772.192222222222,3130.3476666666666
3627,11284.483636363637,3105.6273636363635
3628,10825.565714285714,3142.680619047619
3629,11638.168333333333,3134.7315833333337
3630,10918.271428571428,3147.7645
3631,11116.037142857142,3153.548
3632,11681.120909090909,3190.157272727273
3633,11027.43125,3192.8774375
3634,11349.417500000001,3193.6434166666663
3635,11385.9225,3180.00275
3636,11460.060666666666,3169.2169333333336
3637,11278.2595,3186.24215
3638,11137.198124999999,3195.0793750000003
3639,11561.3875,3202.6075
3641,11633.475,3238.208166666667
3642,11188.875454545456,3232.306818181818
3643,11463.928823529412,3238.5364705882353
3644,11369.742142857142,3274.408214285714
3645,11632.6025,3272.004
3646,11078.591538461538,3267.607076923077
3647,11306.300000000001,3255.4945714285714
3648,11238.650000000001,3278.0961111111114
3649,11433.525,3302.3705
3650,11540.685000000001,3285.2201
3652,11275.392857142857,3332.730142857143
3653,11594.621111111112,3309.317777777778
3654,11165.369999999999,3327.1675000000005
3655,11220.295,3346.06975
3657,10993.945,3364.7025000000003
3658,11367.159285714286,3355.4355
3659,11562.679166666667,3357.043916666667
3662,11858.765,3361.2455
3663,11278.119230769229,3386.337923076923
3665,11427.574999999999,3385.466642857143
3668,11522.676666666666,3405.9123333333337
3670,11282.1,3420.367
3673,11748.443333333335,3445.9869999999996
3675,11716.1325,3447.194
3677,11366.128,3453.5016000000005
3680,11244.105,3481.2655
3682,11352.2575,3500.32125
3689,10973.735,3512.2545
3692,11257.263333333334,3538.103333333333
3694,11156.823333333334,3573.9043333333334
3697,11550.005000000001,3589.01
3700,11470.576666666666,3624.8513333333335
3703,11402.9575,3622.16475
3705,11322.16,3652.3155
3721,11185.404999999999,3806.0545
3725,11429.153333333334,3829.246333333334
3727,12433.84724137931,1984.4380689655172
3728,12662.708076923078,1999.1253076923078
3729,12875.148181818182,2014.631696969697
3730,13268.479117647059,1992.3343235294117
3731,13458.780952380954,1985.0198095238095
3732,13571.96107142857,2014.7412499999998
3733,13650.316250000002,1989.5125416666667
3734,13855.82,1977.0467222222223
3735,12066.345000000001,2020.8835
3736,12013.375,1977.5713333333333
3737,12321.278333333334,2019.3559166666664
3738,13161.698571428571,2016.7965238095237
3739,13396.762222222222,2010.0051111111113
3740,13913.746153846154,2026.735076923077
3741,12489.115135135135,2030.703027027027
3742,13336.654444444444,2031.659666666667
3743,12758.141304347826,2032.002739130435
3744,13748.632666666666,2026.5689333333332
3745,12601.225909090908,2052.7941363636364
3746,13012.285909090908,2044.5762727272727
3747,12025.166666666666,2093.3998333333334
3748,12901.995555555557,2084.519333333333
3749,13296.896666666667,2071.373
3750,12960.772857142858,2081.757142857143
3751,13709.994347826087,2084.408956521739
3752,13648.053684210527,2071.991157894737
3753,12689.4156,2086.67116
3754,13869.778260869567,2088.9884347826087
3755,13960.500370370371,2083.8033703703704
3756,12245.797777777778,2086.433925925926
3757,12767.18125,2081.272375
3758,12329.769565217392,2090.283043478261
3759,13588.694375,2104.8920625
3760,13767.627692307693,2109.5303846153847
3761,13254.380000000001,2115.094357142857
3762,12625.424375,2124.219375
3763,13814.5,2139.1144615384615
3764,12748.93142857143,2135.4615714285715
3765,13199.88210526316,2138.8379473684213
3766,12153.666874999999,2133.286
3767,13491.361111111111,2153.753333333333
3768,12496.381363636365,2137.046909090909
3769,13543.932727272728,2148.7636363636366
3770,12345.486,2157.1264
3771,12400.603333333333,2184.9924074074074
3772,13923.770689655172,2165.539448275862
3773,13844.960952380952,2193.495904761905
3774,13664.003225806451,2166.0730322580644
3775,12473.877894736841,2198.0484210526315
3776,12780.175000000001,2187.009
3777,12250.6075,2177.207125
3778,13166.216666666667,2196.9696
3779,13757.871111111112,2209.2476666666666
3780,12340.57,2207.4802
3783,13405.757894736842,2200.934578947368
3784,12005.146666666667,2196.4983333333334
3785,12840.380000000001,2212.3795999999998
3786,13506.521176470587,2216.286823529412
3787,13277.994705882353,2198.289058823529
3788,12541.001538461538,2222.085153846154
3789,12060.33,2235.5335999999998
3790,12109.0925,2230.6565
3791,12657.416874999999,2259.4554375
3792,13595.254545454545,2228.9875454545454
3794,13210.905714285715,2233.177714285714
3796,13129.572608695651,2261.5067826086956
3797,13887.213333333333,2271.195285714286
3798,12470.05,2254.648625
3799,13944.3755,2270.2261
3800,12178.250833333334,2251.9905833333332
3802,13432.362666666666,2278.3052666666667
3803,12916.35142857143,2300.0350000000003
3804,13291.304583333333,2299.697
3805,13357.464,2259.862333333333
3806,12116.93,2287.3916999999997
3807,12842.535000000002,2301.0878333333335
3808,12504.11,2291.31925
3809,13508.13,2281.5080000000003
3810,13218.705714285714,2291.5072142857143
3811,12279.362857142858,2294.0242857142857
3812,12557.914444444445,2291.3306666666667
3813,13676.224375,2285.785875
3814,12025.6645,2306.99965
3815,13782.811904761904,2298.000095238095
3816,13483.41857142857,2318.3915714285713
3817,12185.736666666666,2310.7341666666666
3818,13072.172083333333,2316.7615833333334
3819,12410.825,2314.9427
3820,13818.691,2333.7583999999997
3821,12998.028571428571,2315.6447142857146
3822,13932.683846153845,2332.928923076923
3823,12355.092142857144,2319.4452857142855
3824,12144.183529411765,2337.8479411764706
3825,13608.304545454546,2317.4057272727273
3826,13378.812631578947,2348.3445789473685
3827,12599.019523809526,2347.4334285714285
3828,12667.978846153846,2339.2568076923076
3829,13671.323333333334,2347.1471111111114
3830,13455.929333333333,2366.726
3831,12064.359444444444,2357.817222222222
3832,12251.515,2350.5866666666666
3833,12466.849375,2371.1584375
3834,13179.907368421053,2349.043894736842
3835,13529.470625,2364.0371875
3836,12522.987142857144,2334.1062857142856
3838,12840.206,2371.5692
3839,12980.545294117646,2374.879
3840,13087.800000000001,2379.5227647058823
3841,12130.477777777778,2393.461277777778
3842,13580.306,2384.2414
3843,13936.467499999999,2387.7169166666667
3844,12547.575294117647,2396.786235294118
3845,13865.135789473685,2394.0044736842106
3846,12224.16375,2402.9618124999997
3847,12722.54787878788,2401.111484848485
3848,13312.903888888888,2390.9093888888888
3849,12397.967777777778,2387.4207222222226
3850,13158.13,2414.9179999999997
3852,12520.572,2443.8254
3853,13724.692307692309,2414.1956923076923
3854,13783.894285714285,2410.6382857142858
3855,13373.425,2429.641
3856,13663.81857142857,2410.241571428571
3857,13411.792142857143,2419.5455
3859,12328.379411764707,2422.8771176470586
3860,13901.554166666667,2428.9866666666667
3861,13257.113000000001,2434.2455
3862,13676.0925,2465.580125
3863,13818.98375,2458.521125
3864,13068.25888888889,2444.080111111111
3865,13476.183571428572,2447.835857142857
3866,12602.499285714284,2465.2229285714284
3867,13335.340833333334,2470.6296666666667
3869,13594.405999999999,2452.545866666667
3870,13969.393478260869,2471.1290869565214
3871,13526.263846153846,2481.1533846153843
3872,13433.768888888888,2490.211444444444
3873,12440.325,2463.9217222222223
3874,13873.595454545453,2471.836181818182
3875,13744.534545454546,2480.627818181818
3876,13379.204736842106,2516.977315789474
3877,13640.905999999999,2514.5798
3878,13481.335714285715,2536.5496428571428
3879,13904.483846153847,2505.8323846153844
3880,13768.091666666667,2523.22075
3881,13571.307692307691,2528.476461538461
3882,13691.281666666668,2562.0714444444443
3883,13900.06125,2564.04475
3884,13853.469090909091,2559.322909090909
3885,13951.104000000001,2568.1191
3886,13609.529999999999,2572.9775999999997
3887,13798.91,2555.5805
3888,12049.133333333333,2592.603833333333
3889,13756.323333333334,2593.1079999999997
3890,11963.64851851852,2627.743740740741
3891,12132.899000000001,2604.3965
3892,13626.994285714287,2629.073
3893,12609.88,2641.6874
3894,12389.362,2625.0236
3895,12528.6775,2621.67675
3896,12665.35875,2646.1435
3897,12078.992,2654.2029333333335
3898,12481.491578947369,2640.4144736842104
3899,12140.1855,2668.175
3900,12393.18,2682.4983636363636
3901,12537.138,2669.6538
3902,12867.284285714286,2679.4054285714287
3903,12042.414285714285,2684.111857142857
3904,12261.063333333334,2677.5815
3905,12612.199999999999,2676.4125714285715
3906,13021.502222222223,2684.6765555555558
3907,11983.778181818181,2685.0781818181817
3908,12924.847777777779,2680.8725555555557
3909,12336.921999999999,2677.008933333333
3910,13545.692,2719.701
3911,12539.011999999999,2713.93665
3912,13103.0325,2703.5715
3913,13389.227692307692,2697.075230769231
3915,12270.11125,2734.96425
3917,12326.297272727272,2737.8272727272724
3918,12045.196,2734.941
3919,12184.138823529413,2731.999823529412
3921,13188.529375,2743.353
3922,13720.422,2752.8664
3923,12153.487142857144,2771.9667142857143
3924,12946.845000000001,2767.126125
3925,13383.69375,2763.6014999999998
3926,13845.55875,2764.9576875
3927,13265.441,2748.6027000000004
3928,12739.973333333333,2760.7533333333336
3929,12371.222,2752.9214
3930,12487.240625,2760.616625
3931,13116.789230769231,2785.9438461538457
3932,13659.059166666666,2766.0881666666664
3933,12399.325,2759.4685
3934,12894.255555555555,2793.3945555555556
3935,13455.141538461537,2788.1912307692305
3936,12599.237500000001,2785.764416666667
3937,12671.445,2780.889833333333
3938,12280.267142857143,2788.158
3939,13542.216,2767.0191
3940,13948.935833333335,2806.639333333333
3941,13713.444444444445,2812.454777777778
3943,13583.907000000001,2814.6133999999997
3945,12144.949,2823.1548
3948,13785.993636363635,2806.4135454545453
3949,12269.4,2850.617181818182
3950,13360.27875,2825.92225
3951,12340.413333333334,2829.4138000000003
3952,12439.59888888889,2832.1966666666667
3953,13140.354,2845.851066666667
3954,13431.143684210527,2847.9452631578947
3955,12532.924285714285,2841.0282857142856
3956,12087.252222222223,2830.449
3957,12625.9915,2851.5831
3958,12207.64,2839.368
3959,12730.865,2858.227
3960,13057.453333333333,2839.036111111111
3961,12987.910555555554,2876.251888888889
3962,13333.66875,2869.6366875
3963,13508.748181818182,2854.9505
3964,12843.92125,2852.725375
3965,12017.553478260868,2838.756652173913
3967,13605.679285714286,2860.4682857142857
3969,13243.347500000002,2842.6181666666666
3970,13920.1,2864.4461428571426
3971,12097.676666666666,2867.3446666666664
3972,12682.261999999999,2864.481
3973,12148.944166666668,2882.8785000000003
3974,12518.4975,2881.06
3975,13826.740000000002,2873.3765714285714
3976,13705.818333333335,2899.670583333333
3977,13165.04388888889,2876.6980555555556
3978,12060.2175,2883.937375
3979,12355.544,2890.0326
3980,12797.3925,2883.28275
3981,13452.578888888887,2907.7636666666667
3982,13654.496666666666,2886.633333333333
3983,12723.20625,2903.69425
3984,12453.1425,2895.472
3985,13281.428,2898.7264
3986,13558.445714285714,2890.950428571429
3987,12277.401999999998,2910.8846
3988,12210.607368421053,2914.8943684210526
3989,12586.288,2908.3842
3990,12847.092307692308,2901.5797692307688
3991,13772.913999999999,2899.281066666667
3992,12559.227777777778,2945.2854444444442
3993,13223.061538461538,2916.7503076923076
3994,13855.68076923077,2930.505923076923
3995,12123.526923076923,2940.6182307692306
3996,13090.96695652174,2918.6189999999997
3997,12658.57142857143,2922.720428571429
3998,13726.138333333334,2956.754166666667
4000,13393.015333333335,2935.4062666666664
4001,13598.382000000001,2939.2464000000004
4002,13183.5725,2962.6125
4003,13514.756,2932.0371999999998
4004,12091.835,2944.4475
4006,13323.494,2953.3374
4007,12915.803846153847,2941.4067692307694
4008,13267.992222222221,2936.021777777778
4009,12831.4675,2969.0575
4010,13540.48375,2980.7065000000002
4011,12165.851111111111,2960.145666666667
4012,12760.895882352941,2970.6336470588235
4014,12216.4225,2968.39625
4015,13636.45,2980.862363636363
4016,13047.352777777778,2992.8551666666663
4019,13948.839090909092,2959.548818181818
4021,13704.246666666666,2982.218833333333
4022,12910.973333333335,2986.8855555555556
4023,12982.225,2962.5145
4024,13820.082,2999.195533333333
4025,13475.966666666667,2995.420111111111
4026,13131.490909090908,2984.7977272727276
4027,13437.885999999999,2991.5694
4029,12667.433333333334,2999.4293333333335
4030,13240.626999999999,3007.0791
4031,12411.021111111111,3013.115111111111
4033,13570.763,3019.1996
4034,12980.353333333333,3028.616
4036,13312.604285714286,3018.335428571428
4037,13388.3075,3024.7225833333337
4038,13894.166666666666,3049.7503333333334
4039,13615.677777777779,3034.8143333333333
4040,13174.516,3030.1854
4041,13735.559375,3038.0759375
4043,13585.439411764706,3072.9187647058825
4045,13743.538333333332,3099.299333333334
4046,14062.528666666667,1985.7598
4047,14344.439166666665,1988.2030000000002
4048,14852.724285714286,2007.5755000000001
4049,15766.604666666668,2000.0018666666665
4050,14976.03294117647,1997.7461764705881
4051,14438.301052631581,2015.6265789473684
4052,14737.949333333332,2012.6192
4053,15888.882352941177,2020.075117647059
4054,14785.25,2043.398
4055,15733.726363636362,2045.0382727272727
4056,15487.17909090909,2037.7252272727274
4057,15103.846666666666,2018.9862222222223
4058,15594.021428571428,2004.2114285714285
4059,14519.734444444444,2003.3607777777777
4060,15013.888125,2076.1023125
4061,15666.252258064516,2043.1686451612904
4062,15826.714000000002,2046.875
4063,15263.995,2044.6625833333335
4064,14034.627368421052,2049.369157894737
4065,14270.494285714285,2045.8695000000002
4066,14362.941538461539,2044.9644615384616
4067,14132.014545454545,2061.2925454545457
4068,15406.55111111111,2047.1645555555556
4069,14209.70375,2067.978125
4070,15793.772,2088.35945
4071,15163.923333333334,2059.962666666667
4072,15910.003600000002,2082.9862
4073,15364.52894736842,2076.4216842105266
4076,15421.8125,2097.1530000000002
4077,15656.18,2106.3996956521737
4078,14445.639090909091,2098.752272727273
4080,15553.831071428573,2114.5026785714285
4081,15751.064000000002,2114.5818
4082,14268.158000000001,2127.1436000000003
4083,15272.32,2098.105625
4084,15473.266363636363,2115.5480909090907
4085,14119.645555555555,2125.172888888889
4086,14374.99,2124.1307500000003
4088,14855.2675,2135.87875
4089,15071.082,2120.0592
4090,15845.023200000001,2139.90964
4091,15715.166923076924,2137.003769230769
4093,14200.75857142857,2152.9465714285716
4095,14068.735294117647,2149.2734705882353
4096,14981.275000000001,2171.4705000000004
4097,15915.8175,2154.5343333333335
4098,14004.108421052631,2190.536789473684
4099,14120.7575,2188.936625
4101,14307.744999999999,2205.58625
4102,15247.354000000001,2187.4864000000002
4103,15480.050625,2191.9588125
4104,15681.01,2196.1069166666666
4105,14418.4,2157.038
4107,15840.593103448276,2213.026724137931
4108,14171.853333333333,2196.698
4110,15766.612666666666,2182.6924
4111,15625.251428571428,2201.8992857142857
4112,14236.59888888889,2213.1135555555556
4113,15939.940588235293,2206.949882352941
4116,14479.645333333332,2223.1784666666667
4117,14382.191428571428,2234.852428571429
4118,14773.526000000002,2230.6940000000004
4119,15781.644444444442,2232.0533333333333
4120,15894.60125,2255.4665
4121,14142.095294117647,2252.7746470588236
4122,15126.6225,2259.99325
4123,14067.564666666667,2238.8569333333335
4124,14544.203076923079,2243.272384615385
4125,14238.44642857143,2290.7713214285714
4126,15716.52705882353,2248.0489411764706
4127,15574.444666666666,2259.7833333333333
4128,14020.162222222223,2266.6015555555555
4129,14454.376923076923,2288.588076923077
4130,14596.313333333334,2265.335
4134,15665.060999999998,2288.4275000000002
4135,15287.065,2278.24175
4137,14405.50375,2292.3675
4139,15193.442500000001,2314.2870000000003
4140,14992.88,2304.022
4141,15893.547,2305.7133999999996
4142,14485.60588235294,2322.1017647058825
4143,14033.457777777778,2307.295
4144,15623.260909090908,2334.166909090909
4145,15499.021666666667,2317.5496666666663
4146,15771.153333333334,2318.706
4149,14359.384444444444,2320.6935
4150,14588.158888888887,2337.198722222222
4151,14810.336666666664,2293.384666666667
4152,14868.523333333333,2327.1496666666667
4154,15727.903636363637,2336.7394545454545
4156,14112.765172413794,2335.066655172414
4157,15259.2,2336.8023333333335
4158,14711.982222222221,2326.175111111111
4159,15807.180833333332,2364.83175
4160,14038.1175,2353.8206875
4161,15869.653333333334,2352.9071666666664
4163,15201.125,2359.127
4164,14909.725,2386.4339999999997
4165,14178.566285714285,2376.430028571429
4166,14275.877647058824,2352.9575294117644
4167,14026.104,2407.4785333333334
4168,14505.42,2372.88575
4169,14650.145333333332,2368.7943333333333
4170,14343.833846153846,2385.1040769230767
4171,15679.327777777778,2365.219777777778
4172,15064.026666666667,2430.9776666666667
4173,15167.276666666667,2368.3793333333333
4174,15107.62,2389.5725
4175,15331.9225,2383.8825
4177,14586.644666666667,2403.1844666666666
4178,15504.585555555554,2415.056111111111
4179,14406.439166666665,2419.3068333333335
4180,14507.736,2409.6351999999997
4181,14830.476999999999,2412.4076
4182,14727.295263157894,2409.798947368421
4183,15275.583999999999,2417.1804
4184,14972.179166666667,2411.89
4185,15110.798,2448.4945
4186,14671.975294117648,2434.484117647059
4187,15437.286666666667,2407.4003333333335
4188,14267.981,2426.7042
4189,15180.659,2450.7797
4190,14063.130952380952,2446.310285714286
4191,15234.838999999998,2482.7871
4192,14574.573846153846,2459.162692307692
4193,14792.35294117647,2451.7810588235293
4194,14907.692142857142,2456.179892857143
4195,15332.31,2472.128
4196,14195.123333333333,2472.9847777777777
4197,15380.076666666668,2462.155583333333
4198,14703.24043478261,2492.4808695652173
4199,14634.472222222223,2477.1285555555555
4200,14470.779545454547,2483.2566818181817
4201,15060.957777777778,2482.414222222222
4202,14527.418181818182,2500.536318181818
4203,14795.430952380952,2512.460666666667
4204,15640.71,2490.4706666666666
4205,15446.786842105264,2506.610842105263
4206,14973.365333333333,2503.4559999999997
4207,15144.232222222221,2527.1855555555553
4208,14403.017931034483,2517.587034482759
4209,14270.948799999998,2501.9267999999997
4210,14598.016923076922,2527.1005384615387
4211,14041.94681818182,2515.437590909091
4212,14876.026470588236,2525.4799411764707
4213,15096.626923076923,2540.123846153846
4214,15554.27,2524.235571428572
4215,14951.613529411765,2545.0696470588236
4216,15204.245,2528.904666666667
4217,15983.793333333333,2542.585
4218,15902.788,2549.6252
4219,14300.940344827586,2562.0002413793104
4220,14055.619999999999,2576.345846153846
4221,15698.381176470588,2560.800411764706
4223,14597.711000000001,2573.54105
4224,15519.721428571429,2547.8480000000004
4225,14907.229411764705,2590.6480588235295
4226,15004.40875,2578.1686875
4227,15478.7725,2575.21975
4228,14524.194411764705,2585.287588235294
4229,14750.83875,2575.88525
4230,14635.035999999998,2619.4516
4231,14683.255625,2572.04
4233,15971.142631578949,2613.1154210526315
4234,15620.118333333334,2587.8643333333334
4235,14090.832941176472,2612.332294117647
4236,15244.154285714287,2589.943642857143
4237,15570.82125,2616.632125
4238,14012.098999999998,2601.9839
4239,15161.454444444445,2617.9727407407404
4240,15655.778,2608.1874
4241,14827.832,2609.7412
4242,15697.432,2622.827
4243,15306.852,2615.264133333333
4244,15834.105,2625.060590909091
4245,15036.686315789473,2631.1103684210525
4246,14952.02909090909,2637.4254545454546
4247,14718.535833333333,2636.1200833333332
4248,15101.535000000002,2656.650818181818
4249,15222.846363636363,2653.244272727273
4250,15772.437272727273,2645.2304545454544
4252,15869.780833333332,2668.4931666666666
4254,15698.8975,2683.544
4255,15402.4125,2671.0785
4256,15452.6075,2675.4915
4257,14765.08,2669.7563999999998
4258,15009.345749999999,2702.6383
4259,14898.240909090908,2696.590318181818
4260,15297.7995,2696.29205
4262,15380.6905,2717.4482
4263,14009.9975,2722.5665
4264,15829.066666666668,2747.178761904762
4265,15223.845806451613,2733.6259032258067
4266,15160.173333333332,2746.3382962962964
4267,15625.173333333334,2735.2911666666664
4268,15331.200588235295,2772.233823529412
4269,15558.756666666668,2771.358333333333
4270,15755.04125,2759.76975
4271,15669.297272727272,2782.2802727272724
4272,15076.861111111111,2755.5467222222223
4273,15428.49411764706,2806.374294117647
4274,15901.063666666665,2799.6809333333335
4275,15507.541428571427,2819.5060000000003
4276,15610.243529411766,2832.2320588235293
4277,15666.124444444444,2833.302111111111
4278,15346.110952380954,2830.7980476190473
4281,15567.643333333333,2844.811
4282,15838.748666666668,2861.6284666666666
4284,15694.949333333332,2880.4128666666666
4285,15459.124285714284,2873.789714285714
4286,15548.544210526317,2898.0256315789475
4288,15745.835384615384,2899.3483076923076
4289,15802.29090909091,2919.433636363636
4290,15620.604666666668,2921.1593333333335
4291,15931.983157894736,2926.5153157894733
4292,15684.754375,2945.325625
4293,13974.4,2981.753666666667
4294,16751.07909090909,1994.298515151515
4295,17156.8175,1972.3767083333332
4296,17350.289714285715,1985.4089142857144
4297,17527.09619047619,1997.3149999999998
4298,16454.82888888889,1999.4915555555554
4299,16615.88,1996.1076818181818
4300,16127.27037037037,2019.5845185185185
4301,17120.969999999998,2027.174
4302,16015.322,2016.8970000000002
4303,17584.053125,2007.9386875
4304,16365.022790697674,1999.1068139534882
4305,16999.928,2051.2136
4306,16550.1375,2027.52425
4307,16933.91304347826,2065.0492173913044
4308,16417.591666666664,2052.5005
4309,16724.670000000002,2054.0924285714286
4310,16071.917333333335,2064.5001333333335
4311,16632.3375,2071.44675
4312,17287.43024390244,2070.795487804878
4313,17609.061904761904,2066.2239047619046
4314,17528.96529411765,2088.527882352941
4315,16819.158039215687,2087.650568627451
4316,17048.861470588236,2080.4199411764707
4317,16544.195,2122.534166666667
4318,16279.650357142858,2111.663785714286
4319,16129.358387096774,2130.7089032258064
4320,16920.564285714285,2129.6376666666665
4321,16988.73041666667,2137.6429583333334
4322,17579.07947368421,2133.338052631579
4323,17462.978529411765,2143.8202647058824
4324,16048.35875,2128.386125
4325,16362.323333333334,2163.8660833333333
4326,17328.25619047619,2168.7450476190475
4327,17240.192068965516,2189.1559655172414
4328,17512.47,2181.6326
4329,17023.632916666666,2209.7189166666667
4330,17602.782,2206.4398
4331,16052.4436,2207.53092
4332,16166.92380952381,2198.379380952381
4333,16954.717777777776,2212.902
4334,17659.75043478261,2211.473608695652
4335,17545.4325,2221.8930833333334
4336,16650.59512820513,2233.8883846153844
4337,17101.380952380954,2221.374952380952
4338,17442.115925925926,2236.2057777777777
4339,16558.482500000002,2225.2135833333336
4340,17744.412857142856,2242.911857142857
4341,16932.82111111111,2265.253
4343,17835.489333333335,2251.3023666666663
4344,16211.146296296296,2255.137222222222
4345,16531.92761904762,2295.304857142857
4346,16095.138333333334,2267.535166666667
4347,17576.117272727275,2273.708
4348,16442.136400000003,2272.9585199999997
4349,17097.448461538464,2304.3038076923076
4350,16124.267894736844,2320.1256842105263
4351,16001.267142857143,2259.1144285714286
4352,16318.264090909091,2327.4566818181816
4353,17286.424210526315,2290.645052631579
4354,16180.663333333334,2328.686238095238
4355,17395.22260869565,2310.9948260869564
4356,17220.94105263158,2301.3292631578947
4357,17529.215333333334,2305.1301333333336
4358,16832.509285714284,2307.4360714285713
4359,17689.602727272726,2313.9378636363635
4360,16243.606875,2334.13775
4361,17468.782352941176,2312.7271176470585
4362,16909.662727272727,2323.633272727273
4363,17280.78,2349.693
4364,17596.7255,2347.69935
4365,16472.612307692307,2350.4726923076923
4366,16396.217142857142,2362.0077142857144
4367,17521.831,2374.0059
4368,17806.932500000003,2344.9049999999997
4369,16658.2235,2359.68465
4370,16021.844,2355.4762
4371,17334.874736842106,2376.6954210526314
4372,17868.431666666667,2377.249277777778
4373,16906.25,2389.4368000000004
4374,17430.935,2396.005333333333
4375,17922.738,2384.8152
4376,16709.431428571428,2405.6490000000003
4377,17732.062916666666,2397.054375
4378,17141.615,2399.4167916666665
4379,16512.625454545454,2406.7559090909094
4380,17601.332,2427.8885999999998
4381,17044.964210526316,2388.202052631579
4382,16654.89285714286,2436.8559285714286
4383,17673.301111111112,2428.484703703704
4384,16965.194285714286,2434.439857142857
4385,16565.816923076924,2417.269153846154
4386,17894.484,2438.1376
4388,16440.90769230769,2443.354846153846
4389,16056.436842105262,2446.561842105263
4390,17031.54375,2485.597625
4391,17354.579375,2440.1139375000002
4392,17234.141785714284,2457.0431785714286
4393,17415.09588235294,2478.3914705882353
4394,17295.570869565217,2457.7375217391304
4395,16507.385,2476.3728333333333
4396,17540.782,2466.44945
4397,16881.650416666667,2498.2765416666666
4398,16317.640869565217,2465.6524782608694
4399,16085.480833333333,2490.4983333333334
4400,17600.815652173915,2503.8068695652173
4401,16603.77857142857,2490.5457142857144
4402,17768.9672,2484.78464
4403,17918.25,2505.364043478261
4404,17689.355882352942,2497.747764705882
4405,17832.466,2492.8748
4406,16746.515,2494.4945000000002
4407,16656.628666666667,2510.7396
4408,17847.2155,2533.74175
4409,17083.575,2507.3758571428575
4410,16350.293333333335,2509.8527222222224
4411,16437.881785714286,2523.972035714286
4412,16250.662727272727,2505.619818181818
4413,17433.298823529414,2542.768
4414,16112.113333333333,2542.3265
4415,17647.307142857142,2552.2895
4417,17967.01695652174,2545.143347826087
4418,17542.53823529412,2545.0641176470585
4419,16675.025,2567.1315
4420,16587.20157894737,2560.105105263158
4421,16355.730625,2565.6214375
4422,17048.163333333334,2559.6863888888893
4423,17240.92125,2561.439375
4424,16176.385,2560.8385
4425,16532.804,2534.7542000000003
4426,17380.54,2555.2006666666666
4427,16493.549166666668,2561.7705
4428,16791.533888888887,2561.628166666667
4429,17898.033846153845,2579.816538461538
4430,16024.869166666665,2562.6545833333334
4431,16124.015555555554,2580.8232222222223
4432,16300.788,2581.4938
4433,17171.838333333333,2582.74475
4434,17582.73,2599.326
4435,17002.205416666668,2602.7455
4436,16266.345185185186,2608.877555555556
4437,16070.453333333333,2608.175083333333
4438,16454.713846153845,2601.6756538461536
4439,16205.559375,2623.5956875
4440,16381.98625,2608.2751875
4441,16323.830769230768,2627.8456923076924
4442,16932.514444444445,2617.427111111111
4443,16877.2,2597.1212
4444,17104.739545454548,2618.6726363636367
4445,17812.598484848484,2623.0358484848484
4446,16134.85705882353,2631.346705882353
4447,16653.553333333333,2641.2988095238097
4448,17659.047777777778,2618.5788888888887
4449,17923.22,2644.4359444444444
4450,16024.86,2649.679619047619
4451,17030.248666666666,2670.8197999999998
4452,16446.576315789473,2652.460263157895
4453,16848.632857142857,2652.622142857143
4454,16137.9,2676.69344
4455,16346.195238095237,2675.8948571428573
4456,16816.128333333334,2690.4263333333333
4457,16898.262,2669.2552
4458,16538.664399999998,2674.533
4459,16478.37714285714,2692.5234285714287
4460,17961.824,2678.381
4461,17683.762857142858,2688.612
4462,17230.120000000003,2699.1187
4463,16398.985500000003,2691.3980500000002
4464,16264.088846153845,2689.5236923076923
4465,17573.008,2691.3648000000003
4466,17483.84833333333,2700.125666666667
4467,15960.65911764706,2705.5305
4468,16924.640588235296,2706.367176470588
4469,17323.625263157894,2700.5686842105265
4470,16104.936315789473,2719.066631578947
4471,16722.1796875,2720.5665
4472,16042.531818181818,2715.073045454545
4473,17780.25416666667,2705.3830000000003
4474,16165.980625,2712.375625
4475,17922.535,2728.86505
4476,16287.79409090909,2752.5234545454546
4477,16531.267058823527,2737.730470588235
4478,16954.791739130436,2746.7326086956523
4479,17545.096071428572,2743.4195357142858
4480,17722.246923076924,2749.1423076923074
4481,17407.99611111111,2743.1272777777776
4482,17256.87025,2758.463825
4483,17843.37888888889,2755.897444444445
4484,16225.697692307693,2754.977
4485,16382.262777777776,2750.7695000000003
4486,16830.307391304348,2764.601782608696
4487,17967.098666666665,2780.5320333333334
4488,16521.54111111111,2779.447333333333
4489,16608.098157894736,2756.9356315789473
4490,16048.030344827586,2793.607379310345
4491,17156.075357142858,2791.8287142857143
4492,16449.552272727273,2765.485181818182
4493,16993.698,2806.8831999999998
4494,16367.547857142858,2784.9598571428573
4495,17350.98153846154,2806.6112307692306
4496,17063.311764705883,2796.6547058823526
4497,16686.01875,2781.107875
4498,17640.166666666668,2808.0565555555554
4499,16336.8125,2818.13875
4500,17446.898095238095,2813.3461904761907
4501,16768.085714285717,2813.3155714285713
4502,17890.77142857143,2824.3575714285716
4503,16201.93423076923,2825.253653846154
4504,16529.524285714284,2840.9877857142856
4505,16401.70666666667,2830.0803333333333
4506,16653.406,2825.3514999999998
4507,15991.448275862069,2841.955413793103
4508,16268.457272727273,2837.5115454545453
4509,16576.657857142858,2865.9855
4510,17513.827857142856,2843.261357142857
4511,16064.161499999998,2854.49485
4512,16380.913636363635,2877.1837272727275
4513,17944.033636363634,2881.5693636363635
4514,16317.188799999998,2879.4476400000003
4515,16935.13804878049,2872.867243902439
4516,17603.102380952383,2868.0934285714284
4517,16142.076216216215,2880.544
4518,16481.202222222222,2890.0978333333333
4519,16630.852666666666,2882.1104666666665
4520,17779.749642857143,2878.8679285714284
4521,17320.16727272727,2884.3506363636366
4522,16725.952258064517,2907.835870967742
4523,16837.919615384613,2878.4769615384616
4524,17394.02107142857,2893.9747142857145
4525,17669.640909090907,2874.694090909091
4526,16047.045000000002,2925.79035
4527,17143.765,2885.8848333333335
4528,17056.38909090909,2891.283272727273
4529,17710.086666666666,2926.945111111111
4530,17562.01095238095,2916.627380952381
4531,17235.84857142857,2902.834714285714
4532,16432.53125,2929.054625
4534,16231.947857142857,2917.746357142857
4535,17097.664545454547,2936.051636363636
4536,16792.52695652174,2949.1166521739133
4537,17889.224411764706,2926.997205882353
4538,16357.3796,2950.6400799999997
4539,16625.301,2948.6016499999996
4540,17334.435333333335,2963.6494666666667
4541,17633.179411764704,2963.0870588235293
4543,17280.766,2953.9253
4544,17521.065,2961.1905625
4545,16905.51625,2932.6065
4547,16299.44625,2966.988625
4548,16544.282413793102,2946.590862068965
4549,16201.163684210525,2964.0736315789472
4550,17168.45111111111,3000.591
4551,17238.53076923077,2986.562076923077
4552,17066.343,2989.269
4553,17460.757222222222,2998.7414444444444
4554,17946.293529411763,2999.253176470588
4555,16634.1925,2995.81725
4556,16717.435555555552,2991.765888888889
4557,17866.765,3001.728375
4558,17763.927333333333,3014.8992
4559,17392.99095238095,3026.3
4560,17279.94916666667,3043.436916666667
4561,17214.8075,3040.13575
4562,17592.392083333332,3024.7879166666667
4563,17990.624666666667,3058.1060666666667
4564,17528.036923076925,3052.406615384615
4565,17092.814000000002,3053.2178
4566,17182.39,3062.2115
4567,17910.786428571428,3074.2374999999997
4568,17834.061666666665,3082.573722222222
4569,17041.77142857143,3076.688142857143
4570,17622.219999999998,3109.7191428571427
4571,17400.636857142857,3098.0420285714285
4572,16999.34,3120.1768571428574
4573,17121.430625,3100.1049375000002
4574,17278.662413793103,3123.0120689655173
4575,17739.996296296296,3118.7966666666666
4576,17520.28888888889,3121.4701111111112
4577,17202.532352941176,3136.3906470588236
4578,17908.15875,3144.5321875
4579,17814.392272727273,3151.0916363636366
4580,17130.09,3155.9312666666665
4581,17582.075833333332,3156.11175
4582,17459.73,3171.8216666666667
4583,17030.232500000002,3162.6992
4584,17649.430333333334,3201.0957666666663
4585,17971.274285714288,3187.2314285714288
4586,17062.223125,3224.6624375
4587,16948.32777777778,3202.8703333333333
4588,17132.491875,3206.9621875000003
4589,17182.445555555558,3219.8647222222226
4590,17264.91037037037,3228.527703703704
4591,17786.391176470588,3225.8150588235294
4592,17923.02642857143,3226.761
4593,17712.382777777777,3253.1883333333335
4594,17390.6725,3250.269875
4595,17857.165714285715,3238.8657619047617
4596,17116.72,3280.497684210526
4597,17209.226923076923,3291.478653846154
4598,17310.7892,3280.91428
4599,17901.519130434783,3282.7589130434785
4600,17377.01875,3309.24725
4601,17828.172142857144,3289.0680714285713
4602,17058.775454545455,3309.8124545454543
4603,16810.16129032258,3342.440903225807
4604,17151.221764705882,3340.1385882352943
4605,17730.921538461538,3337.926307692308
4606,17813.900322580645,3359.1760000000004
4607,17920.710555555554,3356.8263888888887
4608,16873.163333333334,3353.6045555555556
4609,17098.337391304347,3378.101
4610,16754.3,3360.3108
4611,17660.998095238097,3376.9965714285713
4612,17009.758333333335,3379.135875
4613,17373.367272727275,3384.959363636364
4614,16894.23642857143,3391.308285714286
4615,17863.114999999998,3393.764428571428
4616,17599.356666666667,3411.0783333333334
4618,17177.69,3422.5090714285716
4619,16934.927,3435.2046499999997
4620,17857.850833333334,3444.402583333333
4621,17289.734333333334,3430.0826333333334
4622,17960.512068965516,3431.0221724137928
4623,16770.876666666667,3458.477166666666
4624,17062.498235294115,3444.9721764705882
4625,17124.446666666667,3459.6494666666667
4626,17458.663999999997,3456.2678
4627,17358.116666666665,3447.7183333333332
4628,17411.9675,3457.564
4629,17788.061052631576,3461.740789473684
4630,16842.67945945946,3470.6949999999997
4631,17516.0525,3469.807
4632,16938.073913043478,3513.284434782609
4634,17245.5190625,3517.29975
4635,17907.08875,3489.7995
4636,17359.18642857143,3508.3810714285714
4637,17311.418947368424,3508.552578947368
4638,17832.533333333333,3517.2603809523807
4639,17537.135217391304,3514.2652173913048
4640,17447.57571428571,3538.4450476190477
4641,17821.936875,3557.929625
4642,17046.51043478261,3538.8548913043483
4643,17156.22,3543.53672
4644,17660.600869565216,3545.4115652173914
4645,17377.825,3563.5694999999996
4646,17504.86533333333,3562.8567333333335
4647,17575.539411764705,3576.818294117647
4649,17094.5975,3599.5922499999997
4650,17900.85,3609.9183333333335
4651,17132.29,3621.1372
4652,17445.54,3624.038941176471
4653,17648.507857142857,3625.7090357142856
4654,17374.341,3644.32305
4655,17868.719285714287,3644.7017857142855
4656,17963.174,3639.1243499999996
4657,17797.44347826087,3665.625565217392
4658,17926.7765,3688.75335
4659,17596.2625,3678.162875
4660,17294.484,3698.2918
4661,17450.338,3708.721
4662,17840.404166666667,3721.5460000000003
4663,17604.18,3761.2014285714286
4664,17262.99,3765.872695652174
4665,17746.577999999998,3747.0515333333333
4666,17871.635555555556,3758.9228333333335
4667,17936.535,3772.3045
4668,17517.09125,3760.9757916666663
4669,17359.174375,3777.5175625
4670,17433.033333333333,3790.8419333333336
4671,17732.291612903227,3801.973161290323
4672,17565.749666666667,3837.0372666666667
4673,17840.296818181818,3832.584409090909
4674,17492.976521739132,3839.9757391304347
4675,17247.11666666667,3856.272851851852
4676,17875.265,3885.8064285714286
4677,17165.22666666667,3888.160666666667
4678,17625.59153846154,3886.6644615384616
4679,17486.30192307692,3906.575576923077
4680,17271.854210526315,3921.767210526316
4682,17217.482727272727,3973.660590909091
4683,17648.451176470586,3953.156088235294
4684,16594.666,3943.7551999999996
4685,17324.866363636364,3978.4279393939396
4686,18007.80909090909,2347.182272727273
4687,18060.570434782607,2396.8886521739128
4690,18063.32347826087,2576.08947826087
4691,18025.617647058825,2627.9504117647057
4692,18069.093846153846,2682.585346153846
4693,17998.845294117647,2710.4106470588235
4694,18188.787647058823,2726.284117647059
4695,18133.589,2793.353633333333
4696,18034.078235294117,2816.251823529412
4697,18084.84964285714,2880.5916071428574
4698,18009.27296296296,2896.0859259259264
4699,18091.995833333334,2967.7249722222223
4700,18000.1944,2962.96424
4701,18066.847142857143,3068.9451904761904
4702,18008.456923076923,3123.5699999999997
4703,18072.800714285713,3138.3132142857144
4704,18054.543478260868,3188.538347826087
4705,18068.1425,3254.92725
4706,17977.608620689654,3295.6350689655173
4707,18053.1364,3329.17332
4708,18093.532352941176,3377.3953529411765
4709,18111.883684210527,3429.7575263157896
4710,18102.716956521737,3486.216086956522
4711,18116.374,3540.4087
4712,18111.77875,3580.362125
4713,18062.695,3581.74175
4714,18043.948500000002,3635.4891000000002
4715,18013.874782608695,3698.0636521739134
4716,18007.670714285716,3771.8754285714285
4717,18040.119599999998,3828.8808000000004
4718,18030.824375,3907.27946875
4720,1405.5107777777778,5102.428777777777
4721,3872.7310454545454,4297.376227272727
4722,3723.6912307692305,4332.724346153846
4723,3936.77575862069,4334.958689655172
4724,3964.6490769230772,4402.761653846153
4725,3609.3822,4385.61255
4726,3537.1289069767445,4438.077209302326
4727,3869.697871794872,4412.80958974359
4728,3637.167290322581,4445.822387096774
4729,3727.38675,4435.361611111111
4730,3941.33419047619,4464.779571428571
4731,3816.013,4469.483608695652
4732,3689.648444444445,4507.094888888889
4733,3824.1336774193546,4546.402258064516
4734,3925.935575757576,4533.4030606060605
4735,3607.406214285714,4560.505357142857
4736,3679.4955882352942,4571.384058823529
4737,3913.5144736842103,4596.677473684211
4738,3381.0530555555556,4589.512222222223
4739,3450.6225151515155,4612.436212121212
4740,3511.9674375,4648.11565625
4741,3968.0562105263157,4621.898578947369
4742,3354.725294117647,4652.727882352941
4743,3860.1591764705886,4666.012235294118
4744,3952.8646000000003,4705.06808
4745,3311.463,4709.167833333333
4746,3750.6573548387096,4708.5707741935485
4747,3657.2084444444445,4740.405555555555
4748,3471.2521666666667,4774.417875
4749,3845.8945714285715,4828.620571428571
4750,3920.0679000000005,4851.72785
4751,3973.178375,4871.8455
4752,3643.1409333333336,4864.214666666667
4753,3316.4819772727274,4892.688909090909
4754,3816.9196666666667,4915.152266666667
4755,3230.5980476190475,4911.216380952381
4757,3654.910307692308,4916.826461538461
4758,3934.1023913043477,4945.769260869565
4759,3472.5529375,4966.2263125
4760,3228.067657894737,4988.920342105263
4761,3983.0755789473683,4995.865263157895
4762,3827.24025,5056.1325
4763,3316.2018909090907,5036.940327272727
4764,3244.3951944444443,5083.691166666667
4765,3160.800880952381,5085.547095238096
4766,3502.4821707317074,5087.607073170732
4767,3608.0674864864864,5100.574081081081
4768,3679.0057777777774,5116.208333333333
4769,3849.25725,5143.81075
4770,3355.127934782609,5147.930695652174
4771,3164.321423076923,5153.387115384616
4772,3247.617189189189,5186.893621621622
4773,3457.566230769231,5184.654487179487
4774,3157.711176470588,5210.989411764705
4776,3074.906333333333,5217.018916666667
4777,3113.2922222222223,5226.691
4778,3558.8365833333332,5233.818333333334
4779,3697.3908333333334,5214.879
4780,3628.37675,5232.543000000001
4781,3787.596,5227.216
4785,3102.8306315789473,5301.63347368421
4786,3489.4229333333333,5270.821933333334
4787,3627.3745,5302.98825
4789,3682.1613333333335,5362.56
4790,3883.391333333333,5311.1804999999995
4791,3829.0222000000003,5330.5796
4792,3172.291652173913,5322.886565217392
4793,3391.5905757575756,5361.840575757576
4794,3483.7010344827586,5357.330068965518
4795,3570.756,5353.974958333333
4796,3306.1400212765957,5354.114872340426
4801,3171.0049375,5420.17
4803,3073.5007096774193,5420.622322580645
4804,3908.905666666667,5425.887333333333
4805,3545.0697666666665,5436.103666666666
4806,3359.2418333333335,5456.0886666666665
4807,3244.285058823529,5446.345352941176
4808,3615.2700555555552,5465.947499999999
4809,3446.335777777778,5457.096444444444
4810,3304.104636363636,5493.5886666666665
4811,3114.6020000000003,5497.407695652174
4812,3079.2574444444444,5491.7084444444445
4813,3499.0494736842106,5519.585368421052
4815,3367.849842105263,5533.824210526316
4817,3059.725047619048,5549.434619047619
4818,3437.5531,5562.5883
4819,3606.8506500000003,5568.0332
4820,3540.1711538461536,5587.3111538461535
4821,3068.344625,5601.6263125
4822,3127.8775333333333,5588.9848
4824,3153.414578947368,5632.009157894737
4825,3347.14015,5609.9588
4826,3489.6735500000004,5617.4637
4827,3090.5385,5680.074333333333
4828,3547.6295625,5682.6190625
4829,3605.8121111111113,5655.8820000000005
4830,3466.14025,5695.629
4831,3627.5,5719.449
4833,3273.1576,5723.046
4834,3490.6274444444443,5742.665222222222
4835,3364.1041538461536,5762.81223076923
4836,3165.768555555556,5750.852555555556
4837,3087.8574444444444,5758.047333333333
4839,3508.0588888888888,5812.7463333333335
4840,3125.4595000000004,5810.260333333333
4841,3285.37075,5829.737
4844,3863.9383333333335,5858.326666666667
4846,3398.1178,5851.2408
4847,3085.5227272727275,5842.483454545454
4848,3201.166888888889,5858.753555555555
4849,2881.4109230769227,5866.9286923076925
4850,2987.4874,5905.9804
4851,3043.0827647058823,5879.199705882354
4852,3788.523,5893.311
4853,3468.701777777778,5882.634666666667
4855,3602.726375,5920.044833333333
4856,3113.4650588235295,5922.455588235294
4857,2790.1032,5936.2002
4858,2926.890625,5926.300458333334
4859,3816.462909090909,5918.118272727273
4861,3036.6964,5933.6876
4862,3513.9307307692306,5937.459730769231
4863,3740.623125,5948.6874375
4864,3196.3906666666667,5964.842777777778
4865,3360.58515,5943.0323499999995
4866,3887.1679999999997,5958.7535
4867,3441.581142857143,5956.976476190476
4869,3793.2057142857143,5989.273214285714
4870,5040.498647058824,4008.679647058824
4871,5528.4815,4026.317
4872,5919.894,4033.87725
4873,5135.873583333333,4038.3505833333334
4874,5197.806,4040.49275
4875,5249.943555555556,4078.009666666667
4876,5426.41,4080.9092499999997
4877,5951.947125,4101.547375
4878,5330.10180952381,4085.944238095238
4879,5856.5315,4110.204375
4880,5383.1507,4117.4085
4881,5560.84175,4129.8857499999995
4882,5470.843285714285,4137.538
4883,5924.3758125,4132.6923125
4884,5799.754193548387,4156.629
4885,5738.831818181819,4120.523727272727
4886,5637.9358571428575,4175.2335
4887,5726.510125,4183.298375
4888,5364.735222222222,4189.029111111111
4889,5918.5708888888885,4189.243777777778
4890,5863.255,4193.575526315789
4891,5748.619692307692,4214.891
4892,5957.9328000000005,4244.1678
4893,4007.438974358974,4335.579692307692
4894,5414.566428571428,4359.893428571429
4895,5510.724,4379.781
4897,4044.4358666666667,4429.329133333334
4898,4079.0152777777776,4546.653722222222
4899,4072.6434999999997,4611.316566666666
4900,4144.80225,4623.685100000001
4901,4051.4775555555557,4712.732444444445
4902,4158.520413793103,4719.69375862069
4903,4412.65275,4747.38435
4904,5866.46075,4768.17
4905,5953.63325,4766.498083333333
4906,4163.273740740741,4803.220851851852
4907,4348.1757727272725,4789.6599090909085
4908,4249.722777777778,4804.036444444444
4909,4400.857791666666,4820.571666666667
4910,4533.321666666667,4827.214888888889
4911,5770.359590909091,4826.376590909091
4912,4053.1524999999997,4806.216444444444
4913,4468.90965,4848.656
4914,4057.459259259259,4892.125851851852
4915,4181.3555,4896.4
4916,5719.956,4883.946875
4917,5876.429,4896.771000000001
4918,4327.320478260869,4867.400956521739
4919,4610.815055555556,4887.879
4920,5921.035833333332,4877.54425
4921,4528.08771875,4895.982875
4922,5778.376499999999,4879.335666666667
4923,5963.463571428571,4902.099571428572
4924,5683.165,4935.62885
4925,4102.1972000000005,4933.2684
4926,5820.454333333333,4937.419055555556
4927,5902.921333333334,4947.007066666667
4928,4313.7771999999995,4946.4358
4929,4408.858210526316,4937.039210526315
4930,4657.077642857143,4942.316857142857
4931,5744.219785714286,4968.957285714286
4932,4582.7726,4967.005999999999
4933,5985.794727272727,4974.115636363636
4934,4514.34012,4976.7066
4935,4636.102411764706,5005.392882352941
4936,5848.684260869566,5010.609652173913
4937,5677.078666666667,5013.605333333334
4938,4716.398377777778,4981.542955555556
4939,4036.9192000000003,5019.907499999999
4940,4807.839478260869,5022.330304347825
4941,5903.845533333334,5030.8676
4942,4625.870142857143,5048.423142857143
4943,5945.876363636364,5058.069272727273
4944,4455.82,5015.2876
4945,4710.407923076923,5060.796846153846
4946,4196.676666666666,5046.702666666667
4947,4773.985740740741,5071.830481481482
4948,5734.494545454546,5056.016636363637
4949,5631.346181818181,5071.74090909091
4952,4685.561333333334,5124.932791666667
4953,5669.72105,5102.46345
4955,4922.145818181818,5105.759409090909
4956,5937.580947368421,5127.662842105263
4958,4307.441000000001,5143.1404
4959,4593.87025,5150.24375
4960,5628.32605882353,5144.810529411764
4961,4988.28246875,5154.77571875
4962,5842.04019047619,5166.551476190476
4964,5718.904076923077,5166.814769230769
4965,5635.0978125,5205.1738125
4966,5772.86925,5167.3514374999995
4968,4848.276421052632,5185.915631578947
4970,4784.271,5190.1945625
4971,5939.29724137931,5198.787862068965
4972,5016.457692307692,5204.614384615385
4973,4919.352264705883,5194.486764705882
4974,4138.08925,5197.26225
4975,4547.56925,5198.0427500000005
4976,5047.860454545455,5218.247545454546
4978,4209.8206666666665,5232.346333333334
4979,5679.871423076924,5226.610115384616
4981,4908.132947368421,5275.054789473684
4982,5906.909933333333,5278.052433333333
4983,5057.8468,5294.3989
4984,4697.643166666667,5292.349
4985,5113.34,5308.8389375
4987,4791.158894736842,5291.881368421053
4988,4984.224897435897,5307.973487179487
4990,5835.364964285714,5315.306285714286
4991,5721.301035714286,5317.859357142857
4995,4723.9755,5360.398388888889
4997,4861.714172413794,5351.304793103449
5000,5755.51948,5381.03472
5001,5034.671739130435,5397.918739130435
5002,4744.1422,5412.919599999999
5004,5891.800666666666,5402.541833333333
5005,4623.932000000001,5415.032499999999
5006,5708.574882352941,5427.773823529412
5007,4840.824066666667,5438.070466666667
5008,4989.4368125,5451.7616875
5009,5855.951,5463.715166666667
5010,4906.8984,5429.564866666667
5011,5770.254826086957,5469.069347826087
5014,5962.922185185185,5458.9028148148145
5016,5088.402434782608,5471.340434782609
5018,4894.9312,5478.769466666667
5019,4311.5625,5480.4205
5021,4781.6718,5486.7561000000005
5022,5042.231318181818,5511.597136363636
5026,4025.8753333333334,5508.283666666666
5028,5148.490181818182,5505.157863636364
5029,4823.6051,5514.8235
5030,4886.623363636364,5532.8389090909095
5033,5712.444863636363,5531.405227272728
5035,4983.773111111112,5531.329074074074
5036,5118.611625,5565.35025
5037,5768.63280952381,5564.6254285714285
5040,5902.437040000001,5553.52424
5041,4921.015642857143,5575.607928571429
5042,5024.083466666667,5568.967733333334
5043,5826.842181818182,5578.268363636364
5044,4847.3,5583.168166666666
5046,5177.770523809524,5606.59019047619
5047,5063.973636363637,5608.446272727273
5048,5014.041666666667,5640.228916666667
5050,4906.3194,5622.6216
5052,5916.88375,5648.4265000000005
5053,5794.601125,5641.8845625
5054,4867.851142857143,5653.179428571429
5055,5168.487,5662.843375
5057,4934.008352941176,5661.246823529412
5058,5854.111285714285,5654.721285714286
5063,4996.180933333333,5676.980066666667
5064,5103.749794117648,5667.2575588235295
5066,5848.658090909091,5708.798272727273
5068,5199.5761999999995,5714.870933333334
5073,5131.408678571429,5727.953428571428
5074,4965.080400000001,5742.5454666666665
5075,5013.488904761905,5752.5682380952385
5076,4924.81725,5763.37725
5079,5947.995590909091,5766.193227272727
5081,5078.775375,5761.1043125
5082,5163.9606,5779.7545
5085,5907.779266666666,5782.8084
5087,4820.5214,5780.5968
5089,4739.604,5793.492333333333
5092,5111.36972,5831.79536
5100,5178.542074074074,5873.535
5102,5941.069583333333,5845.621916666667
5103,4866.081,5898.6
5107,4826.886666666666,5948.531666666667
5114,5188.975913043478,5961.84847826087
5116,6158.141500000001,4002.9781666666663
5117,6206.950857142858,4047.7114285714283
5118,6047.425466666667,4096.7735999999995
5119,6334.578875,4141.458125
5120,6247.466277777778,4133.063444444445
5121,6036.0046250000005,4159.999375
5122,6304.27761904762,4188.572857142857
5123,6410.39337037037,4181.076111111111
5124,5981.845818181819,4191.338272727273
5125,6541.551642857143,4228.897142857143
5126,6604.738416666667,4245.315416666667
5127,6709.967000000001,4287.764833333333
5128,7944.602761904762,4309.758238095238
5130,7866.501,4363.27725
5131,7912.036,4397.024416666666
5133,7045.575083333333,4422.165
5134,7230.8994999999995,4444.680928571429
5135,7315.334153846154,4467.436076923077
5136,7131.0799,4440.8685
5137,6887.401380952381,4468.146095238095
5138,6791.6475,4481.714
5139,6954.330100000001,4473.1578500000005
5140,7060.4547142857145,4501.206380952381
5141,7113.5922,4493.0824
5142,7168.68825,4484.093583333333
5143,7013.261181818181,4503.764954545454
5144,7221.0386,4508.7356
5146,7118.764666666666,4533.765444444445
5148,7383.11962962963,4516.741333333333
5149,6889.280966666667,4529.954266666667
5150,7313.481777777777,4542.024833333333
5151,7465.46780952381,4542.399380952381
5152,7169.86575,4562.925416666667
5153,7102.4374,4577.5746
5154,7954.205565217391,4573.41995652174
5155,7244.934611111112,4593.349111111111
5156,6716.79338095238,4599.728476190476
5157,7401.194571428571,4594.886357142857
5158,6889.5288,4600.347266666667
5159,7695.684,4605.5255
5160,6834.871347826087,4587.375086956522
5161,6964.61980952381,4594.5583809523805
5162,7638.260857142857,4628.425785714286
5163,7168.912772727273,4627.304
5164,6794.6359600000005,4643.36724
5165,7315.5608999999995,4646.03425
5166,6560.375733333333,4621.295533333334
5167,6449.478266666667,4654.547533333333
5168,6507.428214285714,4653.789642857143
5169,6336.651888888889,4650.193
5170,7383.196814814815,4662.149629629629
5171,7539.0195,4668.389214285714
5172,6233.9338823529415,4654.639470588235
5173,6164.696666666667,4672.5922222222225
5174,6608.613800000001,4674.181500000001
5175,7693.886,4671.7186
5176,7461.114864864865,4657.780783783784
5177,6980.696222222222,4669.731166666667
5178,7092.189719999999,4691.24312
5180,6231.899642857143,4706.753714285714
5181,6390.075222222223,4687.206833333334
5182,6941.1946,4724.8036999999995
5183,7013.86846875,4726.27725
5184,7641.031666666667,4702.342333333333
5185,6676.949125,4705.0398125
5186,7411.308800000001,4745.979399999999
5187,6874.429619047619,4712.789142857143
5188,7486.482545454546,4727.694090909091
5189,6423.664818181817,4738.484545454546
5191,7607.789578947369,4742.057052631579
5192,6643.3200625,4761.5337500000005
5193,6298.9682999999995,4743.5890500000005
5194,7241.89019047619,4727.959095238095
5195,7669.216571428572,4765.534857142857
5196,6056.175,4766.039
5197,7349.849625,4762.48075
5198,6557.142625,4751.1799375
5199,6212.216291666667,4782.790166666667
5200,7276.610538461538,4777.606153846154
5201,7901.0255,4786.779500000001
5202,6006.319027027027,4765.262540540541
5203,7108.3496129032255,4775.298516129032
5204,6868.47125,4795.352875
5205,6475.033761904762,4779.032142857143
5206,6553.6575555555555,4823.144
5207,6099.753068965518,4816.586034482759
5208,6286.313538461539,4817.750807692308
5209,6957.278466666667,4808.404866666667
5210,7608.7568125,4814.9651875
5211,7471.575333333334,4824.820333333333
5212,6360.898846153846,4817.549615384615
5213,6497.8144,4860.4474666666665
5214,7023.910192307692,4832.574538461538
5215,7225.971578947368,4845.159684210526
5216,7517.948,4853.779666666666
5217,5986.1419166666665,4855.243625
5218,6915.4925,4847.0144
5219,7118.947130434782,4865.096782608695
5220,6736.631863636364,4852.896590909091
5221,6046.428454545455,4849.245318181818
5222,7452.157666666666,4880.719
5223,6986.61790909091,4904.553545454545
5224,7586.473230769231,4874.145846153846
5226,6120.453631578947,4885.665894736842
5227,6907.187181818182,4914.756
5228,7405.216571428572,4896.224142857143
5229,7206.4596875,4919.3566875
5230,6288.366678571429,4916.882428571429
5231,6754.468851851852,4922.729518518518
5232,7048.467692307692,4922.601461538462
5233,7155.222357142857,4929.573464285714
5234,6098.527230769231,4935.089807692308
5235,6541.419411764706,4964.888705882353
5236,6785.193166666667,4969.3505
5237,6048.079947368421,4974.191315789473
5238,7272.6062,4938.8872
5239,6465.192384615385,4970.467846153846
5240,6661.451,4968.482208333334
5241,6221.517777777778,4974.991185185185
5242,6951.240148148148,4987.0375185185185
5243,6823.26080952381,4992.985761904762
5244,6406.5053333333335,4988.961708333333
5246,7104.4305,5007.4915
5247,6131.2266666666665,5004.764833333334
5248,6566.367863636363,5019.237272727273
5249,6705.758125,5027.8268125
5251,6091.0935,5047.407388888889
5252,6981.581999999999,5032.42
5253,7790.66975,5052.163
5254,6014.887176470588,5057.176588235295
5255,6250.279125,5049.9936875
5256,6744.466133333333,5069.172733333334
5257,6316.278894736842,5058.12947368421
5258,6520.332393939394,5100.926818181818
5259,6362.75732,5100.86636
5260,6009.163,5087.179
5261,6434.154285714286,5095.838285714286
5262,6048.4001,5125.1176
5263,6149.059125,5109.11025
5265,6236.2994,5158.133400000001
5266,6739.9164,5159.9856
5267,6574.241400000001,5172.131200000001
5268,6434.8715,5180.681363636364
5270,6033.3047,5177.989500000001
5271,6375.87515,5190.349700000001
5272,6154.20575,5235.7555
5278,7957.973999999999,5283.484333333333
5289,5988.1939999999995,5361.045
5290,6045.518625,5364.2495
5294,6948.13,5413.756
5295,7011.327800000001,5409.8332
5296,6028.391142857143,5447.589285714285
5297,7041.8965,5432.773999999999
5299,7839.0625,5445.168
5306,6088.142,5546.127
5308,6912.71775,5566.061
5310,7909.719800000001,5572.2616
5312,6711.029799999999,5551.931200000001
5314,5984.323818181819,5583.232545454545
5315,6064.6786785714285,5635.673357142857
5319,5995.16932,5690.50304
5320,6760.566,5670.389666666667
5324,6868.294333333334,5685.1630000000005
5328,7980.7281111111115,5736.115777777778
5330,6848.3268333333335,5755.381333333334
5331,6032.492695652174,5775.563434782609
5337,6085.651363636363,5809.536
5339,7136.75,5809.3009999999995
5340,6164.761875,5825.246666666667
5341,6994.3535,5834.184499999999
5342,6230.031,5833.9646999999995
5343,7915.66,5831.92325
5345,6267.61625,5842.369
5347,6126.461083333333,5853.895083333333
5348,7862.6765,5884.022666666667
5349,6254.5124,5891.3638
5350,7972.7935,5888.5756875
5351,6541.571,5916.149666666667
5352,6023.871166666667,5900.535722222222
5353,6140.732545454546,5906.426
5355,6198.1695714285715,5908.742571428571
5356,6364.9421999999995,5925.0815999999995
5357,7638.0036666666665,5942.987666666667
5361,7565.344125,5927.0265
5363,6101.104933333334,5946.146133333333
5364,6172.9745,5963.8365
5365,8106.9103076923075,4241.658615384616
5366,9040.88442857143,4259.919761904762
5367,8100.769909090909,4289.727454545455
5368,9196.191636363637,4258.034000000001
5369,8149.433857142857,4270.611
5370,8037.395789473684,4267.548894736842
5371,8200.400866666667,4277.790933333334
5372,8362.211285714286,4266.262607142858
5373,9103.121375,4279.600375
5374,9172.894333333334,4304.659166666666
5375,9242.376647058823,4302.422647058824
5376,8003.898818181819,4299.627454545454
5377,8268.413727272728,4278.764954545454
5378,8487.917705882353,4295.506588235294
5379,8434.713117647058,4302.506764705882
5380,9065.891,4309.243909090909
5381,8572.550727272728,4310.260727272727
5382,8314.1152,4335.70464
5383,8076.5632000000005,4341.5752
5384,7988.377666666667,4361.651333333333
5385,9064.282333333333,4346.799777777778
5386,8920.815833333332,4357.645416666666
5387,9261.3705,4358.04
5388,8666.6359,4347.2431
5389,8776.458,4348.961272727272
5390,8514.1742,4348.8844
5391,8841.03875,4362.17675
5392,8181.6925,4362.061125
5393,9365.989423076924,4363.269923076923
5394,8254.259789473683,4370.080421052632
5395,8595.871642857144,4382.150785714285
5396,8368.651083333332,4379.235583333333
5397,8701.967333333334,4397.66
5398,9004.232333333333,4389.198388888889
5399,8098.671,4402.356846153846
5400,8435.976347826087,4398.450782608696
5401,9099.639416666667,4398.1362500000005
5402,9557.456727272727,4393.268454545455
5403,8205.023466666667,4413.545266666667
5404,9618.22125,4384.37025
5405,9205.818,4380.336333333334
5406,9279.8082,4410.727199999999
5407,8859.859727272727,4413.355454545454
5408,9742.056999999999,4433.825724137931
5409,8777.7560625,4414.9798125
5410,9235.833333333334,4423.479
5411,9570.687222222223,4435.861444444444
5412,8908.409761904762,4441.4399047619045
5413,9161.339818181817,4435.664181818182
5414,8011.250599999999,4438.068066666666
5415,9499.497666666666,4452.462666666666
5416,8973.369483870969,4457.962612903227
5417,9940.414076923076,4459.631923076923
5418,8605.869806451612,4468.344451612904
5419,9440.173833333332,4460.850083333334
5421,9392.189,4457.505222222222
5422,9797.625111111112,4457.985222222222
5423,8086.62475,4487.89575
5424,9246.437444444446,4518.389111111112
5425,9894.715666666665,4478.235933333333
5427,8761.492375,4492.816083333333
5428,9728.852,4503.98135
5429,9173.561,4498.571454545455
5430,9099.262882352941,4493.580588235294
5432,9362.041000000001,4479.316199999999
5433,9307.453578947368,4496.052789473684
5434,9556.917000000001,4504.561823529411
5435,9657.45425,4521.4783333333335
5437,8337.9296,4548.5798
5438,9367.223625,4545.5144375
5439,8744.986375,4542.5049375
5440,8462.354375,4551.792375
5441,9151.382833333333,4563.243666666666
5442,9592.0921,4560.7612
5443,8658.742647058823,4552.342529411765
5444,9456.903,4572.273277777777
5445,8389.449,4602.35275
5446,8945.035684210525,4567.207578947368
5447,9251.306583333333,4580.188666666667
5448,8230.5831875,4581.836125
5449,8744.86196,4607.3200799999995
5450,8885.92988235294,4589.098647058823
5451,9647.765,4611.5675
5452,8625.172636363637,4602.538590909091
5453,8024.915052631579,4619.22047368421
5454,9342.14975,4655.39825
5455,9298.303333333333,4625.929555555555
5456,8825.65785,4627.15795
5457,9506.063923076923,4648.708615384616
5458,9925.51931818182,4641.519363636364
5459,9012.509388888888,4636.672777777778
5460,9180.928111111112,4633.365777777778
5461,8576.483181818183,4639.883863636364
5462,8510.641875,4672.4990625
5463,9410.46838888889,4650.980444444444
5464,8949.4172,4654.549300000001
5465,9219.0187,4672.8963
5466,8377.744666666667,4669.181333333333
5467,9269.642363636363,4687.309
5468,9113.66,4646.390444444445
5469,9567.370607142857,4682.297035714286
5470,9061.187105263158,4678.027526315789
5471,8847.99088888889,4688.837888888888
5472,9157.242555555556,4696.139444444445
5473,8194.408166666666,4693.804708333333
5474,8620.482789473685,4683.423473684211
5475,8920.702166666666,4698.007944444445
5476,9872.461074074075,4703.334444444445
5477,9332.82305263158,4711.520210526316
5478,9396.473181818183,4714.476363636363
5479,8670.9538,4728.444266666667
5480,8252.3975,4728.111
5481,9023.001066666668,4750.019933333333
5482,9496.734,4720.862666666667
5483,8370.460428571429,4755.532
5484,8470.65,4753.499
5485,9935.605833333333,4749.751388888889
5486,9814.909047619047,4754.6915238095235
5487,9418.47725,4764.5105
5488,8613.119636363637,4781.872545454546
5489,9470.034866666665,4764.321066666667
5490,8011.2858888888895,4790.216888888888
5491,9112.130272727272,4792.980848484849
5492,8414.37125,4793.4865
5493,9788.128666666666,4800.508666666667
5494,9977.694,4799.106714285715
5495,9891.990857142857,4797.478
5496,9389.611571428572,4795.436571428571
5497,9291.242166666667,4790.017277777778
5498,9444.310399999998,4809.1502
5499,8562.55373076923,4824.2692307692305
5500,8701.2919375,4809.588
5501,9825.984,4806.70275
5502,9886.615,4872.184666666667
5503,8998.599444444444,4827.130851851852
5504,9396.294666666667,4845.162666666667
5505,9247.0399,4847.6224999999995
5506,8640.3722,4847.5232000000005
5507,8093.777833333334,4852.959833333333
5508,9954.102277777778,4866.403222222222
5509,8473.3974,4864.8904
5510,9331.833857142858,4876.299642857143
5511,9618.93023076923,4841.033269230769
5513,9279.799583333333,4885.642333333333
5514,9668.777647058823,4853.021176470588
5515,8274.844888888889,4894.826333333333
5516,9555.346411764705,4897.588588235294
5517,8931.083,4892.737076923077
5518,9206.80859375,4892.64265625
5520,8675.263705882353,4910.509411764706
5522,8377.46725,4913.095
5523,8228.708600000002,4928.623799999999
5524,9145.6208,4917.064666666667
5525,9069.594333333333,4915.38
5526,8796.411826086956,4908.161652173912
5527,9481.280625,4918.402625
5528,9682.389666666666,4938.5014
5529,9612.817470588236,4943.523705882353
5531,8736.922199999999,4945.314466666667
5532,9455.459666666668,4967.6665555555555
5533,9272.968352941176,4943.141588235295
5534,8405.182499999999,4962.307
5535,8871.323904761904,4961.781714285714
5536,9902.362448275862,4973.239896551724
5537,8941.890166666666,4974.692666666666
5538,9537.333538461538,4958.362
5539,8476.04775,4983.37125
5540,8631.4555,4987.931111111111
5541,9738.943333333333,4985.005952380952
5542,8405.3055,5005.76925
5543,9507.4805,5018.4933
5544,9326.1,4999.049705882353
5545,9123.142157894737,5016.847842105263
5547,9057.46565,5002.32855
5548,9646.671736842105,5002.506421052632
5549,8523.1916,5000.537600000001
5550,8674.2855,5021.7401
5551,9379.6339375,5015.2515
5552,8241.300333333333,5024.3115
5553,8288.118,5041.8445
5554,8336.35,5029.556
5556,8782.8583,5036.4818
5557,9705.246166666666,5053.101083333334
5558,8458.06825,5041.988
5559,8152.2961,5039.6621
5560,8884.785666666667,5059.774
5561,8957.299142857144,5045.448380952381
5562,9580.40704347826,5030.6700434782615
5563,9478.82190909091,5070.520863636364
5564,8199.0895,5064.3015
5565,9413.283727272727,5086.207818181818
5566,9622.39,5103.362071428572
5567,9541.505,5075.69975
5568,9975.013529411764,5068.647176470588
5570,8385.250666666667,5078.631333333334
5572,8263.164142857142,5099.874285714286
5573,9670.882,5091.92025
5574,8807.447166666667,5099.1605
5576,9245.471533333333,5093.97
5577,9351.791739130435,5087.927739130435
5578,8698.371,5091.5465
5579,8999.017777777779,5105.811333333333
5580,8628.247571428572,5117.253857142858
5581,9519.898307692307,5131.676076923077
5582,8370.574083333333,5127.8670833333335
5583,9904.738619047619,5117.490476190476
5585,9450.022857142858,5141.747357142857
5586,8823.898142857144,5138.559285714286
5587,9758.15825,5127.600625
5588,9833.9674375,5140.4163125
5589,8718.015133333332,5139.023666666666
5590,9355.725875,5145.834
5591,9291.738076923077,5151.001692307692
5593,9069.593416666667,5152.417083333333
5594,9402.869318181818,5178.690090909091
5595,8583.276142857143,5160.927214285714
5596,8462.637111111111,5163.5689999999995
5597,9176.630200000001,5158.031333333333
5598,8333.849,5183.7495
5599,9559.788076923076,5188.330076923076
5600,9617.35990909091,5182.1849999999995
5601,9718.339,5202.999333333333
5602,8818.447,5199.430818181819
5603,9675.9395,5210.8648125
5604,9087.711833333333,5190.646
5605,9906.402625,5193.013375
5606,8389.818000000001,5193.276111111111
5607,8647.485318181818,5212.3144999999995
5608,8893.5151,5197.0452
5609,8231.223083333332,5213.343583333333
5610,8538.182222222222,5215.937333333333
5611,8165.595666666667,5208.939
5612,9792.573,5208.1755
5613,9144.34625,5210.846625
5614,9226.19175,5223.00475
5615,8362.3133,5236.6571
5616,8778.899210526315,5236.927210526315
5618,9072.703727272727,5234.469
5619,8060.153333333333,5241.547166666666
5620,9528.556894736843,5255.768263157895
5621,8454.589444444446,5267.355444444444
5622,9815.741333333333,5270.997333333334
5623,9973.797076923076,5256.045307692309
5624,9727.5502,5271.32885
5625,9192.689210526316,5277.7013157894735
5626,9316.449315789474,5262.64
5627,9906.096333333333,5279.664
5628,9132.99475,5285.57675
5629,9062.151538461538,5309.835269230769
5630,8116.85825,5296.995166666667
5631,8657.521096774193,5290.487870967742
5632,9661.3015,5291.0518125
5633,8887.0425,5299.034833333333
5635,8022.120111111111,5343.636166666667
5636,9275.556499999999,5327.997944444444
5637,8833.387157894736,5344.924526315789
5638,9850.394555555557,5344.771
5639,9335.961625,5339.707375
5640,8302.025777777779,5341.171777777778
5641,8231.266875,5329.7561875
5642,9811.4455,5367.544
5643,8586.336413793104,5360.570206896551
5644,9567.82115,5360.61895
5645,8088.911866666666,5360.4142
5646,9444.394941176472,5364.902882352942
5649,9897.6229,5379.432
5650,9663.316499999999,5379.6385
5651,8975.899666666666,5375.8730000000005
5652,8707.195130434782,5369.658869565217
5653,8344.576,5389.391625
5654,9723.7031,5365.7892999999995
5655,8489.180916666666,5388.37325
5656,8265.522285714285,5404.638357142858
5657,8648.27596153846,5417.606076923077
5658,9359.319375,5393.2025625
5659,8163.562352941176,5405.205470588236
5660,8760.199380952381,5395.017047619048
5661,8952.124714285714,5410.064
5663,8804.4595,5429.041166666666
5664,9153.10375,5412.152
5665,9820.2,5425.0
5666,7988.578869565218,5418.537652173913
5667,9228.789714285715,5429.954285714286
5668,9850.926166666666,5429.1821666666665
5669,9046.249318181819,5422.368363636364
5670,9517.129769230769,5419.107615384616
5672,9363.495277777778,5463.381666666666
5673,9628.913833333334,5437.4245
5674,8216.848625,5459.0755
5675,8111.420714285714,5458.797
5676,9768.566,5489.417142857143
5677,8900.861464285716,5463.456678571429
5678,8490.217266666667,5471.422133333333
5679,9143.83025,5468.2477499999995
5680,9436.104458333333,5475.304
5681,9557.4095,5491.203750000001
5682,8982.111764705882,5474.211117647059
5684,9081.602111111111,5487.000944444444
5685,9890.324,5501.722000000001
5686,9175.6604375,5524.2713125
5687,8576.245416666667,5506.037666666667
5688,9268.305428571428,5528.860785714286
5689,9830.096578947368,5523.643210526316
5690,9512.847444444444,5518.072888888889
5691,9974.936666666668,5489.955
5692,8264.148166666668,5532.012333333333
5693,8493.9352,5526.4886
5694,8921.898833333333,5529.593416666667
5697,8714.110862068965,5518.647517241379
5698,9005.372187500001,5551.940875
5699,9047.07525,5595.441583333333
5700,8631.883782608695,5561.1991739130435
5701,8369.6925,5562.343
5702,8312.757235294117,5565.825411764707
5703,8761.901368421051,5571.198421052632
5704,9791.048117647058,5588.099941176471
5705,9581.3385,5573.014999999999
5706,8522.12723076923,5594.558538461539
5707,9467.283153846154,5576.3632307692305
5708,9874.703866666667,5583.886066666667
5709,9120.5268,5588.5395
5710,9698.413499999999,5600.23325
5711,9918.039785714285,5585.392714285715
5712,8150.112,5596.0822499999995
5713,8951.354454545455,5599.706272727272
5714,9191.671904761904,5598.137571428571
5716,8687.401,5601.1613
5717,8251.43857142857,5608.756285714286
5719,9546.062076923077,5640.5634615384615
5720,9971.56475,5611.5205
5721,9268.733185185185,5612.495555555556
5722,8782.87817647059,5641.523764705882
5723,9390.1915,5633.991166666667
5724,9764.536904761904,5648.094999999999
5725,8520.254769230769,5669.391
5726,8134.104333333333,5649.806666666666
5727,9864.39311111111,5655.321
5728,9330.072076923077,5657.439846153846
5729,8957.610083333333,5672.512
5730,8666.94544,5676.113200000001
5731,8209.4549,5667.763199999999
5732,9188.938,5673.8336
5733,8063.802833333334,5654.132833333333
5734,8335.716666666667,5664.222833333333
5735,9274.173583333333,5698.234
5736,9705.389470588234,5683.519235294118
5737,9435.342315789474,5673.727052631579
5738,8874.414909090909,5676.798
5739,9066.26890909091,5673.110681818182
5740,8755.089199999999,5693.9488
5741,9500.810375000001,5712.3895
5742,9915.298727272728,5723.156
5745,8165.263181818183,5709.476545454545
5746,8391.055545454547,5717.632272727273
5747,9827.384722222221,5724.217000000001
5749,9544.560857142858,5725.798714285715
5750,9992.600133333333,5733.557333333333
5751,9136.312833333333,5734.322499999999
5752,8105.167,5758.466818181819
5753,9403.438166666667,5741.315833333333
5755,8942.43190909091,5758.6326818181815
5756,8818.696476190476,5752.403476190476
5757,8325.099545454546,5763.266272727273
5758,9220.909,5739.8235
5759,8584.570772727273,5739.095409090909
5760,9270.5375,5783.3735
5761,9531.498125,5775.343124999999
5762,9181.135304347827,5781.9241304347825
5763,9872.213399999999,5775.3589999999995
5764,9330.849076923078,5751.111923076924
5766,8761.687666666667,5794.292333333334
5767,8066.058333333333,5817.875
5768,8857.789625,5796.1804375
5769,8236.144363636364,5810.327363636364
5770,8482.42575,5801.6795
5771,9093.244,5805.1239375000005
5772,8701.98888235294,5803.071294117647
5773,9941.604000000001,5781.6246
5775,9569.960615384614,5799.216538461538
5776,8004.245636363637,5789.740454545455
5777,9266.192904761905,5830.402761904762
5778,9901.062909090908,5847.037727272727
5779,9703.256107142855,5835.045928571429
5780,9336.527307692308,5846.705000000001
5781,8602.45309090909,5828.030818181818
5782,8920.5865,5837.384625
5783,8790.918666666666,5850.215533333334
5784,8715.391,5857.8126
5785,8175.297166666667,5874.576666666667
5787,9968.573785714285,5878.216642857143
5788,8651.695666666667,5893.302166666667
5789,9119.950588235295,5866.937882352941
5790,9547.855045454546,5878.826727272727
5791,8365.07825,5870.265
5793,9760.45228,5877.34248
5794,8452.254384615384,5886.864692307692
5796,8873.798,5894.6314999999995
5797,8706.297384615384,5901.092923076923
5798,9398.4996,5861.915800000001
5799,9629.323347826086,5901.666434782609
5800,9884.43675,5881.5685
5801,8989.967200000001,5882.0931
5802,8560.947666666667,5893.444166666667
5803,9066.796714285714,5886.176357142857
5804,9328.129333333332,5886.644666666667
5805,8243.9045,5914.6965
5806,8101.6210666666675,5909.857666666667
5807,9229.666068965516,5914.36751724138
5808,9816.87225,5903.999
5809,8388.996833333333,5911.5675
5810,8789.342083333333,5927.144666666667
5812,8912.63975,5938.365083333333
5814,9134.5043,5925.5815
5816,8349.3125,5961.353
5817,9077.286625,5951.540625
5818,8602.0291875,5967.324
5819,9549.260142857142,5972.226571428572
5820,9024.197545454546,5963.955636363637
5821,8297.910866666667,5975.012933333333
5822,8697.3144,5979.430133333333
5823,8955.65,5989.818842105264
5824,10128.6275,4544.703
5825,10106.805833333334,4596.3355833333335
5826,10201.501333333332,4608.455066666666
5827,10036.259,4640.948516129032
5828,10195.69923076923,4661.5226923076925
5829,10261.896333333334,4679.4865
5830,10343.619,4694.238725
5831,10113.602162162162,4714.035027027027
5832,10029.775,4747.49
5833,10578.169999999998,4765.859294117648
5834,10610.003,4790.8403
5835,10374.27275862069,4753.958206896552
5836,10265.939444444444,4786.988722222222
5837,10483.102222222222,4772.416666666667
5838,11043.73625,4792.4825
5839,10358.458095238095,4823.739619047619
5840,10956.449565217392,4807.881152173913
5841,10561.800909090909,4823.3881363636365
5842,11052.732666666667,4858.814666666667
5843,10434.7625,4862.28075
5845,10321.835769230769,4895.154
5846,10549.434,4914.8539
5847,10984.1936,4905.93724
5848,11101.553125,4905.07271875
5849,10035.1175,4911.714875
5850,10165.552962962962,4951.759444444445
5851,11208.206944444444,4945.2885
5852,10963.621304347826,4966.998391304348
5853,11065.77375,4969.3464375
5854,11288.15705882353,4986.319176470589
5855,10331.462222222222,4976.4248333333335
5856,10093.800322580644,4986.407032258064
5857,10721.18875,4996.24525
5858,10506.01,5002.853857142857
5859,11208.29611111111,5009.581166666667
5860,11060.6403125,5030.5726875
5861,10617.874444444444,5012.222666666667
5862,10570.79375,5018.096875
5863,10779.120666666666,5010.4066
5864,10676.93,5003.417538461538
5865,11380.344230769231,5026.942
5866,10252.528235294118,5027.289705882353
5867,10980.13107142857,5031.300035714286
5868,10378.11,5050.767083333333
5869,10461.810666666666,5052.693433333334
5870,11130.383333333333,5056.28575
5871,10831.8275,5034.5848
5872,10636.369999999999,5059.488785714287
5873,10714.064545454547,5082.141727272728
5874,10900.761999999999,5055.7436
5875,11284.063043478262,5049.710260869565
5876,10139.959565217392,5073.016782608695
5877,10960.627142857144,5099.7839047619045
5878,10843.266315789473,5109.6089999999995
5879,10046.033846153847,5108.453230769232
5880,10669.97,5108.319875
5881,10776.641428571429,5111.546785714286
5882,11036.176000000001,5129.640799999999
5884,11317.971363636363,5109.423363636363
5885,11268.91909090909,5144.604
5886,10920.894347826088,5153.448086956521
5887,11093.677333333333,5140.6144
5888,10653.045833333334,5161.359208333333
5889,10556.091304347827,5170.536826086956
5890,11180.024444444445,5174.246222222222
5891,10754.77,5180.059807692307
5892,11462.887499999999,5161.9470833333335
5893,10004.659785714286,5176.1815
5894,10356.848,5148.424733333333
5895,11412.795,5213.426333333334
5896,11108.077777777777,5201.420777777777
5899,10626.54,5217.802375
5900,11560.42304347826,5199.133695652174
5901,10878.21375,5240.147875
5902,10942.631818181819,5234.562272727272
5903,10804.390000000001,5240.419833333333
5904,11487.765357142856,5255.926178571428
5905,11598.850833333332,5256.549583333333
5906,10516.66875,5274.5223750000005
5907,10633.404,5271.2353
5908,11285.19125,5265.1895
5909,10070.609047619047,5303.806619047619
5910,10343.27375,5276.5879375
5911,10127.159166666666,5329.480625
5912,11586.336666666668,5301.305333333333
5913,11659.072352941177,5302.4774705882355
5914,11371.494736842105,5305.630578947368
5915,10188.021851851852,5292.6012222222225
5916,10362.422,5331.376
5917,10287.109473684211,5325.646210526316
5918,11047.442,5327.5832
5919,10431.212857142857,5312.0095
5920,11781.335714285715,5313.0310714285715
5921,11272.047142857144,5337.980142857144
5922,9988.145647058824,5353.071411764707
5923,10410.4775,5374.0629375
5924,11530.484666666665,5329.252266666666
5925,11753.133,5355.4264
5926,11592.629444444443,5365.757666666667
5927,11867.705,5354.795388888889
5928,10212.437142857143,5379.622285714286
5929,11676.463333333333,5349.519111111111
5930,11460.457619047618,5338.181190476191
5931,10598.052352941177,5375.682117647059
5932,10042.6305,5396.46425
5933,11725.368125,5421.053125
5934,10332.015714285715,5403.643571428571
5935,11414.433214285715,5395.087607142857
5937,11855.734210526316,5422.917368421052
5938,11351.2475,5388.8851875
5939,11930.479069767442,5423.355651162791
5940,11793.3555,5418.64275
5941,10271.699090909091,5409.437363636363
5942,10368.5335,5439.5021
5943,11579.01157894737,5430.971736842105
5944,10417.524166666668,5429.662333333333
5945,10634.255000000001,5467.40925
5946,11671.183500000001,5441.15995
5947,10121.036,5439.5464
5948,11480.8275,5442.196333333333
5949,10494.696666666667,5444.855055555556
5950,10080.46,5457.066466666667
5951,10561.675714285713,5451.807714285715
5952,11829.302727272727,5480.310681818182
5953,10194.413571428571,5468.4465
5954,10147.416666666666,5472.719333333333
5955,10404.631739130435,5482.157043478261
5956,11738.955,5495.804555555555
5957,11076.716666666667,5474.5673333333325
5958,11533.655454545455,5483.252454545454
5959,10040.844285714285,5496.027357142857
5960,10716.058,5486.6792000000005
5962,11632.783333333333,5492.198583333334
5963,10944.693333333335,5516.991333333334
5964,10286.387037037037,5496.736
5965,10499.19,5518.375666666667
5966,10634.369677419356,5530.814645161291
5967,11689.555333333332,5505.095933333333
5968,10101.005454545455,5523.920136363637
5970,10584.0,5512.28225
5971,11543.083333333334,5529.0053333333335
5972,11588.6975,5542.607625000001
5973,10371.84,5529.840294117647
5974,11897.5632,5506.8452
5975,10450.649599999999,5544.46264
5976,11483.244444444445,5533.787444444444
5977,10767.636,5555.7372000000005
5978,10548.985,5543.8225
5979,11432.806666666665,5560.981333333333
5980,11261.189999999999,5545.136
5981,11694.815,5582.380722222222
5982,11787.930625,5546.738
5983,11843.344166666668,5560.941833333333
5984,11641.20125,5588.8005
5985,10321.981764705883,5592.291823529412
5986,10200.892083333334,5571.167375
5987,10879.926,5563.7202
5988,10964.8,5574.509599999999
5989,11541.188888888888,5585.143555555555
5990,11895.432592592593,5598.403592592593
5991,10569.002068965518,5592.332206896552
5992,11759.75625,5606.5555
5993,11187.871666666666,5586.957333333333
5994,10488.519642857142,5618.300678571429
5995,11498.1325,5638.264666666667
5996,11034.387142857142,5585.617
5997,10867.125625,5631.0560625
5998,11835.32,5615.050066666667
5999,10675.633125,5608.841125
6000,10961.630588235294,5637.443764705882
6001,11585.403333333334,5637.736666666667
6002,10746.074375,5617.36725
6003,10167.43448275862,5660.9309310344825
6004,10810.662083333335,5650.063208333333
6005,11128.723333333333,5657.375444444445
6006,11773.992222222221,5658.097888888889
6007,10014.919473684211,5672.135894736842
6009,11618.83388888889,5683.272944444445
6010,11546.897368421052,5688.654263157895
6011,10088.621612903227,5702.332
6012,11846.061578947369,5692.434105263157
6013,11190.809285714286,5695.316714285714
6014,10681.7228,5716.47808
6015,11925.854545454546,5717.71809090909
6016,11467.822857142857,5721.759
6017,11726.252307692308,5713.6775384615385
6018,11404.221666666666,5705.921666666666
6019,10790.725172413793,5729.9237241379315
6020,10470.455454545454,5717.859045454546
6021,10890.674545454545,5728.884515151515
6022,11146.8,5747.984
6023,11772.91888888889,5744.346888888889
6024,10216.116,5738.7458
6026,10291.561428571427,5731.171714285714
6027,11630.296315789474,5750.112842105264
6028,11329.9025,5767.099
6029,10606.143913043477,5774.080869565217
6030,11713.949,5766.9139000000005
6031,11244.8,5773.062888888889
6032,11814.154999999999,5773.2455
6033,11047.925,5759.181888888889
6034,11423.484,5774.2836
6035,10143.205416666666,5778.606458333333
6036,10362.347894736842,5765.7046842105265
6037,11143.078823529411,5789.618941176471
6038,10958.723125,5800.893875
6039,11363.050000000001,5815.510333333333
6040,11808.956666666665,5826.677
6041,11867.843333333332,5810.262
6042,10060.3256,5812.540599999999
6043,11295.198333333334,5841.210708333333
6044,10865.5012,5803.0181999999995
6045,11067.888333333334,5827.769833333333
6046,11682.914444444445,5825.291222222222
6047,10733.591333333334,5815.188933333334
6048,11740.277272727273,5814.537454545455
6049,11783.963333333333,5845.465499999999
6050,11438.905555555555,5854.891111111112
6051,10804.716428571428,5838.127571428572
6052,10225.5865625,5830.7335
6053,11545.566666666668,5838.3154
6055,11136.3175,5847.393125
6056,11954.443888888889,5836.332055555556
6057,11196.750625,5843.7349375
6058,10502.648461538462,5851.525
6059,11636.065,5852.170642857142
6060,10317.869285714287,5833.535357142857
6061,10436.491666666667,5869.962416666666
6062,10634.406538461539,5855.419384615385
6063,10565.472222222223,5870.104611111111
6064,11091.28,5880.10905
6066,10811.199999999999,5904.982772727272
6067,11373.742142857143,5918.239714285714
6068,11200.58,5902.107416666667
6069,10922.136153846153,5893.150307692307
6070,10291.562,5903.0264
6071,10506.015,5930.382375
6072,10190.726363636364,5947.667272727273
6073,11139.334545454545,5932.404727272727
6074,11900.558333333332,5923.875055555556
6075,10089.76688888889,5905.991888888889
6076,10688.507894736842,5931.574894736842
6077,10257.396,5959.869000000001
6078,11556.333076923076,5948.812461538462
6079,10000.757,5948.502846153846
6080,11655.794444444444,5930.203111111111
6081,11252.240714285714,5960.545571428572
6082,11483.579000000002,5973.389
6083,11622.80105263158,5991.790894736842
6084,10857.835000000001,5981.06665
6085,13940.839166666667,5369.866
6086,13873.105,5372.462375
6090,12188.7275,5408.5735
6092,13748.865238095237,5446.007666666666
6093,13933.66142857143,5427.961095238095
6095,13654.89,5428.234
6098,12168.102,5439.0926
6102,13833.074375,5450.41990625
6103,12042.043157894737,5457.229105263158
6104,13664.869999999999,5466.314
6106,12584.886666666667,5477.120666666667
6107,12406.45375,5481.9725625
6109,13434.89,5482.4252
6110,13960.72642857143,5497.934214285714
6111,12670.435000000001,5485.76
6113,12116.139375,5511.57325
6117,12483.325384615386,5499.396230769231
6118,12731.831666666665,5511.158666666666
6119,13721.980000000001,5530.685
6122,13649.331363636362,5529.942545454545
6124,12605.991333333333,5535.330733333333
6126,13799.707692307693,5532.665999999999
6127,12338.943333333335,5499.597
6129,13887.461481481483,5513.356518518518
6134,12216.295555555556,5511.558166666667
6136,13316.391666666668,5556.067166666667
6137,13745.08,5568.588071428571
6138,12439.488181818182,5554.9894545454545
6139,12268.68,5548.5646
6141,12605.994,5582.0635999999995
6143,12323.116,5586.4047
6145,12571.1125,5608.428875
6146,13694.586875,5584.664625
6147,11972.646785714285,5548.676464285714
6148,12375.238000000001,5607.648266666667
6150,12110.670555555556,5593.577722222222
6151,13851.419285714286,5582.0392142857145
6152,12286.2625,5602.0545
6153,13903.676071428572,5614.03475
6156,12460.701111111111,5637.421444444444
6157,12636.03,5642.991000000001
6158,13798.238666666666,5619.235866666667
6159,12233.842,5653.069799999999
6160,12523.65818181818,5622.646272727273
6162,13969.648125,5643.0576875
6163,13670.925,5654.503
6165,12121.973333333333,5654.045666666668
6168,11947.8225,5644.351875
6169,12409.011666666667,5670.24975
6170,13820.535000000002,5663.443333333334
6172,13263.456666666667,5671.466333333334
6173,12055.457142857142,5660.546357142857
6174,13744.450666666668,5664.3824
6175,12266.380588235294,5695.195352941177
6176,12816.545,5672.1720000000005
6178,12321.261333333332,5677.3854
6179,13582.836666666668,5694.141666666666
6180,12547.573999999999,5689.939866666667
6183,12160.836153846154,5718.481384615385
6184,12770.183333333334,5703.847000000001
6186,13820.675625,5728.8168125
6187,13894.824999999999,5706.399375
6188,12476.215000000002,5715.523166666667
6189,13721.673999999999,5706.578100000001
6190,12025.543333333333,5711.459555555555
6192,12087.77846153846,5737.704230769231
6193,12628.08,5699.41
6194,12866.69,5750.356666666667
6197,12827.165,5773.664000000001
6198,12319.054666666667,5745.896733333333
6199,12714.233333333335,5710.55
6200,12958.288,5747.372
6201,12670.595000000001,5724.1305
6202,13941.071875,5753.459625
6203,12417.168461538462,5765.806846153846
6204,12516.351666666667,5751.744166666666
6205,13021.3,5734.994
6206,12038.871428571429,5765.077428571429
6207,12565.672222222223,5783.002333333334
6208,12175.473333333333,5780.9344
6209,13660.482,5761.136466666667
6210,12676.853333333333,5803.147333333333
6211,12791.573999999999,5799.0574
6213,13753.019999999999,5780.6645
6215,12506.348823529412,5811.966176470589
6216,13945.07,5809.65825
6217,12747.04,5818.147125
6219,12046.605,5821.543
6221,13700.8225,5809.7625
6222,13341.909999999998,5819.754333333333
6225,12310.608,5817.8877999999995
6226,12900.966666666667,5838.8966666666665
6227,13806.195882352942,5832.964235294118
6229,12853.812,5835.6488
6230,12500.152,5857.0472
6231,12576.1525,5854.805
6232,12651.429473684211,5862.7187368421055
6234,12120.132727272727,5850.643181818182
6236,13746.9125,5871.05725
6238,12006.580800000002,5871.982120000001
6240,12828.022142857142,5901.803999999999
6241,12448.729000000001,5889.8648
6243,13944.5728,5880.65768
6244,12153.524545454544,5896.9118181818185
6245,12277.885294117648,5898.297411764705
6246,13881.286666666667,5896.193666666666
6248,13833.188181818183,5908.993818181818
6249,12397.933333333334,5913.351
6250,13537.76,5917.75
6251,12713.079130434782,5904.390608695652
6253,13659.446666666665,5919.144
6254,12055.939333333334,5916.622466666667
6255,12513.164705882353,5938.531705882353
6258,12112.25,5930.374
6259,12218.136666666665,5963.7095
6260,12586.904583333335,5945.468666666667
6261,12664.653529411764,5957.198764705882
6262,13908.61888888889,5961.381888888889
6263,12444.026000000002,5973.532066666667
6264,12115.522380952381,5982.611095238095
6266,15882.132307692307,4901.717153846154
6267,15955.930689655172,4903.312275862069
6268,15797.360294117647,4918.984441176471
6269,15589.59125,4935.2676875
6270,15912.34125,4961.3834375
6271,15629.217307692308,4962.213653846154
6272,15706.248888888887,4980.678407407408
6273,15391.382222222222,5007.871222222222
6274,15274.698,5005.845933333333
6275,15503.915714285715,5004.624642857142
6276,15794.19125,5010.4331875
6277,15864.494666666667,5007.351
6278,15933.483846153847,5009.880692307693
6279,15566.968214285715,5016.610071428571
6280,15348.520400000001,5024.44836
6281,15422.647647058824,5044.000411764706
6282,15638.24,5029.78025
6283,15979.460666666668,5041.938866666666
6284,15192.688571428573,5047.985000000001
6285,15128.736363636364,5046.327181818182
6286,15699.744285714287,5044.5955
6287,14889.763529411764,5058.341176470589
6288,14998.494,5056.972533333334
6289,15248.768333333333,5096.667625
6290,15771.759090909092,5089.5746818181815
6291,15979.295555555556,5092.361555555555
6292,15912.5,5075.220125
6293,14543.373684210525,5066.539105263158
6294,15524.548846153846,5076.316346153846
6295,15332.902499999998,5096.789791666667
6296,15841.108181818183,5101.461454545454
6298,14882.356,5115.9536
6299,15603.214999999998,5094.011136363636
6300,14652.198235294118,5087.121676470588
6301,15039.768148148149,5108.226148148148
6302,15170.8805,5115.14965
6303,14311.569523809525,5099.353285714286
6304,15706.150555555556,5104.481111111111
6305,14400.683333333334,5087.711166666667
6306,15437.88318181818,5110.6253636363635
6307,14241.902941176471,5123.311235294117
6308,15102.863846153847,5115.918538461539
6309,14738.774,5095.521233333333
6310,14585.166666666666,5131.867703703703
6311,14825.445000000002,5104.6311000000005
6312,15950.674285714285,5128.085
6313,14502.65043478261,5115.353956521739
6314,14953.131379310345,5134.182620689655
6315,15548.271999999999,5137.817066666667
6316,15688.363529411765,5165.835058823529
6317,15472.831818181818,5166.121090909091
6318,14761.682222222224,5161.117611111111
6319,15629.04,5149.306380952381
6320,14814.608000000002,5171.9188
6321,15353.443513513514,5154.951810810811
6322,15749.225769230768,5168.042
6323,14458.87512195122,5170.7183170731705
6324,14276.313529411764,5156.653764705882
6325,14359.717142857144,5160.7847142857145
6326,15176.15,5174.414066666666
6327,15554.773181818182,5201.903681818181
6328,14713.496363636363,5189.975272727273
6329,15082.781428571428,5179.3700714285715
6330,15812.615625,5178.6033125
6331,15933.111538461539,5192.239192307693
6332,15874.587391304349,5176.58004347826
6334,14636.862500000001,5185.001583333334
6335,15404.534615384617,5194.597346153846
6336,14921.057692307691,5191.954269230769
6337,14285.07,5208.838846153846
6338,15267.7525,5178.2255000000005
6339,14860.406923076924,5201.781538461539
6340,15021.964,5214.44996
6341,15328.015,5219.136916666666
6342,14186.36393939394,5204.103121212121
6343,14546.87448275862,5210.273655172414
6344,14104.275833333333,5222.3054999999995
6345,15210.298333333332,5237.523166666667
6346,15112.469545454545,5231.586818181819
6347,14810.48625,5244.772208333333
6348,15479.033333333333,5231.491599999999
6349,14348.764090909091,5245.988181818182
6350,14611.985,5238.719666666667
6351,15656.236071428571,5251.761107142856
6352,14437.524210526317,5243.20447368421
6353,15815.558928571429,5260.774107142856
6354,15408.359411764704,5260.097411764706
6355,14238.120833333334,5245.257083333333
6356,15269.297272727272,5245.211545454546
6357,14679.511666666667,5270.963291666667
6358,14117.21157894737,5267.206
6359,14959.8475,5261.780375
6360,15302.273333333333,5270.4560833333335
6361,14065.530833333332,5286.512916666667
6362,14602.21625,5289.031
6363,15228.91076923077,5284.828461538462
6364,14880.245714285713,5273.993142857143
6365,14194.11,5269.323666666667
6366,15147.796428571428,5288.712071428571
6367,15021.065714285714,5270.121
6368,14290.251818181818,5283.107272727273
6369,15344.079999999998,5302.1592
6370,14526.61625,5305.54328125
6371,14926.953333333333,5294.340666666667
6372,14384.281875,5298.569375
6373,14763.871212121212,5284.881818181819
6374,14444.635714285714,5307.081142857142
6375,14969.134,5312.0262
6376,14162.168333333333,5315.035
6377,13995.978823529413,5335.518352941177
6378,15482.996875,5325.515375
6379,15642.7215,5322.6932
6380,15070.695555555556,5351.259185185185
6381,15394.344545454545,5336.788727272728
6382,15011.306153846155,5327.275307692307
6383,14239.376363636362,5349.508954545455
6384,14291.665652173913,5358.091782608696
6385,15219.142666666668,5335.653399999999
6386,14904.154,5346.415
6387,15569.916875,5335.785
6388,14369.920000000002,5350.6172
6389,15285.00375,5345.554125
6390,14952.385714285714,5353.770285714286
6391,14630.377499999999,5350.74205
6392,14801.475,5364.7936875
6393,14497.29294117647,5367.230117647058
6394,14117.211333333335,5356.2952
6395,14057.666153846154,5371.013461538461
6396,14733.71125,5364.941416666667
6397,14420.555,5379.609333333333
6398,15243.068888888889,5397.346222222222
6399,15143.08846153846,5366.4818076923075
6401,14977.807857142858,5393.999357142857
6403,15197.788235294118,5418.1302352941175
6404,14884.847857142857,5403.499857142857
6405,15546.396666666667,5393.262733333333
6406,14679.162592592593,5406.53225925926
6407,15315.667222222222,5407.856555555556
6408,14208.286363636364,5393.152727272727
6409,14356.497826086958,5409.8893913043485
6410,14604.676842105262,5412.013157894737
6411,15755.546666666667,5404.470583333333
6412,15948.225833333332,5402.071416666667
6413,15610.808888888889,5404.008444444445
6414,14544.834166666667,5409.550833333334
6415,14313.011428571428,5441.377928571428
6416,14791.373684210525,5438.356578947368
6417,15992.762352941178,5435.3719411764705
6418,14414.187058823529,5439.702470588235
6419,14482.503333333334,5424.498666666666
6420,14039.239166666666,5464.809375
6421,14856.789999999999,5428.308999999999
6422,15411.658,5433.86405
6423,15840.063076923077,5431.475730769231
6424,15561.281428571428,5466.227428571428
6425,15266.739999999998,5441.042090909091
6426,14125.91,5450.1002499999995
6427,14237.086818181817,5464.221045454546
6428,14192.422,5465.2432
6429,15456.352857142858,5462.230785714286
6430,15322.64875,5466.320625
6431,15732.648235294118,5470.221647058824
6432,14423.927777777779,5487.579444444445
6433,14489.338,5479.4358999999995
6434,14664.017857142857,5494.170285714286
6435,15368.078,5493.062400000001
6436,14271.042631578946,5520.793421052632
6437,15252.90875,5505.5896250000005
6438,15507.066470588235,5523.809176470588
6439,15930.532000000001,5526.1872
6440,14368.314999999999,5524.145333333333
6441,15379.488125,5538.6743125
6442,14152.935625,5531.15071875
6443,14601.5004,5526.46096
6444,14423.545999999998,5535.634
6445,14528.7475,5543.683214285715
6446,15737.189285714285,5537.220928571428
6447,15552.10375,5545.107
6448,14032.031333333334,5558.218599999999
6450,15473.465555555556,5560.591777777778
6451,15660.604375,5557.573375
6452,14473.489375,5574.6585000000005
6453,15704.586923076924,5582.394923076923
6454,15550.253333333334,5577.379333333333
6455,14328.17,5580.849916666666
6456,15618.805,5565.46575
6457,14377.735882352941,5624.963235294118
6458,15883.710000000001,5584.412461538461
6459,15834.37,5602.667090909091
6460,14109.649,5586.1603000000005
6461,13980.060370370371,5578.359518518519
6462,14250.905714285715,5600.093952380952
6463,15951.736923076924,5618.538615384615
6464,14181.31875,5615.607375
6465,14072.1,5645.35088
6466,14243.01923076923,5679.817615384615
6467,14166.455555555556,5687.512055555556
6468,14017.556875,5697.1775
6469,14384.009999999998,5710.815956521738
6470,14129.875,5727.835857142857
6471,14063.561851851851,5748.994555555556
6472,14326.91142857143,5753.889928571429
6473,14184.233333333334,5764.3588666666665
6474,14054.43,5801.658666666666
6475,14150.573999999999,5823.393
6476,14111.635999999999,5826.401
6477,14256.708478260869,5840.923304347826
6478,14028.22230769231,5858.265538461539
6479,14054.663333333334,5927.2752666666665
6480,13996.244999999999,5940.476857142858
6481,17451.257307692307,4005.2470769230767
6482,17540.56172413793,4003.335
6483,17919.553829787234,3979.87585106383
6484,17770.763333333336,3965.5430238095237
6485,17927.753636363635,4048.2580000000003
6486,17211.162962962964,4049.938481481481
6487,17693.50814814815,4044.165259259259
6488,17754.94875,4065.365625
6489,17556.35761904762,4081.7379047619047
6491,17284.241071428572,4074.766464285714
6492,17346.951351351352,4089.228351351351
6493,17668.47347826087,4107.857913043478
6494,17441.022857142856,4104.245142857143
6495,17146.17375,4077.638125
6496,17207.632857142857,4103.207285714286
6497,17851.9635,4116.8871500000005
6498,17896.373846153845,4162.975230769231
6499,17219.097142857143,4159.214999999999
6500,17290.796785714287,4160.939607142857
6501,17761.00181818182,4161.947272727272
6502,17956.26235294118,4154.7364705882355
6503,17614.045,4175.483846153847
6504,17460.007727272725,4185.628954545455
6505,17197.72625,4213.93175
6506,17936.684,4213.136066666667
6507,17365.006071428572,4229.065250000001
6508,17141.085,4246.3478749999995
6509,17979.1990625,4256.46328125
6510,17464.886,4240.5248
6511,17560.730499999998,4234.7132
6512,17824.448571428573,4259.260857142857
6513,17243.7975,4277.924
6514,17673.173076923078,4271.889538461538
6515,17341.766785714284,4299.699678571428
6516,17158.395714285714,4313.353642857143
6518,17534.75888888889,4307.8495555555555
6519,17617.237222222222,4321.413333333334
6520,17731.82,4304.901352941177
6521,17699.22,4358.148125
6522,16561.5075,4379.761
6523,17975.553076923075,4346.806384615385
6524,17808.224666666665,4386.248733333333
6525,17921.969999999998,4386.927500000001
6526,17272.98105263158,4378.868263157895
6527,17411.953,4366.257250000001
6528,17476.680625,4388.691625
6529,17558.45,4395.306052631579
6530,17753.962173913045,4405.773086956522
6531,17945.860666666667,4417.248533333333
6532,17315.502857142856,4431.569714285714
6533,17645.576153846152,4416.495923076923
6534,17518.893846153846,4443.948923076923
6535,17386.47,4461.66
6536,17763.398947368423,4460.468684210527
6537,17918.11842105263,4473.067210526316
6538,17585.666923076926,4478.617423076923
6539,17441.968421052632,4460.632684210526
6540,17485.212222222224,4525.458777777778
6541,17730.02888888889,4505.861777777778
6542,17688.035625,4539.8481249999995
6544,17831.632727272725,4581.951318181818
6545,17911.5508,4570.025360000001
6546,17602.114999999998,4596.782214285714
6547,17490.833529411764,4623.53394117647
6548,17705.2825,4627.86575
6549,17896.459333333336,4645.1938666666665
6550,17451.589473684213,4677.450631578948
6551,17559.106666666667,4680.472555555555
6552,17868.9075,4690.628416666666
6554,17015.742,4683.6031
6555,17276.11264705882,4705.678205882353
6556,17145.853333333333,4707.909500000001
6557,17378.007307692307,4709.259230769231
6558,17084.548823529414,4701.994294117648
6559,17758.829583333332,4742.623791666666
6560,17838.754545454543,4742.307181818182
6561,17203.37,4748.305625
6562,17508.765882352942,4750.133176470588
6563,17044.643333333333,4763.830333333333
6564,17433.52411764706,4774.494529411765
6565,16948.240999999998,4768.817633333334
6566,17285.437894736842,4791.287157894737
6567,16603.6264,4801.6893199999995
6568,16693.96037037037,4803.038777777778
6569,17709.274210526317,4792.254842105263
6570,17803.78894736842,4817.221157894737
6571,17377.604,4818.972266666667
6572,16814.023076923077,4816.545846153846
6573,17045.333333333332,4823.808
6574,17278.90117647059,4846.204
6575,16741.943333333333,4853.951566666667
6576,16050.615161290323,4855.85
6577,17742.205,4860.41285
6578,16267.981666666667,4854.6645
6579,17510.20923076923,4868.046346153847
6580,16324.967499999999,4861.258125
6581,17662.374347826088,4874.216913043479
6582,16933.427826086954,4867.411999999999
6583,16561.713333333333,4879.765805555555
6584,16628.21730769231,4878.628769230769
6585,17249.142499999998,4887.657
6586,16452.412173913042,4895.235869565217
6587,16866.09357142857,4865.764571428571
6588,17440.84193548387,4902.618161290323
6589,16503.561538461538,4892.708
6590,17122.00814814815,4884.361074074074
6591,16410.745000000003,4918.13675
6592,16185.434186046512,4879.657093023256
6593,16356.082,4908.434
6594,17228.515,4920.816625
6595,16271.819696969698,4924.700303030303
6596,16970.18157894737,4933.422368421052
6597,16082.807837837838,4920.940918918919
6598,16676.08111111111,4931.100296296297
6599,17640.30789473684,4944.4597368421055
6600,16005.381428571429,4964.692071428572
6601,16785.94230769231,4935.746038461539
6602,16882.70135135135,4950.228378378379
6603,17504.783000000003,4957.2411999999995
6604,16214.039333333332,4959.4516
6605,16606.338333333333,4965.5245
6606,17026.66866666667,4974.102266666667
6607,17179.3825,4966.295083333333
6608,16133.077307692309,4959.392692307692
6609,17103.184615384616,4991.288692307692
6610,17359.7112,4971.57788
6611,17248.843846153846,4989.639461538462
6612,17444.946,4983.92968
6613,16057.823125,4999.1304375
6614,16424.779047619046,4972.339714285714
6615,16741.268181818185,4999.207363636363
6616,16674.651904761904,5003.589761904762
6617,16295.763055555555,5007.403305555556
6618,16495.166315789476,5019.4023157894735
6619,16414.561250000002,5040.071
6620,16796.01931034483,5031.814275862069
6621,16180.884814814815,5025.906407407408
6622,16886.816666666666,5022.105222222222
6624,16613.85159090909,5051.807568181818
6625,17516.34357142857,5060.205499999999
6626,17448.20388888889,5065.8544999999995
6627,16110.398947368421,5066.186526315789
6628,17353.685588235297,5088.598294117647
6629,16340.5108,5083.530119999999
6630,16722.187647058825,5077.03094117647
6631,16249.576086956522,5082.1721739130435
6632,17172.751333333334,5097.411066666667
6633,16176.00894736842,5111.590789473685
6634,16906.16,5117.364705882353
6635,16674.566521739132,5117.5381739130435
6636,16423.329411764706,5108.6810000000005
6637,17071.63466666667,5130.538333333333
6638,16129.565999999999,5152.455333333333
6639,16995.25259259259,5144.136111111111
6640,16599.55,5162.652060606061
6641,16773.9575,5146.607535714285
6642,16465.530000000002,5164.568230769231
6643,16347.145862068965,5181.881448275863
6644,16026.614482758621,5162.400620689655
6645,16864.59733333333,5163.1052666666665
6646,17347.35583333333,5193.058111111111
6647,17215.682083333333,5196.796541666667
6648,16742.805,5205.284
6650,16883.390833333335,5235.006333333334
6651,16183.6168,5249.66576
6652,17201.695263157897,5279.843894736842
6653,16727.94,5271.8422
6654,16801.58,5247.937894736842
6655,16683.171666666665,5267.586333333334
6656,16996.106842105266,5275.495789473684
6657,17062.692727272726,5266.212363636364
6658,16876.00090909091,5293.592954545455
6659,16089.147272727272,5297.053727272727
6660,16794.45,5303.699363636363
6661,16407.4108,5296.82576
6662,16634.260384615387,5328.394269230769
6663,17066.969999999998,5326.694571428571
6664,16279.0095,5311.60315
6665,16937.57789473684,5336.513210526316
6666,16537.7515625,5317.8824375
6667,16201.76794117647,5339.614088235294
6668,17114.436470588233,5320.114764705882
6669,16341.235,5330.057699999999
6670,16415.703333333335,5371.968
6671,16728.851052631577,5346.377421052632
6672,16792.356315789475,5361.933684210527
6674,16578.642083333332,5388.38425
6675,16843.697083333333,5390.512166666666
6676,16310.6425,5403.16675
6677,16164.52947368421,5410.983157894737
6678,16767.845,5421.525250000001
6679,16709.4765,5441.5409
6680,16375.589583333334,5438.859583333334
6681,16566.21580645161,5470.806806451613
6682,16174.0775,5481.731666666667
6683,16625.975454545456,5468.272636363636
6684,16501.4875,5482.744041666666
6685,16435.221818181817,5479.649363636364
6686,16683.460000000003,5488.922166666667
6687,16637.891111111112,5517.720777777778
6688,16571.955,5523.94225
6689,16395.82,5546.119307692307
6690,16441.671000000002,5543.3514000000005
6691,16490.394545454546,5540.513
6692,16162.405,5560.534875
6693,16500.140625,5563.9369375
6694,16423.366875,5598.4345625
6695,16011.82142857143,5624.296285714286
6696,16071.519333333334,5612.633533333333
6697,16161.972352941179,5634.129882352941
6698,16077.320714285714,5664.570571428571
6699,16360.4144,5638.47808
6700,16245.323076923078,5642.155192307692
6702,911.7785387096774,7683.4239032258065
6703,1051.5938823529414,7694.917647058824
6704,1097.6625000000001,7731.083833333333
6705,697.1102785714286,7800.301071428571
6706,1153.8560476190476,7798.882476190476
6707,943.636648,7816.8632
6708,1224.7252307692308,7798.419807692308
6709,870.983551724138,7848.565413793103
6710,768.6839571428571,7857.206214285715
6711,1107.961193548387,7856.255516129032
6712,675.5414333333333,7877.936638888888
6713,1277.6913243243243,7880.0031351351345
6714,972.9173157894737,7897.34752631579
6715,1164.574411764706,7891.901470588236
6716,1041.6525939393941,7890.368242424242
6717,1336.22834375,7937.83703125
6718,1126.0393749999998,7931.368875
6719,552.47856875,7913.76525
6720,832.5072435897437,7952.434153846153
6721,1053.8513333333333,7967.704119047618
6722,1214.5848799999999,7945.33
6723,1914.5828461538463,7954.620538461538
6724,909.2639588235295,7969.847029411765
6725,2703.2416153846157,6006.4400000000005
6726,2992.008638888889,5997.347027777778
6727,3412.706727272727,6006.378590909091
6728,3540.2964074074075,5993.940259259259
6729,3287.531805555556,5979.120777777778
6730,2772.973,5990.684076923077
6731,3102.762222222222,5991.808888888889
6732,2784.278413793103,6053.887931034483
6733,3608.4860476190474,6035.141761904762
6734,3244.842818181818,6036.723727272727
6735,3370.12075,6051.544416666667
6736,3710.190263157895,6042.3336315789475
6737,3029.41565,6057.00345
6738,3151.458666666667,6056.616999999999
6739,2693.498617647059,6065.353676470588
6740,3521.4539999999997,6075.626954545455
6741,2907.60945,6059.5614000000005
6742,2966.8290833333335,6068.366416666667
6743,2860.9884333333334,6024.1119
6744,3102.0478461538464,6079.8125
6745,3651.4442222222224,6079.915555555555
6746,3844.0923333333335,6073.281999999999
6747,3241.385090909091,6080.493636363636
6748,3183.63275,6111.929499999999
6749,3301.3841,6089.7928999999995
6750,2910.296083333333,6116.813166666667
6751,3002.5629375,6107.3254375
6752,3790.7926666666667,6110.8009999999995
6753,2843.2757500000002,6127.531333333333
6754,3234.8254347826087,6150.259608695652
6755,3052.7940625,6137.697062499999
6756,3616.9016666666666,6141.678
6757,2976.5514285714285,6160.592857142858
6758,3325.0681538461536,6146.640923076922
6759,3124.9909545454548,6168.5327727272725
6760,2595.629476190476,6159.807714285715
6761,2768.2498695652175,6163.471869565217
6762,3486.5466,6154.28415
6763,2858.5697142857143,6188.625928571429
6764,2542.7234583333334,6181.373666666666
6765,2917.6881875,6193.6114375
6767,2665.5865384615386,6190.74264102564
6768,3365.453038461538,6201.938307692308
6769,3482.0135384615382,6212.037538461538
6770,3064.8595333333333,6213.410733333333
6771,3268.8295555555555,6204.985111111111
6772,3651.7842000000005,6229.929
6773,3722.3546666666666,6200.236
6774,3224.77945,6244.215099999999
6775,3791.69275,6276.27775
6776,3115.4685625,6242.6086875
6777,3308.7915000000003,6251.2685
6778,2741.294,6242.726
6779,2535.1631578947367,6254.085842105263
6781,3030.550409090909,6279.558227272727
6782,3184.550117647059,6267.543882352941
6783,2671.488066666667,6274.876111111111
6784,3661.4247000000005,6282.885700000001
6785,2595.943875,6269.38390625
6786,3446.569214285714,6278.606285714285
6787,3566.475470588235,6271.387588235295
6788,2943.851921052632,6282.632342105263
6789,3701.3626666666664,6298.742666666668
6790,2780.4999583333333,6307.246416666666
6791,3508.826125,6283.299625
6792,3132.181666666667,6320.612074074074
6793,3273.9069230769232,6310.810269230769
6795,3471.121333333333,6333.303666666667
6796,3530.2174999999997,6353.84
6797,3322.3851999999997,6353.1194
6798,2920.0101750000003,6364.704275
6799,3048.2427333333335,6400.227199999999
6800,2548.5497647058824,6376.388352941176
6801,3277.317285714286,6397.912857142857
6802,3141.461541666667,6421.875625000001
6803,2708.7134242424245,6439.863424242424
6804,3284.263307692308,6445.8730000000005
6805,2858.4094999999998,6443.160941176471
6806,2559.720923076923,6472.746923076924
6809,3253.2409333333335,6493.2982
6810,3196.8940000000002,6476.909541666667
6812,3007.40525,6505.269875
6813,3343.4343846153843,6511.681769230769
6814,3473.4680000000003,6510.565571428572
6816,2799.3894705882353,6517.950764705883
6817,3100.77985,6540.107099999999
6818,3565.2745555555557,6557.262
6819,3614.9223333333334,6567.812666666668
6821,3292.0767647058824,6566.203529411765
6822,2805.6027647058827,6584.837529411765
6823,2946.8984375,6569.1271875
6824,3534.0603333333333,6598.752333333333
6825,3352.4980666666665,6577.528333333334
6826,2876.943294117647,6576.9681176470585
6827,2658.456882352941,6586.621823529412
6828,3212.38744,6589.537240000001
6829,3418.440583333333,6606.5223750000005
6830,3602.765142857143,6623.655571428571
6831,2919.3451764705883,6627.989176470589
6832,3028.8100624999997,6597.7849375
6833,2570.16834375,6615.07115625
6834,2847.1354117647056,6642.078941176471
6835,3087.8822499999997,6648.2386
6836,3316.901652173913,6636.435913043479
6837,2982.1397916666665,6652.700666666667
6838,2741.554705882353,6662.620647058823
6839,3165.5754285714283,6667.813499999999
6840,3474.2537,6667.6489
6841,3299.619157894737,6689.73252631579
6842,2564.765357142857,6677.225642857143
6843,2809.907904761905,6694.014523809524
6844,3235.695125,6701.30825
6845,2690.0024594594593,6703.967432432432
6846,2869.446294117647,6711.114117647059
6847,2981.297705882353,6716.416941176471
6848,2549.5418,6754.6106
6849,3523.8546470588235,6721.694235294118
6850,2906.16725,6748.671249999999
6851,2822.8159,6741.6206
6852,3443.399285714286,6735.447
6853,3750.3751666666667,6767.990083333333
6854,3804.2544117647058,6748.613882352941
6855,3067.872714285714,6747.622571428571
6856,3597.2769583333334,6771.320833333334
6857,2728.8191578947367,6781.813157894737
6858,2783.3128333333334,6797.0385
6859,3149.139,6771.676444444445
6860,3099.344916666667,6812.016333333333
6861,3405.7210625,6808.77815625
6862,2856.5138,6796.64416
6863,2932.7773846153846,6803.010153846154
6864,2985.4795,6818.56325
6865,3333.4167,6799.5986
6866,3686.7372941176473,6798.845058823529
6867,3522.502266666667,6815.715733333333
6868,3460.030846153846,6842.176692307693
6869,3039.767,6827.282611111111
6870,2482.5244,6830.6032000000005
6871,2543.5389,6819.7361
6872,3636.3705999999997,6834.8224
6873,2599.138875,6865.991958333333
6874,3250.9348,6849.672500000001
6875,3819.61775,6873.811000000001
6876,3893.0528,6863.3658
6877,2866.3958666666667,6883.011355555555
6878,2467.6461304347827,6878.287130434782
6879,3769.63825,6875.772125
6880,3674.903,6886.07675
6881,3582.4392068965517,6893.052793103448
6882,2402.947789473684,6887.950684210526
6883,3334.889322580645,6903.638645161291
6884,3793.245066666667,6938.2402
6885,3004.6630416666667,6918.992125
6886,3732.2013500000003,6923.4762
6887,3111.7601999999997,6911.0508
6888,3161.279227272727,6951.528863636364
6889,3455.807,6926.706325000001
6890,2457.676941176471,6926.631117647058
6891,3224.9519411764704,6949.546529411765
6892,3642.1134545454547,6955.974363636363
6893,3052.1190666666666,6983.5848
6894,2303.999956521739,6959.4241304347825
6895,2383.7386296296295,6971.063074074074
6896,3727.3093125,6969.7539375
6897,3571.44025,6974.7883571428565
6898,2695.716923076923,6974.863461538462
6899,3295.1944615384614,6977.62023076923
6900,3341.7295625,6983.17275
6901,2501.974939393939,6998.618151515152
6902,3773.1048461538458,7009.337076923077
6903,2302.337636363636,7013.544545454546
6904,3892.6625,7006.27275
6905,3415.0958750000004,7008.769208333334
6906,3664.0438095238096,7029.599619047619
6907,3989.971148148148,7018.665
6908,3819.8021,7021.3228
6909,2719.740473684211,7048.972473684211
6910,2864.6583333333333,7030.397333333333
6911,3595.3744285714283,7041.9959285714285
6912,2799.8462903225804,7061.009516129033
6913,2909.401851851852,7050.181148148148
6914,3728.137590909091,7052.735909090909
6915,2251.5567826086954,7041.968565217391
6916,3475.1180967741934,7077.71
6917,2962.2209583333333,7079.036541666667
6918,3381.0997894736843,7079.151000000001
6919,3277.464575757576,7075.354121212122
6920,3757.8707999999997,7095.6946
6921,3343.641842105263,7111.60305263158
6922,3700.7376363636363,7110.955000000001
6923,3822.970576923077,7102.54873076923
6924,2290.945897435897,7110.069897435898
6925,3582.5476190476193,7108.2389523809525
6926,2895.8629,7120.9478
6927,2612.8206666666665,7104.9505
6928,3662.478357142857,7154.891928571428
6930,2220.830375,7118.57925
6931,3491.1231500000004,7143.748
6932,2456.66,7139.86425
6933,2554.074,7109.160500000001
6934,3143.6027894736844,7145.808210526316
6935,2824.0401515151516,7160.042787878789
6936,2655.144533333333,7154.162533333333
6937,2962.433,7164.585800000001
6938,3800.942434782609,7178.294608695653
6939,2506.653375,7176.5470000000005
6940,3583.6046,7166.1053
6941,2202.028888888889,7179.645407407407
6942,2911.542875,7177.5990624999995
6943,3356.127925925926,7178.235111111111
6944,2583.113857142857,7200.600678571428
6945,3223.670533333333,7187.0738
6946,3001.5605555555553,7200.499444444445
6947,3633.3783181818185,7218.751499999999
6948,3445.54665,7216.1539
6949,3510.81325,7222.847000000001
6950,2272.058472222222,7208.222722222223
6951,2672.5574444444446,7209.595888888889
6952,2771.2357142857145,7233.76
6953,3064.365333333333,7207.851703703703
6954,3876.9055000000003,7197.536181818182
6955,2525.685575757576,7246.766151515151
6956,2945.4219999999996,7248.107571428571
6957,3927.9120000000003,7250.957514285715
6958,3735.931071428571,7220.350785714285
6959,3296.72425,7258.9215625
6960,3566.438434782609,7268.177565217391
6961,2647.7815,7264.878
6962,3421.286789473684,7285.401105263159
6963,3068.265962962963,7286.152222222223
6964,3213.8028666666664,7254.576533333334
6965,3704.078117647059,7305.798588235294
6966,3251.023,7294.224
6967,3907.254515151515,7324.498818181819
6968,2931.134375,7310.163541666666
6969,2228.565409090909,7307.886818181819
6970,2685.665052631579,7312.6466842105265
6971,3279.94275,7328.76834375
6972,3142.194526315789,7299.631157894737
6973,2606.3216,7329.069133333333
6974,2341.7241333333336,7344.244433333334
6975,3161.2774444444444,7378.492148148148
6976,2108.741,7352.191199999999
6977,2156.8880952380955,7357.200142857143
6978,2901.7270799999997,7378.36088
6979,2718.624565217391,7381.243608695652
6980,2620.8765217391306,7394.272043478261
6981,2798.451,7390.8745
6982,2526.59575,7379.45615
6983,2228.4691428571427,7392.955285714285
6984,2983.19896,7406.1514
6985,2125.3520476190474,7421.581
6986,2420.407142857143,7402.507535714286
6987,3859.934793103448,7437.655724137931
6988,3137.9694285714286,7432.135107142857
6989,2472.065947368421,7475.9631315789475
6990,2574.076842105263,7449.253263157895
6991,2219.9764615384615,7459.382128205128
6992,3087.4088571428574,7469.251952380952
6993,2699.7556190476193,7473.064
6994,2835.3193243243245,7497.048243243243
6995,2989.18375862069,7499.281068965518
6996,2380.2113142857143,7499.032742857143
6997,2767.570052631579,7493.873315789473
6998,2197.0897,7518.1962
6999,3941.679413793104,7496.980448275862
7000,2547.295076923077,7527.921692307693
7001,2680.5643684210527,7535.338263157894
7002,3078.8010555555556,7533.010666666667
7003,2755.8146818181817,7551.103318181819
7004,3755.978894736842,7530.156105263157
7005,3195.3366,7558.8969
7006,2312.374485714286,7563.425971428571
7007,2107.5972333333334,7556.4645
7008,3630.024571428571,7609.987142857143
7009,3915.103580645161,7588.533290322581
7010,2223.712777777778,7579.279944444444
7011,2626.9380882352943,7583.4232647058825
7012,3730.940066666667,7589.424866666666
7013,3194.87675,7626.751
7015,3064.7122,7606.379000000001
7016,2793.9521379310345,7639.599793103448
7017,2276.635282051282,7647.9271538461535
7018,3284.4804999999997,7630.0650000000005
7019,2372.8015625,7645.63425
7020,2932.9272,7638.00228
7022,2863.5615769230767,7681.505384615385
7023,2673.4135151515147,7690.054727272727
7024,2935.7155714285714,7710.041400000001
7025,3619.5620799999997,7699.42044
7026,2130.185724137931,7694.52675862069
7027,2448.56946875,7694.2594375
7028,2552.59324,7678.4119200000005
7029,3750.9011481481484,7688.6648888888885
7030,3551.5305,7713.541
7032,3712.496333333333,7713.405
7033,2750.0242608695653,7716.612173913043
7034,2551.49925,7738.179300000001
7037,3702.616388888889,7777.308888888889
7038,2339.7671428571425,7767.950642857142
7039,3937.4731666666667,7762.917791666667
7041,2283.5672916666667,7750.797166666667
7042,3232.1306,7777.6868
7043,2804.1688518518517,7785.049111111111
7044,2469.2897894736843,7792.096210526316
7046,2629.8739318181815,7811.261590909091
7047,3787.4649756097565,7824.01631707317
7049,2420.2214210526317,7844.299157894738
7050,2004.612425,7856.3482
7051,3968.8997600000002,7852.8369999999995
7052,3393.3663333333334,7840.586666666667
7053,3039.27175,7849.0355
7054,2287.5857575757577,7854.920818181818
7055,3672.1817222222217,7857.0164444444445
7056,2760.190703703704,7873.253259259259
7057,2704.1638000000003,7868.91872
7059,2845.0385714285712,7871.627904761905
7062,2441.0552647058826,7909.033911764705
7063,3731.6591875,7909.2096875
7064,2956.6237037037035,7893.621
7065,2082.6154074074075,7915.926703703704
7066,3903.3500476190475,7920.995619047619
7067,2548.627,7908.1026249999995
7068,2793.1225263157894,7923.376
7070,3537.9994722222223,7931.938944444445
7071,2328.5222857142858,7942.554392857143
7073,3346.46075,7936.98175
7074,3006.5548571428567,7951.101142857143
7075,2850.169342857143,7958.85737142857
7076,2712.8449411764705,7969.169882352941
7077,2380.557625,7969.42875
7078,2927.4644242424242,7972.1173030303025
7079,2136.3925555555556,7966.657444444445
7080,3383.0036,7979.7068
7082,2476.116263157895,7972.969421052631
7085,4818.027727272727,6023.264545454545
7086,4905.904,5979.737230769231
7087,5009.669347826087,5976.510565217391
7090,5100.227000000001,5961.853851851852
7092,4899.4965625,6042.751
7095,5146.529,6044.8369473684215
7097,3997.1406,6056.532
7099,5074.401380952381,6051.8018571428565
7101,4964.239130434783,6064.475217391304
7104,5176.339791666666,6093.426416666666
7105,4785.575666666667,6096.850333333333
7109,5008.687,6106.511666666666
7114,4860.623,6111.9906666666675
7116,5061.326826086956,6123.603826086956
7119,4922.075647058823,6141.49
7121,5011.113916666666,6154.67225
7123,5114.681888888888,6196.121
7124,5024.947133333333,6217.342933333333
7127,4943.8688,6226.451
7129,5088.845952380952,6249.637285714286
7130,4902.316,6252.189666666666
7132,4994.580454545455,6284.683000000001
7133,5202.8345,6256.142357142858
7134,5086.179266666667,6302.2756
7139,5246.717111111111,6324.116
7140,4917.618214285714,6327.7242857142855
7141,4985.2,6337.2115
7142,5191.3698,6334.4765
7144,5153.6511666666665,6344.64575
7149,5229.592086956522,6369.034043478261
7150,5098.67794117647,6371.148999999999
7154,5026.975636363637,6385.5270909090905
7155,5381.4113333333335,6431.120814814814
7156,5212.9929999999995,6403.733583333334
7158,5158.733272727272,6420.762363636363
7162,4946.3966,6414.8394
7163,5197.7658,6462.658
7164,5110.174499999999,6478.7402
7165,5242.108222222222,6470.023444444445
7166,4573.496999999999,6486.7970000000005
7168,4845.7515,6481.43175
7169,5942.238413793103,6481.337206896552
7172,4964.736,6494.135666666666
7173,5863.899857142857,6515.595214285714
7174,5217.227222222222,6522.376
7175,5427.285565217391,6513.008652173913
7178,4801.66275,6548.815
7180,5329.4665,6550.678318181818
7184,5087.375294117647,6548.831823529412
7185,5400.557846153847,6575.578153846154
7186,5800.166433333333,6566.770333333333
7187,5166.2642000000005,6585.7988000000005
7188,5263.845533333334,6566.750333333333
7189,5898.60385,6567.95615
7190,5566.9130000000005,6572.795368421052
7191,5614.082666666666,6572.861888888889
7192,4308.498333333333,6604.237
7193,4128.8025,6593.325000000001
7195,5697.838933333333,6577.8605333333335
7198,5499.316647058824,6582.340882352941
7199,5058.719857142857,6599.3778571428575
7202,5654.36305,6615.73045
7205,5348.2138888888885,6623.467888888888
7207,5270.9965,6626.90925
7209,5221.564052631579,6642.627473684211
7211,5856.905392857143,6625.793892857143
7213,5771.836941176471,6627.238705882353
7214,4595.866,6640.121666666666
7216,5449.6735,6644.731642857143
7218,5140.727400000001,6655.5816
7220,5571.246736842105,6668.880315789474
7221,5641.4075,6680.678916666667
7223,5332.15776923077,6681.443692307692
7225,5664.243,6691.467000000001
7226,5715.3412,6694.956233333333
7228,5435.438833333334,6704.379444444445
7229,5901.953370370371,6700.641
7232,5807.400238095238,6718.6197142857145
7233,5500.055655172414,6722.199206896552
7235,5200.407499999999,6716.545
7238,5394.112,6742.1614
7241,5860.59947368421,6756.507947368421
7242,5128.3295,6760.1705
7243,5303.5485,6756.1995
7245,5601.052352941177,6736.248411764705
7246,5751.68209090909,6774.482727272727
7249,5654.832,6765.1864545454555
7255,5957.371666666666,6795.352
7263,4314.335,6900.9062
7265,4237.903166666667,6904.792
7273,4260.55775,6963.354916666667
7278,4791.16475,7020.652
7279,4162.233344827587,7056.459517241379
7287,4080.4833333333336,7109.319708333333
7288,4608.6172,7112.335000000001
7289,4277.038424242424,7122.214
7292,3977.8732926829266,7117.299268292683
7293,4417.767666666667,7117.182
7299,4149.793264705882,7155.6804999999995
7303,4552.805,7171.91
7310,4107.659538461538,7238.971807692307
7311,5759.404,7201.6368
7315,4012.0235263157897,7221.170421052632
7316,5606.191666666667,7209.651666666668
7319,4441.8716521739125,7219.461130434783
7321,4240.31475,7254.889178571429
7322,4504.338586206896,7257.472137931035
7330,4573.724916666667,7292.585749999999
7331,4413.506238095238,7293.3140952380945
7334,4388.0016428571425,7343.426642857143
7337,4242.044777777777,7340.050722222222
7343,4017.996275862069,7317.286413793104
7344,4621.351230769231,7332.503076923078
7345,4325.555052631579,7336.387894736842
7346,4102.8274375,7331.6058125
7352,5029.6965,7412.6425
7354,4496.6555806451615,7373.207774193548
7355,4908.618583333334,7400.031416666666
7360,5510.327499999999,7380.49
7362,4048.3359600000003,7405.56924
7363,4154.614736842105,7386.127315789473
7364,4623.3174,7407.1039
7366,4299.904133333333,7417.0979
7368,4719.2754444444445,7405.752333333333
7370,4184.697862068965,7458.4918965517245
7371,4420.528583333334,7461.954583333333
7372,5459.4925,7475.075625
7373,5793.20588888889,7504.784666666667
7374,4109.7864666666665,7478.033433333333
7375,4978.754153846154,7471.722692307692
7377,5118.7064,7505.5456
7378,4033.7150588235295,7478.808
7379,4267.403583333334,7497.833416666667
7380,4796.863090909091,7494.32106060606
7381,4352.507538461538,7495.513230769231
7383,5516.6228,7512.3106
7384,4056.0594375,7529.0198125
7385,4923.731703703704,7527.278740740741
7386,5180.368666666666,7552.110666666667
7387,4078.1156111111113,7567.994722222222
7388,4493.3868999999995,7531.162300000001
7389,4421.268882352941,7547.244411764706
7390,5283.187666666667,7544.482666666667
7391,5389.418000000001,7569.669666666666
7392,4313.997,7582.1038499999995
7393,4944.896764705882,7595.549352941177
7394,4864.642208333334,7586.879916666666
7396,5071.74351724138,7592.715793103448
7397,5242.704428571429,7630.2292380952385
7398,4218.539733333333,7596.133466666667
7399,4761.5050909090905,7601.202181818182
7400,4183.1759999999995,7636.55595652174
7401,4371.9115,7622.693916666667
7403,4716.826083333333,7638.712500000001
7404,4422.613666666667,7651.065708333333
7405,4306.3553478260865,7664.301347826087
7406,4817.50095,7654.3451000000005
7407,4671.5751666666665,7637.235916666667
7408,5415.342500000001,7672.107
7409,4576.115666666667,7631.836833333334
7411,5347.071,7667.070299999999
7413,5651.631333333334,7680.547333333333
7414,4089.8940526315787,7647.220210526316
7415,4151.713949999999,7684.5341499999995
7416,4508.772472222223,7685.5439166666665
7417,5048.164347826087,7678.548086956522
7418,4016.2582333333335,7690.543166666667
7419,4751.273631578947,7701.151631578947
7420,4210.2234,7718.482166666667
7421,4617.90625,7701.18
7422,4352.2270499999995,7720.662450000001
7423,4875.192266666667,7698.3128
7425,4098.461592592593,7741.07525925926
7426,5451.6016,7719.6102
7428,4797.012434782609,7757.620000000001
7429,5148.4801333333335,7749.7083
7430,4930.547066666667,7738.6864000000005
7431,5016.269,7728.658727272727
7432,4011.529,7750.3984
7433,4449.681,7762.7565
7434,4684.774333333334,7756.377833333333
7435,4585.679545454545,7762.034
7436,4980.7687,7779.3589999999995
7437,4896.676416666666,7791.641500000001
7438,4942.6412222222225,7803.307666666667
7439,4559.69675,7786.73725
7440,5528.349428571428,7794.843714285715
7441,5339.339583333333,7778.754916666666
7442,4502.31790909091,7771.190818181818
7443,5031.8116666666665,7792.020333333333
7444,4054.748777777778,7809.483444444445
7445,4856.316,7802.748076923077
7446,5408.5050833333335,7808.97925
7447,4116.422,7823.771428571429
7448,4263.5942000000005,7828.598199999999
7449,4157.332529411765,7843.523294117647
7450,5475.552222222223,7841.407166666667
7451,5017.3622857142855,7844.9695
7452,4814.269964285714,7839.1296785714285
7453,5876.6104444444445,7840.008777777777
7454,4456.019666666667,7857.279333333333
7455,5091.3894375,7845.644875
7456,5524.704642857142,7882.010714285714
7457,4543.074666666666,7862.234333333334
7458,4935.082266666666,7850.892533333334
7459,4329.236,7869.0815555555555
7460,4751.163151515151,7873.59703030303
7461,4233.2046842105265,7893.131263157895
7462,5055.448458333333,7905.889041666666
7463,5137.78136,7905.5586
7464,5212.991035714286,7892.405357142858
7465,4590.9736875,7907.7796875
7466,4529.1317500000005,7934.13075
7467,4458.5005,7918.683333333333
7468,4389.6443125,7917.1848125
7469,4871.596074074075,7912.392851851851
7470,4929.9489,7914.42245
7471,4814.672230769231,7932.660923076924
7472,5280.870696969697,7921.661848484848
7473,5524.267277777778,7949.484333333333
7474,4690.8612,7919.38215
7475,5808.731,7932.049285714286
7476,5585.337625,7957.0621875
7477,4227.370875,7959.5688125
7478,4982.871842105264,7952.0177368421055
7479,4154.716157894737,7962.307263157894
7480,5221.743285714286,7983.79425
7481,6101.470111111111,5996.898833333334
7482,6649.288666666667,5981.875333333333
7483,7647.701888888889,5983.988444444444
7485,6230.4877,6011.0324
7487,6755.6455,5978.6535
7488,7962.1755625000005,6027.3699375
7489,7660.7788,6049.6456
7490,6405.737,6057.7226
7491,7775.603,6054.272333333333
7492,6143.804692307692,6066.677692307692
7496,7386.033,6050.361666666667
7498,7259.2065,6059.902
7499,7338.592500000001,6073.84225
7500,6287.054454545455,6062.987
7501,7810.51475,6069.375749999999
7502,7425.572,6098.6555
7503,7863.0578,6077.2982
7506,6195.794066666666,6106.2517333333335
7507,6083.625099999999,6086.4322
7508,7644.166,6078.8895
7509,7089.466571428572,6116.063
7511,7293.964333333333,6134.664444444445
7512,7590.31,6127.204666666667
7513,6801.78175,6113.7657500000005
7514,7141.401666666668,6142.699333333334
7517,7719.6515,6145.81175
7518,7946.573058823529,6157.8031176470595
7519,7551.380666666667,6160.851333333333
7520,7794.318111111111,6151.601111111111
7523,6104.6603000000005,6172.4766
7524,6421.4839375,6185.005
7525,7035.055333333333,6191.204666666667
7526,7473.626200000001,6188.6484
7529,6190.1072,6179.265399999999
7531,7751.0596428571425,6209.804857142857
7532,7071.6475,6220.092000000001
7535,6236.478,6208.8554
7536,7923.73175,6214.72675
7537,7393.834,6248.76975
7538,6140.781666666667,6228.650166666666
7539,7668.401785714285,6216.757928571429
7541,6470.871666666666,6215.622666666666
7542,6282.0960000000005,6246.344
7544,7532.073,6240.594
7545,6347.6285,6239.9535
7547,7606.575772727272,6277.561636363636
7548,6110.415333333333,6256.522000000001
7552,6421.9328000000005,6277.3294000000005
7553,7321.224714285714,6290.121
7554,7491.508333333334,6274.319333333333
7555,7808.091538461538,6273.34023076923
7556,7557.304666666667,6307.277166666667
7557,7973.1843125,6279.2143125
7558,6088.78875,6307.50925
7559,6267.570333333333,6310.185666666667
7560,7879.3726153846155,6298.778
7561,6369.341,6335.117846153847
7562,7115.478428571429,6311.789428571428
7564,7514.125333333333,6353.206333333333
7568,7832.928666666667,6359.0055
7569,6159.622842105263,6335.450947368421
7571,7952.944538461539,6346.417769230769
7575,6075.91825,6346.701875
7577,6254.449611111111,6364.638722222222
7578,7337.213500000001,6371.881833333333
7579,7909.6120625,6379.2633125
7582,6875.095285714286,6400.742428571429
7583,7090.712500000001,6408.907166666667
7584,7252.165714285715,6401.882857142858
7585,7328.012333333333,6426.694916666666
7586,6001.073117647059,6402.025000000001
7587,6422.725727272728,6418.675181818181
7589,6251.818333333334,6424.384666666666
7591,7556.077821428572,6417.318357142857
7592,6060.106166666667,6437.952333333334
7594,7826.362666666667,6408.401000000001
7596,7728.024166666667,6431.131
7597,6358.89775,6425.3435
7598,6830.157444444445,6434.288888888888
7600,7063.54825,6460.261
7601,6303.113461538462,6460.8647692307695
7602,7856.796583333333,6452.308166666667
7603,7786.378699999999,6436.995199999999
7606,6776.908666666666,6459.584333333333
7607,7948.299944444445,6459.863666666667
7608,6014.891785714286,6474.714357142858
7611,6106.437944444445,6474.799222222222
7612,7818.425266666667,6505.229
7613,6368.762428571428,6493.664
7614,7737.460923076923,6492.380538461539
7616,7643.9243125,6484.8261875
7617,7906.863571428571,6510.7601428571425
7619,7506.1848125,6485.664375
7622,6801.687666666666,6528.758000000001
7623,7460.2805,6510.8695
7625,7300.589125,6500.929
7626,7221.210666666667,6537.476111111111
7627,7354.093,6538.374428571428
7628,6879.362785714286,6481.504285714285
7629,7063.106500000001,6545.2365
7630,6944.874333333333,6537.8679999999995
7631,7418.840363636365,6555.7276363636365
7632,7588.145333333334,6545.465166666666
7633,5973.052913043479,6546.613130434783
7634,6821.695750000001,6558.256
7635,7769.898,6560.443411764706
7636,6078.303260869566,6565.644608695652
7637,7856.9735,6552.877
7639,6213.839333333333,6545.276999999999
7640,6265.705999999999,6549.544666666668
7641,6154.8984,6583.017
7642,6331.90975,6576.2525000000005
7643,6910.490375,6592.433125
7646,7189.937571428572,6596.776857142858
7647,7682.9663,6588.3357000000005
7648,6814.76225,6613.37825
7649,7856.0099,6595.9689
7650,6367.714,6609.719
7651,6977.640399999999,6606.801799999999
7652,7130.165,6597.35625
7653,7046.6705,6613.747
7655,7266.556833333333,6617.427
7657,6048.25994117647,6643.946
7659,7747.392777777778,6630.777111111111
7660,7907.7133,6638.9277
7661,6120.525294117648,6644.785
7662,6265.8080625,6635.1073125
7664,7956.482833333333,6633.4655555555555
7665,7052.883,6659.382800000001
7666,7395.327535714286,6666.937357142858
7667,7491.720157894736,6638.866578947368
7669,6808.149875,6702.529125
7670,7963.830117647059,6698.078294117648
7671,6715.559454545454,6681.613727272727
7672,7867.2356,6687.5834
7673,6189.211454545454,6697.387909090909
7674,7572.6514,6688.4253
7675,7676.008833333333,6684.013333333333
7676,6988.782700000001,6709.4612
7678,7042.099666666666,6737.762444444445
7679,7733.497842105263,6719.377421052632
7680,7108.7025,6719.9974999999995
7682,7225.2916,6706.7194
7683,7803.140153846154,6721.8865
7684,6650.98675,6734.64175
7685,7880.1395,6734.721
7686,6193.268428571429,6737.116714285715
7687,7338.876941176471,6752.8571764705885
7688,6050.627545454546,6753.182500000001
7690,7944.017833333334,6749.266166666667
7691,7515.17376923077,6760.877692307693
7692,6631.999466666666,6780.078866666667
7696,7460.914333333333,6756.535083333333
7699,7615.684736842106,6763.950526315789
7700,7828.0784,6802.2125
7701,6526.559200000001,6820.341
7703,7200.348285714286,6789.957857142857
7704,6810.655470588235,6785.523117647059
7705,6196.22625,6802.347
7706,6108.1636,6769.3334
7707,7547.483333333333,6813.137
7708,7890.132545454545,6807.117727272727
7709,7392.4011875,6795.9085
7710,6053.359333333334,6821.335666666667
7711,6718.410333333333,6815.841571428572
7715,7075.12075,6820.653125
7716,7944.5050909090905,6838.5952727272725
7717,6121.829,6853.87775
7718,7445.539555555555,6861.262888888889
7719,7652.132352941177,6833.411470588235
7720,7016.993571428572,6872.964428571429
7721,6482.5125,6861.8555
7722,6767.6511,6864.0265
7723,7855.115333333333,6874.296111111111
7724,7112.428999999999,6882.7482
7725,7563.962411764706,6890.730176470588
7726,7797.757923076923,6892.791692307693
7727,7658.249333333333,6902.297571428572
7728,7500.3648125,6891.272875
7730,6943.352125,6899.9868750000005
7731,6711.9018,6921.1784
7733,6869.8935,6916.013
7734,6890.907399999999,6953.4564
7735,7534.266333333333,6956.775333333334
7736,7954.644588235295,6947.108411764705
7737,6811.4175000000005,6947.650750000001
7738,7441.773249999999,6956.402166666667
7739,6495.0685,6967.198
7740,7717.574642857143,6951.502928571428
7741,7790.047235294119,6956.728823529412
7742,7222.5314,6967.0238
7743,6591.4756,6974.1584
7744,7068.2792,6991.2936
7745,6443.13025,6993.32425
7746,6922.6592,6996.192999999999
7748,7373.648857142857,6995.236214285715
7749,6855.8355833333335,7013.921625
7750,7113.6532857142865,7002.087285714285
7751,7814.455352941177,7029.161823529412
7752,7739.4666,7023.69905
7753,7967.421636363637,7016.305727272727
7754,7183.292285714286,6999.741142857143
7755,7041.8592499999995,7033.4815
7759,7917.075849999999,7051.195299999999
7760,7052.479000000001,7079.678999999999
7762,7526.278071428571,7081.267214285714
7764,7152.590833333333,7070.523666666667
7765,7811.982399999999,7104.8778
7766,7669.0266,7100.2429999999995
7767,7114.5995,7120.302750000001
7770,7066.9777,7133.524
7771,6903.266782608695,7133.864260869565
7772,6821.025578947369,7144.344210526317
7775,6473.5116,7135.825999999999
7776,7579.055105263157,7152.878894736842
7779,7370.08761111111,7149.784555555556
7781,7185.129333333333,7165.686555555556
7782,7464.753416666666,7158.878583333334
7784,7939.614,7141.081999999999
7785,6759.261,7161.424666666667
7789,6699.1695,7187.918
7791,7963.5271999999995,7201.258599999999
7792,6672.477428571429,7217.401
7793,6526.444166666667,7203.8475
7794,7203.777666666666,7220.281
7795,6892.312086956521,7216.715130434783
7796,7157.908,7232.42925
7798,7035.626142857143,7218.980714285714
7799,6740.198818181819,7227.211318181819
7801,6431.735000000001,7225.62
7802,7120.787111111112,7239.114888888889
7803,7905.3751600000005,7236.40836
7804,7065.6195,7250.25625
7805,7803.009777777778,7235.437777777778
7807,7410.374310344828,7245.892
7809,6602.856315789474,7256.51552631579
7810,7505.734461538461,7264.020153846154
7811,7707.831666666666,7252.558333333333
7812,7207.118,7250.661
7813,7644.645470588235,7262.983764705882
7814,6745.976454545454,7277.718272727273
7818,7276.774428571429,7279.900285714286
7819,7578.127588235294,7280.475470588235
7820,6989.092900000001,7292.5392999999995
7821,6918.36765,7291.5437999999995
7822,7874.664125,7303.496875
7828,7197.9062,7326.253200000001
7830,7792.574,7313.530076923077
7831,7462.828666666667,7319.737
7832,7380.7627999999995,7316.5764
7833,7512.308,7317.2788
7834,7732.306200000001,7337.9186
7836,6589.0045,7324.38125
7837,6651.278666666666,7357.793000000001
7838,7985.456357142857,7349.285357142857
7841,6691.436333333334,7375.858666666667
7842,6881.5037931034485,7364.412344827586
7843,7572.7784,7370.311049999999
7844,7423.033333333334,7388.577444444444
7847,6544.533333333333,7381.1175
7848,7288.812785714285,7370.298285714286
7849,7057.9436000000005,7378.4899000000005
7850,7931.495846153846,7386.748461538461
7852,7477.439384615384,7390.450846153846
7854,6966.932222222222,7396.1746111111115
7856,7957.935916666666,7433.816833333333
7857,7778.125900000001,7431.8941
7859,7706.4426875,7428.516625
7860,7506.510533333333,7447.841933333333
7862,7009.357666666667,7476.939111111112
7863,7371.381875,7443.1435625
7864,6667.35325,7429.48625
7865,5986.9068,7442.3194
7867,6537.345666666667,7464.221333333334
7868,6758.17875,7439.32975
7871,7159.120999999999,7454.823666666667
7872,6911.781117647059,7466.568411764706
7873,7900.153555555556,7470.147333333333
7875,7814.309153846154,7480.643153846154
7877,7437.519277777778,7473.295222222223
7879,7368.448,7490.252166666666
7880,6658.196,7496.450666666667
7882,6840.474375,7490.613
7884,7135.60446875,7524.4844375
7885,6592.76675,7488.909250000001
7886,7679.324647058824,7510.096882352941
7888,6734.951833333333,7519.407166666667
7889,6502.93175,7514.75875
7890,7918.304777777778,7555.1875
7892,6147.47875,7539.36775
7893,7477.552363636364,7533.678909090909
7897,6834.305333333334,7583.313166666667
7899,7243.0363,7564.508250000001
7900,6567.139,7571.765799999999
7902,6997.942826086956,7567.7736521739125
7903,7483.6016,7585.3642
7905,6729.208333333333,7609.231500000001
7906,7334.236500000001,7579.960666666666
7907,6451.856,7572.194
7908,6632.514294117647,7594.910823529412
7909,7616.393935483871,7594.581387096774
7910,7399.903153846153,7612.488769230768
7911,7827.972594594594,7619.834891891892
7914,7240.42348,7634.119479999999
7915,6971.740400000001,7625.5192
7916,6377.9754,7621.4944000000005
7917,7520.688916666666,7628.08975
7919,6557.269363636364,7635.485272727273
7920,7047.502863636363,7610.605409090908
7921,6486.60109090909,7659.189454545455
7922,7128.4686,7638.32844
7923,6346.058333333333,7661.416166666667
7924,6718.129935483871,7680.721129032258
7925,6950.879105263159,7673.4834210526315
7927,6617.759733333333,7682.988733333334
7929,6872.192291666666,7677.898166666667
7930,6215.272,7680.174666666667
7931,7597.417428571428,7673.884071428571
7932,7468.2486875,7680.9029375
7933,7034.748692307692,7694.500538461538
7934,7336.1038947368415,7685.404315789474
7935,7685.012588235295,7689.039
7936,6416.540285714285,7705.150142857143
7937,7285.442749999999,7711.702875
7938,6302.4172,7724.88
7939,7190.276615384616,7717.065692307691
7940,7897.107285714285,7711.117571428572
7941,6469.149666666667,7729.352666666667
7942,7964.748823529412,7720.175176470589
7943,7405.265666666666,7719.000166666666
7944,7112.7278799999995,7736.458519999999
7945,7552.065176470589,7731.258352941176
7947,7615.12525,7753.0152499999995
7948,7927.4213,7764.9259999999995
7950,6972.701368421052,7760.159947368421
7951,7442.09505882353,7771.792941176471
7952,7783.0346315789475,7767.266210526315
7953,6685.7338125,7756.6844375
7954,6483.941466666667,7776.201333333333
7955,7244.9351,7777.19645
7956,7507.5006,7808.545133333333
7957,7378.7612222222215,7784.442555555556
7958,6618.983344827586,7794.802275862069
7959,7033.638214285714,7798.126071428572
7960,7330.850142857143,7795.047285714286
7961,7961.472545454546,7811.271545454545
7963,7296.836916666667,7820.518416666667
7964,6276.342666666666,7832.188999999999
7965,6736.511173913044,7824.911086956522
7966,7434.632636363636,7842.565181818182
7968,6390.440666666666,7828.0418666666665
7969,7369.3829444444455,7851.901888888889
7970,7666.049666666667,7841.479833333334
7971,6063.243142857143,7820.261428571429
7972,7097.4614,7834.028
7973,7578.245,7858.135666666667
7974,7215.165466666667,7864.4855333333335
7975,6317.4794,7860.752
7976,7963.704999999999,7851.357666666667
7977,7724.392222222222,7874.326888888889
7978,7798.696142857143,7873.4268571428565
7979,6552.619454545455,7858.5408181818175
7980,7072.201333333333,7894.618166666667
7981,6198.5782,7880.282000000001
7982,6476.072666666667,7880.756333333334
7983,6838.1931875,7902.498625
7984,6717.467200000001,7906.3166
7985,7306.3682499999995,7894.19505
7986,6664.102235294117,7896.1478823529405
7987,7816.873833333334,7890.192666666667
7988,6373.7184,7910.3958
7989,6052.581666666667,7897.452222222223
7990,6974.589615384616,7897.264307692308
7991,7956.007933333333,7920.163733333334
7993,6517.055666666667,7919.401999999999
7995,6574.420416666667,7947.958583333333
7996,7477.2793571428565,7946.787357142857
7999,7061.454666666667,7953.684333333334
8000,6175.8710666666675,7953.123866666667
8001,7319.179166666666,7964.029416666667
8002,7591.566,7969.706000000001
8003,7761.786904761904,7958.850666666667
8004,6630.984642857143,7944.652071428572
8006,7001.368799999999,7977.7242
8007,6309.019222222222,7952.264888888888
8008,6781.77348,7967.99176
8009,7669.6109230769225,7982.391461538462
8010,8492.006285714286,5981.847000000001
8011,8869.538999999999,6005.8223684210525
8012,9343.500956521739,5991.489260869565
8013,9635.99088888889,5975.647888888889
8014,9730.34525,5971.685833333333
8015,9877.3995,6015.8663125
8016,9804.164857142858,5979.584857142857
8017,8167.199888888888,6017.961888888889
8018,9183.84424,5999.3872
8019,8075.312000000001,6017.563666666666
8021,8437.8545,6028.69175
8022,8769.554846153846,6034.258923076923
8023,9259.7556,6022.875533333334
8024,9371.399625,6048.750125
8025,9634.423,6043.803666666667
8026,8308.939272727272,6059.904272727273
8027,9472.86245945946,6053.584351351351
8028,9708.965846153846,6038.276461538461
8029,8537.832,6062.458666666666
8030,9958.826454545455,6052.311363636364
8032,8873.198999999999,6060.4786
8033,8485.929636363637,6073.4470909090915
8034,9131.797666666667,6064.526999999999
8035,8142.7669166666665,6082.031916666667
8036,9416.190294117647,6092.323764705882
8037,8950.41275,6065.45025
8038,9867.052333333333,6073.123666666666
8039,9817.437399999999,6070.5816
8040,8394.566533333335,6073.642000000001
8041,9316.59425,6091.236166666667
8042,9224.969500000001,6077.9667
8043,8689.059000000001,6096.96304
8044,9712.769,6082.41225
8045,9552.418,6115.736583333334
8046,9751.982642857143,6112.644642857143
8047,8592.690384615385,6110.525538461538
8048,9919.912636363637,6116.376727272727
8049,8350.835,6120.718000000001
8050,8047.349416666667,6111.986416666667
8052,8302.428,6110.060666666667
8053,9659.893,6120.787333333334
8054,9212.041739130435,6147.239608695652
8055,9837.3663,6135.2652
8056,8538.5214,6133.3258000000005
8057,9312.389000000001,6141.086588235294
8059,8636.464666666667,6144.433
8060,8711.69625,6142.733
8061,9094.473761904761,6155.260809523809
8063,9653.531909090909,6159.8753636363635
8064,8773.159,6147.966615384616
8065,9039.039304347827,6160.245434782608
8066,8964.841833333334,6157.147583333334
8067,9324.210666666668,6174.906
8069,9257.480142857143,6204.006285714286
8070,8714.557666666666,6211.079999999999
8071,8807.402,6191.7451
8073,8075.7233076923085,6225.416307692308
8075,8629.15005263158,6214.272105263158
8076,8974.206166666667,6238.21525
8077,8507.525125,6233.08575
8078,8918.8709,6230.1409
8079,8759.704166666668,6231.320500000001
8080,8876.925333333333,6239.373333333333
8081,9210.268375,6235.346
8082,8176.30711111111,6243.786111111111
8083,9141.208352941176,6233.305705882353
8084,8571.58223076923,6240.497230769231
8085,8815.133666666667,6243.867888888889
8086,9080.184931034482,6270.260103448276
8087,8363.842,6262.4216
8088,8576.80025,6282.246125
8089,8770.77125,6284.51475
8090,8718.340866666667,6290.6254
8091,8912.243583333333,6306.580083333333
8092,8982.287733333333,6316.8677333333335
8094,8802.95004,6365.2379200000005
8095,8872.304833333334,6365.463166666667
8096,8195.8794,6383.296649999999
8097,8310.7968,6382.294
8098,8096.187,6404.139545454545
8099,8632.701307692307,6391.487923076923
8100,8708.768714285714,6409.375714285715
8102,8369.980555555556,6451.827888888889
8103,8654.987521739129,6463.310434782609
8105,8469.420833333334,6477.120166666667
8106,8070.117333333333,6487.0827500000005
8107,8289.729,6513.858
8108,8567.9574375,6513.4305625
8109,7994.090869565217,6527.975652173913
8110,8425.124416666667,6523.761083333334
8111,8112.949785714286,6568.296214285714
8114,8080.4746,6598.5556
8115,8251.222666666667,6600.366666666667
8117,8030.002454545454,6621.430272727273
8118,7985.8993,6856.5359
8119,8713.728454545453,6925.16990909091
8120,8762.844227272728,6964.186318181818
8121,8049.489444444444,6967.161666666667
8122,8697.806303030304,6993.683151515152
8123,8793.69923076923,7004.695423076923
8124,8143.07025,7005.391
8125,8088.569625,7006.9325
8126,8849.113045454545,7034.799863636364
8127,8022.7665,7030.237
8128,8730.747333333333,7046.574933333333
8129,8966.237947368421,7041.582157894736
8130,8120.634999999999,7071.94725
8131,8203.4485,7053.8099999999995
8132,8919.909642857143,7077.115178571429
8133,9064.51825,7073.07275
8134,8491.707333333334,7090.5466
8136,8825.397111111111,7096.518333333333
8137,8650.69556,7103.87588
8138,8735.2715,7115.809958333334
8139,8566.541,7115.4304
8140,8928.74107142857,7122.884357142857
8141,9019.5549375,7118.898875
8142,8113.455833333333,7138.745749999999
8143,8616.9388,7168.000999999999
8144,8695.425,7168.416222222222
8145,8875.048357142858,7158.407928571428
8146,8470.333,7166.929238095237
8147,8951.327666666666,7166.000142857143
8148,8988.3097,7195.6703
8149,8114.84325,7197.210875
8150,8555.346032258065,7199.659967741935
8151,9281.223750000001,7205.16525
8152,8753.395919999999,7208.582759999999
8153,8820.99704,7207.2541599999995
8154,8894.572423076923,7234.216038461538
8155,8459.322166666667,7233.184249999999
8156,8031.7320714285715,7219.487857142857
8157,8392.766375000001,7247.120583333333
8158,8713.859,7254.311599999999
8159,8839.310588235294,7292.874529411764
8160,8956.957296296297,7275.803555555555
8161,9042.469470588236,7277.779764705882
8162,8065.341,7288.451538461538
8163,8645.712333333333,7260.1155
8165,8776.25,7293.340272727273
8166,8373.773777777778,7312.01711111111
8168,8184.145999999999,7319.6720000000005
8169,8592.681666666665,7314.1005000000005
8170,9130.4736,7321.166466666667
8171,9034.3032,7337.670520000001
8172,8792.2365,7334.903416666667
8173,8913.148058823528,7332.020058823529
8174,8482.303294117646,7350.492647058823
8175,8168.021307692308,7363.2636923076925
8176,8420.756263157895,7353.268736842106
8177,8854.03390909091,7364.15890909091
8178,8222.949444444444,7370.240000000001
8179,8279.4295625,7333.8395
8180,9056.424913043478,7388.2865652173905
8181,8971.126222222221,7374.266148148147
8182,8575.740647058825,7404.311
8183,8317.25390909091,7385.8820000000005
8184,8918.6620625,7424.1106875000005
8185,8380.143,7428.5967692307695
8186,8202.680100000001,7425.5269
8187,8685.451,7417.685043478261
8188,9412.228333333333,7438.268666666667
8189,7992.442999999999,7471.277055555555
8190,8107.376125,7462.53875
8191,8992.688,7445.120076923077
8192,8793.484666666665,7451.220555555556
8193,9056.223222222223,7448.712444444444
8194,9113.093333333332,7458.6793333333335
8195,8285.657411764707,7463.958294117647
8196,8216.987285714285,7471.6221428571425
8197,9964.482894736842,7490.034210526315
8198,8151.576222222222,7501.472333333334
8199,8699.45975,7490.310625
8200,9904.7422,7485.863800000001
8202,8339.829166666668,7516.897444444445
8203,9081.8458,7504.8728
8204,9146.595733333332,7500.077533333333
8206,9817.723833333333,7510.872888888889
8207,9041.04625,7511.475625
8208,8464.404,7545.7792500000005
8209,8522.658307692309,7524.546461538462
8210,8204.126625,7562.909874999999
8211,9889.542153846154,7544.242538461539
8213,9784.436470588236,7551.2984117647065
8214,8944.638666666668,7526.017
8215,9726.460545454545,7551.803909090909
8216,9690.011999999999,7570.438
8217,9192.99755,7559.7642000000005
8218,8276.648916666667,7563.03
8219,8863.967666666667,7564.540047619047
8220,9040.655823529412,7591.868882352942
8221,8955.047153846153,7602.61576923077
8222,8157.427500000001,7605.672583333333
8223,9121.541071428572,7578.979642857143
8224,8353.491,7600.389
8225,8796.401357142857,7610.489714285714
8226,9734.534944444446,7613.4515
8227,9809.807705882353,7613.934529411765
8228,9615.2355,7621.3322499999995
8229,9881.661,7602.591
8230,8478.58511764706,7627.316705882353
8231,9511.898375,7622.33025
8232,9239.3813,7639.8769
8233,9202.163545454545,7617.789454545454
8234,8309.037833333334,7622.745749999999
8235,9136.9287,7636.2112
8236,8998.183769230769,7634.1559230769235
8237,9453.912576923076,7658.635807692307
8238,9090.935,7655.096666666666
8239,9142.634142857143,7683.478857142857
8240,9552.65209090909,7670.114090909091
8241,8091.504076923077,7653.3381538461545
8242,9857.958428571428,7651.127952380953
8243,8225.951799999999,7648.1944
8244,8153.514272727273,7671.133454545454
8245,8810.559647058823,7670.643882352941
8246,9751.723714285716,7684.103857142857
8247,8967.126818181818,7683.405090909091
8248,9202.433,7685.407727272727
8249,8880.825176470587,7662.150529411764
8250,8263.684285714286,7698.635571428572
8251,8445.831250000001,7671.81525
8252,8531.530333333334,7684.404166666667
8253,8942.089249999999,7717.748500000001
8255,9821.133090909092,7700.656
8256,8200.008166666667,7706.537916666667
8257,8364.9415,7674.5869999999995
8258,9038.138625,7697.666375
8259,9636.357363636364,7687.849454545454
8260,8437.586000000001,7719.841333333334
8261,9283.301454545455,7703.532272727272
8262,9171.9722,7722.597400000001
8263,9697.46290909091,7714.074727272728
8264,9863.95376923077,7733.030230769231
8265,8717.834818181818,7724.750454545455
8266,9945.904142857142,7718.883071428571
8267,8826.84907142857,7730.734642857143
8269,9317.983714285714,7751.027999999999
8270,8029.302444444444,7787.569333333333
8271,8182.517857142857,7750.084071428571
8272,9262.2482,7751.7691
8273,9623.049538461539,7748.616923076924
8274,8259.417,7748.786499999999
8275,9069.3734,7746.131133333333
8276,8895.5294,7763.436199999999
8277,8388.4265,7800.165
8278,8446.114,7777.769
8279,8511.953888888887,7782.846555555556
8280,8959.606399999999,7788.184666666667
8281,8657.682933333333,7763.252600000001
8282,8239.509,7799.713000000001
8283,9789.0979,7774.31505
8284,9880.631421052633,7795.949052631579
8285,8586.758,7786.113899999999
8286,9963.3865625,7793.3136875
8287,9675.606833333333,7778.103333333333
8288,9254.0618,7797.76835
8289,8104.492727272727,7777.8448181818185
8290,9194.603333333333,7783.343444444445
8291,8325.633444444444,7787.24388888889
8292,9720.539166666667,7788.200083333333
8293,9744.774166666668,7840.560666666667
8294,9089.294,7808.367416666667
8295,8437.397444444445,7837.7612222222215
8296,8898.4614,7822.849700000001
8297,9022.107111111112,7799.075555555555
8298,9458.04675,7814.434333333334
8299,9320.730583333334,7830.03625
8300,8076.2733333333335,7835.908166666667
8301,9136.0107,7824.5042
8302,9681.757285714286,7836.692
8303,8145.901142857142,7827.936428571428
8304,9376.807266666667,7836.276266666667
8305,8326.1626,7844.291800000001
8306,8671.735428571428,7841.396714285715
8307,8234.816235294116,7850.7624117647065
8308,8994.511,7846.162200000001
8309,9214.017470588235,7868.4245294117645
8310,8187.791899999999,7869.2091
8311,9484.684857142858,7870.270952380953
8312,9123.389888888889,7888.579111111111
8313,9280.710176470588,7882.781235294117
8315,8578.573227272727,7891.745727272727
8316,9018.967333333334,7883.6776666666665
8317,9549.087666666666,7892.7283333333335
8318,8758.095833333333,7891.621
8319,8009.626749999999,7891.1449999999995
8320,8446.676933333332,7913.562733333334
8321,8855.672333333334,7891.724
8322,8140.437285714286,7925.293428571428
8323,8376.0437,7917.705199999999
8324,9700.2351875,7904.1906875
8326,8249.755352941178,7901.16294117647
8327,8695.390333333335,7908.633000000001
8328,8313.302,7916.423285714286
8329,9402.995055555555,7909.881722222223
8330,8796.69588888889,7955.883518518519
8331,9833.323181818181,7916.591727272727
8332,9011.736916666667,7942.65275
8333,9631.271882352941,7935.490176470589
8334,9349.246666666668,7948.289866666667
8335,8233.18275,7951.241999999999
8336,9765.512846153846,7936.2112307692305
8337,8721.604,7966.695933333333
8338,9476.834714285715,7957.139714285715
8339,8653.407625,7955.929125
8340,8943.663153846153,7957.903538461538
8341,8094.9352499999995,7966.05525
8342,8288.74911111111,7964.569555555556
8343,8532.669466666666,7944.764066666667
8344,8361.921624999999,7969.601625
8345,9239.12676923077,7964.372307692307
8347,9161.252222222223,7963.6378888888885
8348,9576.011900000001,7977.8031
8349,8020.719,7941.834
8350,11935.535600000001,5998.16996
8351,10109.610454545455,5988.213363636363
8352,11060.82923076923,5993.0854615384615
8353,10307.751538461538,6016.287461538461
8354,10971.171176470589,6021.949235294118
8355,10250.276666666667,5989.947888888889
8356,11790.138695652175,6027.553173913044
8357,10815.969000000001,6049.79625
8358,11128.723043478261,6032.427521739131
8359,10171.327777777777,6027.942111111111
8360,10623.602432432432,6020.016648648649
8361,11401.092499999999,6040.574333333333
8362,11717.546666666667,5999.761166666667
8363,10027.095,6053.95375
8364,11566.370555555555,6055.802500000001
8365,11486.391,6072.9433
8366,11713.8025,6093.997583333334
8367,10117.552857142857,6069.074285714285
8368,10175.164999999999,6083.842666666666
8369,11317.887142857144,6093.062571428572
8370,10275.0355,6084.70095
8371,11769.689999999999,6085.6992
8372,11000.110625000001,6086.7481875
8373,10033.72,6107.601333333333
8374,10955.640769230768,6126.931384615384
8375,11242.102083333333,6112.948583333334
8377,10448.348571428573,6107.918285714286
8379,11128.248,6131.9846
8380,11541.89,6131.602666666667
8381,11632.861111111111,6135.031833333333
8382,11398.013333333332,6128.675777777778
8383,10585.65,6132.322272727272
8384,11895.963043478261,6152.284565217392
8386,10507.0,6160.808181818182
8387,10762.94125,6150.447583333334
8388,11496.125,6146.957875
8389,11806.077142857142,6162.241523809524
8390,10243.393684210527,6148.0396842105265
8391,10417.922222222223,6170.3772222222215
8392,10362.135294117646,6157.8485294117645
8393,11358.755000000001,6185.6152999999995
8394,10672.505454545455,6181.0460454545455
8395,11238.127,6184.8996
8396,11172.66611111111,6187.359666666667
8397,11563.396363636364,6198.871272727273
8398,10251.2875,6220.168
8399,10853.9545,6216.18445
8400,10294.655,6191.05975
8401,10357.997857142856,6241.010714285714
8402,11111.013571428572,6242.043892857143
8403,11734.623333333333,6230.428761904762
8404,10558.75888888889,6227.011111111111
8405,10600.109999999999,6226.0036
8406,11008.006666666666,6236.261777777778
8407,11189.654285714287,6248.459857142857
8408,10776.680666666665,6236.444399999999
8409,11281.295,6225.88275
8410,11367.99875,6253.557875
8411,11317.509285714286,6272.564714285714
8412,10648.422222222222,6267.126111111112
8413,10894.642727272727,6269.147954545455
8414,10308.866666666667,6283.701083333333
8415,10713.65,6261.009999999999
8416,10588.42,6297.72625
8417,10542.575,6266.6005000000005
8418,11161.115,6294.4495
8419,10481.281500000001,6281.1031
8420,11260.493571428571,6292.7724285714285
8421,11726.802727272727,6304.287363636363
8422,11543.928125,6297.0693125
8423,11654.16,6287.612882352941
8424,11598.242222222221,6334.033166666666
8425,11968.283888888887,6318.669277777778
8426,10960.778787878788,6324.627696969697
8427,10548.762142857144,6340.492142857142
8428,11430.794444444444,6342.087222222222
8429,10757.130000000001,6363.26875
8430,10834.97625,6346.1281875
8431,11100.551304347826,6340.9421304347825
8432,10434.565625,6334.4413125
8433,10377.907222222224,6356.867944444444
8434,11688.736,6376.1096
8435,10692.892142857143,6368.708928571429
8436,11876.2675,6383.87275
8437,10863.4125,6378.099
8438,11468.296666666667,6391.637
8439,10594.119230769229,6380.70876923077
8440,11762.439999999999,6420.557
8441,10647.175,6407.1895
8442,11342.490952380953,6425.728714285715
8443,11975.483333333332,6434.247333333333
8444,10454.42347826087,6428.0216956521745
8445,10876.673999999999,6434.3774
8446,10735.207142857142,6428.460857142857
8447,10520.2125,6423.612125
8448,10623.066,6455.8262
8449,11041.680625,6421.697875
8450,11654.020555555555,6425.877166666667
8451,10915.65,6469.073357142857
8452,10819.046818181818,6468.300272727272
8453,11516.895,6463.6305
8454,10432.540588235293,6512.357411764706
8455,11128.182962962963,6481.799962962962
8456,11676.09,6524.856516129033
8457,11073.777333333333,6502.140866666667
8458,11371.666875,6487.972625
8459,10997.826666666668,6503.45588888889
8460,10844.209230769231,6538.6308461538465
8461,11581.039166666667,6516.46325
8462,10751.272500000001,6503.885166666667
8463,11770.254615384616,6544.524333333333
8464,11432.644,6550.7275500000005
8465,10661.1875,6554.4285
8466,10360.999166666666,6562.396583333334
8467,11937.593157894737,6536.952789473685
8468,10987.73,6553.8752
8469,11157.226666666666,6569.7539333333325
8470,10617.736,6575.3556
8471,10744.87,6610.195
8472,10921.41,6573.569888888889
8473,11940.17875,6601.07925
8474,10407.102,6597.128333333333
8475,11885.653076923076,6600.706307692308
8476,11398.83125,6616.11028125
8477,11577.4795,6606.113950000001
8478,10672.985,6619.9445
8479,11019.393684210527,6600.5160526315785
8480,11810.142272727273,6608.646636363636
8481,10539.999166666666,6623.9726666666675
8482,10607.027272727273,6631.013636363636
8483,11240.336470588236,6637.25394117647
8484,10996.4405,6653.602250000001
8485,11084.164999999999,6651.614100000001
8486,11736.305714285714,6640.0885714285705
8487,11852.214,6672.1235
8488,10340.5076,6679.187199999999
8489,10648.91076923077,6686.987153846154
8490,11639.343703703706,6684.454592592593
8491,10923.423200000001,6688.3358
8492,11140.512307692308,6685.604769230768
8494,11328.1825,6708.5385
8495,11892.490714285714,6709.325142857143
8496,11959.191428571428,6685.163928571428
8497,10713.234285714285,6710.964285714285
8498,10487.387037037037,6696.773851851852
8499,11722.245454545455,6731.601227272728
8500,11188.195,6722.4111875
8501,11259.780588235293,6719.256058823529
8502,11037.246206896552,6731.51648275862
8503,10887.665,6744.39425
8504,11456.089,6732.759533333333
8505,11948.461538461539,6756.819230769231
8506,10733.885454545454,6767.316545454546
8507,10810.721428571429,6771.049928571428
8508,10525.511764705883,6779.604470588235
8509,10898.277272727273,6800.752363636363
8510,10972.5775,6793.046875
8511,11591.845294117647,6781.419294117647
8512,11767.270476190475,6795.534666666666
8513,11909.764,6804.998799999999
8514,10664.930000000002,6783.859571428571
8515,11285.2775,6788.7585
8516,10407.202142857142,6831.2655
8517,11238.831818181818,6818.002363636363
8518,10597.967999999999,6801.334
8519,10703.455294117646,6831.359882352941
8520,11849.729655172412,6846.692517241379
8521,11483.655,6855.67325
8522,11630.707142857142,6838.543142857144
8523,11431.563600000001,6820.2092
8524,11527.550000000001,6832.220833333333
8525,10623.904,6862.490733333334
8526,11563.735384615384,6869.766384615385
8527,10502.350588235293,6859.599705882353
8528,11767.5,6862.031
8529,11080.436111111112,6866.422611111111
8530,11705.95642857143,6873.661071428572
8531,11911.509090909092,6887.680636363636
8532,11341.865000000002,6843.955499999999
8533,10779.556666666665,6867.774
8534,10738.755454545455,6893.316
8535,10916.024166666666,6895.153916666666
8536,10540.02909090909,6899.162363636363
8537,11105.861818181818,6912.907636363636
8538,10597.827142857142,6923.9675
8539,10827.056818181818,6913.652227272727
8540,11167.753999999999,6907.501666666666
8541,11391.7675,6915.72325
8542,11282.617,6905.2210000000005
8543,10949.977272727272,6926.955454545454
8544,11857.728461538461,6934.921461538461
8545,11595.598,6934.1642
8546,10336.538461538461,6948.507461538462
8547,11772.232142857143,6938.400142857143
8549,10690.494,6948.200200000001
8550,11683.708,6958.135133333333
8551,11513.271999999999,6949.407533333333
8552,11077.178,6958.5216
8553,10442.203636363636,6959.826954545454
8554,11217.513846153846,6972.555846153846
8555,11345.518823529412,6980.701823529412
8556,10535.903529411764,6992.527941176471
8557,11948.3125,6971.18775
8558,10962.573333333334,7008.3663333333325
8559,11175.06,6988.395
8560,11757.199999999999,6990.702214285715
8562,10740.329333333333,6990.1956
8563,10628.195,6989.6613
8564,11120.677,7003.960800000001
8565,11842.687222222223,7018.166444444444
8566,11641.092,7030.291333333333
8567,11260.66294117647,7025.068
8568,11915.665833333333,7036.5855833333335
8569,10371.312666666667,7036.9886
8570,11191.022,7046.277
8571,11347.855,7060.89325
8572,11784.733076923078,7063.607999999999
8574,10770.531333333334,7063.098866666666
8576,11485.620666666666,7055.008733333333
8577,11971.707142857142,7066.433642857142
8578,10581.591333333334,7069.964466666667
8580,11242.595555555556,7082.879222222222
8581,11707.692666666666,7079.289
8582,10669.5,7090.374
8583,11117.20375,7087.5238125
8584,10430.827777777777,7092.686388888888
8585,10835.52,7075.8904999999995
8586,10301.191818181818,7091.031636363637
8587,11024.24,7103.2458
8588,11600.104545454546,7102.506318181818
8589,11408.07,7111.3876666666665
8590,10242.4316,7109.57844
8591,10526.931,7109.2477
8593,11254.762222222222,7128.568222222222
8595,10362.297619047618,7133.176714285715
8596,10651.898,7136.436100000001
8597,10984.886,7173.6402
8599,10923.575,7163.929
8600,11429.251428571428,7154.010714285714
8601,11378.614285714286,7173.164
8602,10607.635714285714,7189.505428571429
8603,11484.896363636364,7187.318454545454
8604,11673.312307692308,7192.403076923078
8606,10347.279999999999,7184.71575
8608,10422.001428571428,7193.993714285714
8609,11569.2025,7208.211166666667
8610,10484.307,7227.37185
8611,11203.77619047619,7220.243142857143
8612,11097.72947368421,7208.11947368421
8613,10922.27,7208.3910000000005
8614,11836.056153846155,7216.246153846154
8615,10824.304166666667,7217.502666666667
8616,10728.64,7246.76675
8617,10306.982608695653,7258.695043478261
8618,10368.571666666667,7245.154083333334
8619,10553.535,7244.59305
8620,11435.184666666666,7249.0604
8621,10989.546666666667,7268.545000000001
8622,11773.789999999999,7272.051399999999
8623,10638.230000000001,7278.498833333334
8624,11371.16,7268.6312
8625,11046.125,7290.3441
8626,10413.752,7287.861133333334
8627,10876.04117647059,7280.172117647059
8628,11223.029166666667,7292.660916666667
8630,11637.325555555555,7294.751
8631,11910.796,7282.655400000001
8632,11343.655,7296.8195
8633,10810.628,7291.3805999999995
8634,11276.214375,7284.33375
8635,11736.800000000001,7308.261142857143
8636,10377.271428571428,7324.010285714286
8637,11466.26,7330.406357142857
8638,10676.57909090909,7339.2319090909095
8639,10758.754615384616,7321.48123076923
8641,11824.863636363636,7336.575818181818
8642,11601.448333333334,7341.906333333333
8643,10552.544166666667,7325.626749999999
8644,11537.038571428571,7342.448571428571
8645,10404.295384615385,7361.109230769231
8646,11739.371428571429,7359.2414285714285
8648,11948.785,7343.4033
8649,10753.448571428571,7386.597428571428
8650,11264.093888888889,7369.238388888889
8651,11651.276875,7383.353375
8652,10207.670833333334,7374.994166666667
8653,10466.681904761905,7384.086285714286
8654,11033.402307692308,7374.283230769231
8655,10696.703529411765,7397.547176470588
8656,11168.947142857143,7371.6408571428565
8657,10538.017142857143,7381.1107142857145
8658,11983.473846153847,7400.9968461538465
8659,11110.365714285714,7397.871714285714
8660,10160.22,7407.08076923077
8661,10356.0765,7424.89855
8662,11228.626666666667,7433.2626666666665
8663,11726.872727272728,7434.587727272727
8664,10612.496,7429.8413
8665,11470.258333333333,7431.008000000001
8667,11542.957222222223,7446.945222222222
8668,10253.05,7436.079666666667
8669,10422.036315789474,7444.238947368422
8670,11125.31090909091,7451.135727272727
8671,11057.624,7449.405199999999
8672,10534.083571428573,7448.901857142858
8673,10885.0925,7437.05425
8674,11732.038333333336,7462.043999999999
8675,10776.273888888889,7471.275333333334
8676,11938.271538461539,7465.656076923077
8677,11644.55909090909,7471.650909090909
8678,10701.043,7482.753500000001
8679,10426.014545454545,7520.580181818182
8680,11385.595,7487.474400000001
8681,11800.755000000001,7482.68725
8682,10237.201111111111,7502.174555555555
8683,11719.605000000001,7519.382166666666
8684,10557.923076923076,7532.427846153847
8685,10851.055833333334,7507.6635
8687,10054.464838709677,7513.311258064517
8688,10488.48,7528.7454
8689,11146.45125,7521.183625
8690,10673.918333333333,7521.3885
8691,11847.354444444445,7512.609222222223
8692,11224.746428571429,7527.9235
8693,10612.09090909091,7500.468
8694,11530.734444444444,7538.050333333333
8695,11930.01,7570.235333333334
8696,11641.675,7547.754
8697,11783.61625,7557.7155
8698,10804.63,7554.553727272727
8699,10252.035,7565.591
8700,10141.288499999999,7571.10665
8701,10523.505,7582.6469166666675
8702,11051.81,7559.414071428572
8703,10073.748235294117,7585.291823529412
8704,11972.717999999999,7576.3724
8705,11318.25111111111,7580.300944444443
8706,11500.902,7591.2617
8707,10416.487692307692,7567.652923076923
8708,10901.592,7589.1350999999995
8709,11884.301428571429,7600.112857142857
8710,10360.188181818183,7587.082363636364
8711,10831.406315789474,7610.9209473684205
8712,10564.67,7604.900428571428
8713,11726.331,7609.0061000000005
8714,10311.76,7590.9799
8715,11379.137777777778,7613.749888888889
8716,10035.535555555556,7628.229888888889
8718,10164.381111111112,7627.381555555555
8719,10340.208461538461,7671.64876923077
8720,11124.695,7660.84075
8722,10272.108750000001,7632.1245
8723,11871.654444444444,7653.074555555556
8724,10077.100714285714,7693.460714285714
8725,10256.494999999999,7666.6767500000005
8726,9960.22035,7630.683800000001
8727,11703.813333333334,7669.3663333333325
8728,10224.578181818182,7673.710999999999
8729,10428.501999999999,7679.537600000001
8730,10552.05,7687.181599999999
8731,10612.642727272727,7689.395636363636
8732,11278.684285714287,7695.055
8733,10027.923333333332,7684.070555555555
8734,10484.523333333333,7685.901999999999
8735,11950.980000000001,7677.378333333333
8736,11524.9576,7708.50948
8737,11823.378333333334,7694.571333333333
8738,10171.68,7697.778200000001
8739,10376.130625,7708.511875
8740,10787.1375,7713.74475
8741,11699.426666666666,7721.203666666667
8742,11906.288,7720.9673999999995
8743,10635.06,7737.935750000001
8744,10112.381428571429,7715.364
8745,11942.981666666667,7746.983
8746,10191.378888888888,7748.165
8747,11143.67,7738.7688461538455
8748,11623.67,7733.422411764706
8749,10277.043636363636,7736.452454545454
8750,10503.863333333335,7746.274222222221
8751,11388.351538461538,7768.3793076923075
8752,11295.703333333333,7778.667666666667
8753,11664.050909090909,7788.193454545454
8754,10116.561764705883,7784.784000000001
8755,11748.65125,7770.238375
8756,11525.58,7788.021857142857
8757,10226.031428571428,7800.488571428571
8758,10300.134545454544,7797.392272727273
8759,10398.026666666667,7784.580666666666
8760,11804.326666666666,7778.202
8762,10689.175333333334,7801.7058
8764,11427.596666666666,7817.195833333334
8765,11876.405,7821.58625
8766,10958.913529411764,7821.170823529413
8768,11738.385384615385,7849.668153846154
8769,11293.12,7833.017666666667
8770,11080.036363636364,7842.617090909091
8771,11191.526363636363,7827.336454545454
8772,10782.9625,7846.913
8773,10568.873333333333,7826.105083333333
8774,11608.62125,7846.558625
8775,10146.80388888889,7851.220611111111
8776,10248.345,7868.7695
8777,10033.820055555556,7856.492166666667
8778,11296.994615384614,7865.022923076923
8779,11924.01,7871.966
8780,10934.06125,7877.99275
8781,11235.895999999999,7899.9566
8782,11858.5,7888.93325
8783,10860.173636363637,7907.288636363636
8784,11514.271176470587,7900.1363529411765
8785,10606.720000000001,7914.896
8786,11977.556666666665,7899.4340555555555
8787,9998.724266666666,7931.866133333333
8788,10209.844000000001,7926.4975
8789,10705.992857142857,7919.084571428572
8790,11601.8244,7916.66568
8791,11372.074705882353,7928.8092352941185
8794,11675.562857142857,7966.859857142857
8795,11776.801428571429,7955.3929285714285
8796,11901.645714285714,7967.407428571429
8797,11230.565833333334,7964.33025
8798,11440.954736842106,7961.448842105263
8800,10924.09,7968.620111111111
8801,11138.902941176471,7946.062411764705
8802,10687.9725,7971.44125
8805,12306.779999999999,5989.666666666667
8806,12782.348333333333,6007.021333333333
8812,12589.392222222223,6040.015666666667
8813,12090.399310344828,6059.455965517242
8814,13427.6475,6105.66075
8815,12385.294705882354,6059.655176470588
8817,12487.642692307692,6071.103423076924
8822,13905.225,6077.3552
8825,12541.264285714287,6090.864857142857
8826,12171.477894736843,6087.121
8827,12242.564,6085.577533333333
8828,13828.291666666666,6097.1185000000005
8830,12300.392142857143,6100.896214285714
8836,12694.25,6109.0391666666665
8838,13893.446363636363,6127.503636363635
8839,12595.213333333333,6149.03
8842,13890.194,6167.255999999999
8844,13366.135,6148.9315
8845,12709.175,6166.217500000001
8846,12040.694545454548,6169.910545454546
8847,13429.7525,6189.1775
8849,12392.644999999999,6175.3268333333335
8851,13842.519999999999,6154.661666666667
8854,12304.237,6185.527700000001
8855,13490.21,6182.95175
8856,12119.904999999999,6146.485
8857,12218.98125,6179.927125
8858,13228.243333333332,6197.670333333333
8868,12781.875,6218.00025
8869,13735.939000000002,6242.4619
8870,12491.756666666668,6252.0289999999995
8872,12116.731764705883,6242.467352941177
8874,13796.651428571427,6261.960238095238
8875,11976.325217391304,6244.781826086956
8876,12555.346666666666,6252.1990000000005
8878,12047.752666666667,6261.321266666667
8881,13478.935,6257.67075
8883,12983.561666666666,6310.918166666666
8884,13133.206666666665,6309.486333333334
8885,12405.135714285714,6294.464571428572
8886,13399.13,6291.380666666667
8888,13735.7075,6296.54375
8893,13778.176000000001,6349.8814
8894,12139.71681818182,6340.630590909091
8895,13701.66,6346.339
8897,13451.103333333333,6319.161666666667
8898,13514.91,6346.2034
8900,12302.4175,6352.17875
8901,13156.048,6363.7566
8904,13407.6,6393.448399999999
8905,13893.289999999999,6366.804
8906,12946.753,6365.431
8907,13844.916000000001,6404.2348
8908,12982.720000000001,6408.253
8910,13270.366666666667,6406.986
8912,12789.55,6402.767888888889
8913,13094.088666666667,6415.732666666667
8914,13552.755000000001,6382.65
8915,12501.433636363636,6413.785727272727
8916,12085.386666666665,6420.241333333333
8917,13215.3725,6399.81175
8918,13707.12375,6420.1710625
8919,13793.093333333332,6415.9896
8920,13032.416666666666,6413.607666666667
8922,13357.9925,6432.7072499999995
8923,12190.315,6441.988214285715
8924,13149.16642857143,6456.359142857143
8925,12916.40125,6437.805875
8926,13019.19294117647,6471.519
8927,13463.460000000001,6455.990333333334
8928,12645.753333333334,6464.193666666666
8929,13978.662,6446.4102
8931,13757.446666666665,6466.527000000001
8932,12115.7675,6466.0785
8933,12573.441666666666,6474.702499999999
8934,13319.792222222222,6481.0088888888895
8935,12836.615294117646,6474.541941176471
8936,13826.02,6474.979600000001
8937,12949.42157894737,6496.877631578947
8938,12379.554545454546,6466.419
8940,13645.004285714285,6466.298428571428
8942,13889.92625,6461.813625
8944,13152.645999999999,6532.1074
8945,13404.737692307692,6508.979153846153
8946,13634.036666666667,6517.350333333333
8947,12602.096000000001,6527.645479999999
8948,13734.12,6524.447666666667
8949,13681.244,6535.6134
8950,13988.15909090909,6519.454363636363
8951,13035.585714285715,6534.586714285715
8952,13864.6025,6524.235416666666
8953,13369.343333333332,6544.591
8954,12867.016,6528.926
8955,12708.367,6553.192
8956,12791.490000000002,6547.576
8957,13913.663846153846,6553.882846153846
8959,12971.729047619048,6569.253761904762
8960,13823.608571428571,6561.2300000000005
8962,12177.096000000001,6563.44335
8963,13154.996363636363,6585.783181818182
8964,12492.93,6572.870142857142
8965,12820.872222222222,6605.083333333333
8966,12922.441333333332,6597.935333333333
8967,13803.475882352941,6616.993058823529
8968,13652.164,6612.4368
8969,13215.560000000001,6594.840099999999
8970,13730.716666666667,6605.8012
8971,12130.897333333332,6618.4414
8972,13340.715,6601.92425
8973,11997.845833333333,6604.926416666666
8975,12628.492380952383,6616.450047619048
8976,12054.984666666665,6636.646133333333
8977,13065.700769230769,6605.088384615385
8978,12213.249444444444,6637.4771666666675
8979,13297.346,6622.4429
8980,13877.863636363636,6640.248545454545
8981,12719.38696969697,6629.552727272727
8982,12424.35052631579,6637.612210526316
8984,13007.322727272725,6636.963636363637
8985,12497.408,6648.150199999999
8986,12576.025294117646,6650.265764705882
8987,13108.363333333333,6626.0335000000005
8989,13736.895999999999,6659.2378
8990,12853.433846153845,6652.3519230769225
8991,12363.915714285715,6676.049214285714
8992,13181.578947368422,6660.435263157895
8993,13952.115,6671.60975
8994,12317.07947368421,6685.330368421052
8995,13271.768,6684.404399999999
8996,12664.039,6691.9328
8997,13771.964285714286,6688.064285714286
8998,12767.26375,6720.4214375
8999,13077.786666666667,6687.241555555555
9000,12016.035,6717.520699999999
9001,13351.18,6720.848000000001
9002,12874.157857142856,6709.939214285715
9004,12190.70611111111,6714.117222222222
9005,12470.831176470589,6715.660882352941
9006,12555.785454545456,6731.160636363637
9007,12249.065882352941,6712.271470588235
9008,12977.271818181818,6722.32909090909
9009,13140.305,6732.49575
9010,13198.67,6721.10375
9011,12680.917500000001,6734.086583333334
9012,13827.118400000001,6716.67872
9015,13885.026363636365,6742.0155
9016,12380.8375,6747.113916666666
9017,12147.75727272727,6764.316727272727
9019,12082.229166666666,6756.733749999999
9021,12827.77894736842,6774.143684210526
9022,12937.5425,6758.1205
9023,12423.111818181818,6783.128
9024,13118.220000000001,6782.91
9025,12323.518571428573,6786.707642857144
9026,13819.643846153846,6787.522923076923
9027,13032.11,6794.977888888889
9028,12531.299333333332,6798.9464
9029,12030.766153846153,6808.77723076923
9030,12257.338333333333,6791.20825
9031,13308.64375,6803.738125
9032,12902.262222222222,6811.501111111112
9033,12737.078333333333,6816.21
9034,13198.735,6841.296
9036,12598.265,6820.905083333334
9037,12962.194,6833.434200000001
9038,12675.969000000001,6833.0987
9040,13033.5475,6849.8955000000005
9041,12863.976666666667,6832.461333333333
9042,12109.2475,6864.515625
9043,12554.039999999999,6857.706333333333
9044,12625.20375,6882.420375
9045,13102.84,6878.786111111111
9046,12414.93,6886.465
9047,12022.211764705882,6884.62894117647
9048,12340.155263157896,6883.941842105263
9049,12233.63125,6893.219875
9050,12733.905999999999,6894.7409
9051,13154.385,6893.7022
9052,12295.385555555556,6934.459666666667
9053,13262.515,6912.697
9054,12679.198571428571,6930.0935714285715
9055,13020.458,6914.159600000001
9056,13336.78,6903.172666666666
9057,12789.9925,6943.864416666666
9059,12495.983333333334,6933.345333333334
9060,12058.69,6957.0053333333335
9061,12869.368571428571,6942.547571428571
9062,13066.15090909091,6953.451727272727
9063,12940.147692307692,6943.924769230769
9064,12412.4155,6953.28385
9066,12711.561666666666,6974.663333333333
9069,12256.260909090908,6966.685
9070,13478.574285714287,6977.612714285714
9072,12034.609999999999,7007.328307692307
9073,13190.810000000001,7001.890300000001
9075,13124.737500000001,7018.614333333334
9076,12583.92076923077,6999.149846153847
9079,12950.423333333334,7007.361
9081,12126.455,7027.4775
9082,12449.4175,7018.2195
9083,12906.848,7043.0816
9085,12853.046,7008.852400000001
9086,12238.61,7047.680166666666
9089,12318.19,7106.6565
9091,12339.61,7056.1265
9092,12522.088125,7050.6186875
9093,12162.4,7071.214
9094,12820.465384615383,7064.966769230769
9095,12747.989166666666,7043.44125
9096,12625.1425,7089.617
9097,12203.11,7102.0533
9098,12433.824285714287,7089.642285714285
9102,12687.848,7095.350200000001
9103,12980.2125,7108.038500000001
9106,12487.7,7118.21075
9107,12928.73,7130.4144
9109,12094.58,7110.257181818181
9110,12884.032000000001,7136.8946
9111,12771.658666666666,7135.831733333333
9113,12691.255217391305,7164.736391304348
9115,12051.793,7146.9664
9117,13380.07125,7145.77675
9118,12827.955333333333,7155.493533333333
9120,12400.681666666665,7158.761166666666
9121,12581.981,7140.6991
9122,11980.73,7150.068799999999
9123,12199.671666666667,7157.153666666666
9126,13315.065833333334,7169.478749999999
9128,12914.175000000001,7196.6745
9131,12146.486875,7225.3241875
9132,12659.141666666668,7211.40925
9133,13307.948181818181,7217.8161818181825
9135,13122.51,7225.63675
9136,13369.351538461538,7227.2598461538455
9137,12575.2575,7245.98575
9138,12754.483888888888,7240.824333333334
9140,13064.353333333333,7214.620833333333
9142,12495.066666666666,7259.007666666667
9143,12236.471666666666,7242.5391666666665
9145,12841.794444444444,7274.8895555555555
9146,13222.960000000001,7272.553923076923
9147,13321.586,7265.9447
9148,12432.1,7264.245666666667
9149,12069.096666666666,7255.9929999999995
9150,12636.1976,7289.4641599999995
9152,12911.529999999999,7285.348999999999
9153,13290.735,7330.27325
9154,12405.395,7305.74
9156,13131.142000000002,7316.953599999999
9157,12010.469090909091,7291.326181818182
9158,12188.860625,7316.8008125
9159,12563.059,7316.15545
9160,12958.009999999998,7345.7075
9161,13017.0425,7340.385
9163,12753.101666666667,7321.330666666666
9164,12828.344000000001,7334.2356
9165,12277.407391304348,7342.758347826088
9166,12091.074285714287,7339.756142857143
9167,13276.310000000001,7366.1878
9168,12423.695294117648,7365.531470588236
9170,12646.706666666665,7370.840666666667
9171,12997.38,7397.262500000001
9172,12927.267,7392.2819
9174,12513.53,7362.312615384615
9175,12733.777272727271,7394.864727272728
9176,13140.898888888889,7378.7264444444445
9177,12208.487777777778,7391.416333333334
9178,12583.935714285715,7403.583142857142
9179,12839.495833333334,7412.072166666666
9181,12138.700625,7435.3735625
9182,13208.822857142857,7426.281571428571
9183,12860.99,7452.6005000000005
9184,13093.045,7438.9995
9186,12706.942631578948,7456.564421052631
9187,12053.665714285715,7457.570857142857
9188,13143.92888888889,7465.230333333334
9189,12208.77,7449.514
9190,12792.358333333332,7468.3095
9191,12000.22,7467.337533333333
9193,13043.506666666668,7492.050666666667
9194,12785.2,7493.583
9195,12577.183333333334,7491.182583333332
9196,13091.2925,7491.425
9197,12301.000625,7494.2425625
9198,13150.884375,7505.4379375
9199,12182.533846153847,7522.571230769231
9200,12410.187,7534.421899999999
9201,13296.6175,7513.9712500000005
9202,12051.37,7515.901666666668
9203,12509.407777777778,7525.412333333333
9205,12843.416666666666,7536.5156
9206,13050.772352941176,7556.873941176471
9207,12377.281666666668,7590.382666666667
9208,12890.821666666665,7555.470666666667
9209,12755.865,7562.35525
9212,12654.684375,7573.8043125
9213,12963.479333333333,7567.450733333333
9214,12045.761111111111,7585.685000000001
9215,12243.128461538461,7569.62523076923
9216,12556.040588235293,7605.541764705882
9217,12170.396,7619.405199999999
9218,12715.042,7605.102199999999
9219,12004.488947368422,7618.210736842105
9220,12095.6025,7647.63425
9221,12662.636,7660.012133333334
9222,12799.287692307691,7652.199
9223,12915.968235294116,7651.1911176470585
9224,12523.32,7672.443333333334
9225,12452.053,7664.969349999999
9226,12239.6525,7676.126
9227,12134.03,7714.38
9228,12029.696363636363,7699.602
9229,12373.986363636364,7690.370272727273
9230,12822.75125,7716.651875
9231,12635.189090909089,7714.135454545455
9232,12413.985384615384,7731.781769230769
9233,12947.69,7723.540142857143
9234,12526.2775,7733.445375
9235,12089.522222222222,7747.010111111111
9236,12888.802608695652,7773.283913043479
9237,12466.980714285715,7759.302928571428
9238,12147.7975,7759.36175
9239,11997.47125,7782.847625
9240,12657.301818181819,7776.914545454545
9241,12721.81,7776.077529411765
9242,12772.533333333333,7784.836666666667
9243,12584.94375,7786.652875
9244,12063.5375,7821.12875
9245,12816.23875,7830.728375
9246,12319.006875000001,7815.1055625
9247,12415.8,7832.638875
9248,12610.791000000001,7856.145600000001
9249,12772.608571428571,7871.609285714286
9250,12198.511764705883,7861.578470588235
9251,12367.722142857141,7883.332714285714
9252,12647.4425,7860.17775
9253,12870.18375,7866.6961875
9254,12273.244166666665,7869.885166666667
9255,12102.4625,7904.674
9256,12533.3625,7901.273
9257,12254.799411764705,7951.553352941177
9258,12464.594444444443,7929.833666666666
9259,12850.951666666666,7943.29175
9260,12909.199999999999,7944.168666666667
9261,12801.5725,7961.625
9263,12396.187692307692,7970.1480769230775
9264,12051.99,7961.182000000001
9265,14164.3028,5997.654039999999
9266,14278.862307692307,6087.421692307693
9267,14326.731428571427,6148.562142857142
9268,14237.287307692306,6136.977153846154
9269,14160.219411764707,6223.7905294117645
9270,14098.528571428571,6297.648
9271,14138.89111111111,6318.619000000001
9272,14307.920384615385,6341.916615384615
9273,14198.158000000001,6348.4424
9274,14367.471212121212,6360.520878787879
9275,14056.953870967742,6393.231709677419
9276,14497.566875,6406.44171875
9277,14218.361499999999,6429.3318500000005
9278,14346.2548,6463.6348800000005
9279,14264.852727272728,6492.662363636363
9280,14123.22,6471.196230769231
9281,14045.104736842104,6479.476421052631
9282,14554.872608695652,6505.849869565217
9283,14488.878,6510.323
9284,14195.040416666669,6495.4975
9285,14425.931666666665,6525.311916666667
9287,14629.542580645162,6526.727548387097
9288,14065.045,6534.357
9289,14339.286842105264,6531.0256315789475
9290,14572.477931034482,6571.7851034482765
9292,14740.261666666665,6577.327333333334
9293,14200.432,6572.528
9294,14688.766,6575.361999999999
9295,14809.34037037037,6598.140222222222
9296,14004.720588235294,6585.333
9297,14277.748461538462,6581.780846153846
9298,14329.764210526317,6596.763210526316
9299,14505.246818181819,6583.988454545454
9300,14441.834705882353,6591.24594117647
9301,14103.912916666666,6626.225708333334
9302,14396.208999999999,6599.4543
9303,14652.636666666667,6627.06725
9304,14029.694,6644.589199999999
9305,14715.997727272728,6664.593704545455
9306,14574.326666666668,6638.5308888888885
9307,14517.10380952381,6661.779904761905
9308,14897.233666666667,6677.579133333334
9309,14838.601538461537,6695.35541025641
9310,14580.657692307692,6702.249
9311,14947.91857142857,6695.658380952381
9312,14406.989000000001,6713.2602
9313,14205.875600000001,6710.805
9314,14487.501764705883,6704.258764705883
9315,14943.95411764706,6746.307117647059
9316,14581.759642857143,6776.479107142857
9317,14084.921904761904,6759.436666666667
9318,14338.62,6800.835666666666
9319,13995.219166666668,6782.416166666667
9320,14276.663571428571,6778.180571428572
9321,14736.932941176472,6775.605764705882
9322,14471.19947368421,6801.875052631579
9323,14195.093636363636,6820.922727272727
9324,14915.729333333333,6812.119733333334
9325,14976.284285714284,6828.4930476190475
9326,14654.252727272727,6828.8957272727275
9327,14236.55625,6839.9405
9328,14571.027499999998,6845.5664166666675
9329,15029.741999999998,6832.3072
9330,14298.697272727271,6870.631909090909
9331,14823.127647058824,6867.496117647059
9332,15050.713333333331,6884.681555555555
9333,14901.835142857142,6897.282971428572
9334,14389.59,6914.896624999999
9335,14533.561333333333,6898.297866666666
9336,14443.376,6929.4351
9337,14971.6,6929.428041666666
9338,14530.57411764706,6946.961352941176
9339,14607.859090909093,6936.514636363636
9340,15021.777368421053,6957.888421052632
9341,14449.762142857144,6979.502642857143
9342,14243.3425,7007.24675
9343,14654.910714285714,6993.6617857142855
9344,15278.213333333333,7006.484166666666
9345,14724.751351351353,7028.480351351351
9347,14590.59375,7038.130999999999
9349,14641.726,7099.9712
9350,14724.0116,7108.90132
9351,14804.211818181817,7133.171181818182
9352,14855.48095238095,7145.535428571429
9353,14572.978,7156.982000000001
9354,15846.790769230769,7342.352846153846
9355,16334.448125,7263.453375
9356,16404.089090909092,7287.932363636364
9357,16269.194,7310.7408
9358,16172.226875,7339.4870625
9359,16028.804615384615,7330.695846153846
9360,16296.572,7345.1684
9361,16067.745789473684,7369.329999999999
9362,16252.237727272726,7371.7875
9363,16334.802727272727,7391.103545454545
9364,16496.788,7423.606600000001
9365,16574.18857142857,7468.335142857142
9366,734.8179957446808,7977.789531914894
9367,1131.7342,8002.43915
9368,1803.223894736842,7982.466315789473
9369,1372.2101860465116,8009.218
9370,658.1368060000001,7986.28774
9371,981.3795464285714,8010.621821428571
9372,795.0924078947369,8041.959368421053
9374,1265.0213703703703,8025.944777777778
9375,602.2494410256411,8048.925794871796
9376,1949.8035,8050.448166666666
9377,436.269465,8050.96595
9378,1110.611956521739,8065.533478260869
9379,1736.1760322580647,8072.593387096774
9380,1179.6577333333335,8079.833799999999
9381,947.1902708333333,8098.98425
9382,1303.5925238095238,8104.742380952381
9383,1070.6792040816326,8122.952571428571
9384,484.8133192982456,8114.484456140351
9385,1407.169756756757,8113.895810810811
9386,1607.1234705882353,8148.454470588235
9387,1670.3436666666666,8129.009722222221
9388,1190.2319310344828,8146.0269655172415
9389,836.1212162162162,8141.947108108108
9390,1247.1850833333333,8163.034666666666
9391,570.7858083333333,8163.6840625
9392,1537.364913043478,8156.063782608696
9393,1864.029,8145.642909090909
9394,1928.6856857142857,8142.974885714285
9395,998.5206033333333,8155.468966666666
9396,754.4810875,8176.195270833334
9397,1473.51225,8190.302374999999
9398,1304.9626428571428,8186.459785714286
9399,1554.4786923076922,8199.094461538461
9400,1798.0211142857142,8202.757657142856
9401,333.8618153846154,8166.957846153847
9402,913.658025,8208.665636363636
9403,1888.422653846154,8217.944538461537
9404,1004.9390064516128,8221.417096774194
9405,1701.22415625,8218.8919375
9406,424.136796,8210.23172
9407,1406.6195,8206.2057
9408,316.1668894736842,8251.345210526317
9409,1351.9705909090908,8243.723272727271
9410,1974.997,8263.413125
9411,1528.3580303030303,8265.096696969696
9412,378.04272857142854,8274.16738095238
9413,437.70232272727276,8295.979863636363
9414,1641.0721071428572,8291.95675
9415,279.678125,8301.3864375
9416,500.1604852941177,8259.844970588236
9417,1896.0695555555556,8287.11311111111
9418,590.5120459459459,8287.785324324324
9419,757.9822777777778,8278.293296296297
9420,919.1049378378378,8298.055675675676
9421,526.205875,8313.067
9422,1036.777375,8328.84482142857
9423,808.0302285714287,8323.189714285714
9424,721.970868,8328.4688
9425,1945.97275,8346.49525
9426,1478.4574583333333,8362.943708333334
9427,1352.8807179487178,8362.560743589744
9428,668.2740799999999,8367.286680000001
9429,500.5766764705882,8370.59294117647
9430,926.3787500000001,8373.44805
9431,599.372835,8386.808500000001
9432,731.9028863636363,8395.79609090909
9433,1895.7872,8406.5244
9434,1059.7621176470589,8397.683264705884
9435,1697.8367857142857,8387.88675
9436,1208.8069130434783,8402.14160869565
9437,812.4434846153847,8395.331153846153
9438,501.4368097560976,8439.096146341462
9439,1957.5670909090911,8425.037363636364
9440,1649.31484,8437.08944
9441,1809.1201199999998,8422.5074
9442,865.8706454545455,8432.949272727272
9443,671.6336136363636,8447.047727272728
9444,1106.7065555555555,8454.517055555556
9445,1755.1404285714286,8460.348047619049
9446,1414.9540588235295,8439.122617647059
9447,309.24952222222225,8448.655703703704
9448,797.621888,8460.85464
9449,1194.033894736842,8485.575947368421
9450,1606.5518260869567,8479.35195652174
9451,1871.696,8469.790066666666
9452,908.4957392857143,8478.971
9453,1359.55640625,8509.1301875
9454,1281.6379655172416,8472.328103448277
9455,1960.9076,8490.3826
9456,394.8042542857143,8485.181914285713
9457,1009.3908322580645,8474.161
9458,1542.3484090909092,8480.869318181818
9459,1917.5151666666668,8502.007333333333
9460,311.1275,8522.272428571428
9461,254.9649357142857,8509.374357142859
9462,813.5512551724139,8527.922344827586
9463,598.1543,8516.139291666666
9464,1674.4040833333336,8524.066833333332
9465,1944.8654999999999,8537.670625
9466,746.123096,8536.53916
9467,346.2154952380953,8550.896142857142
9468,1874.6135714285715,8557.002666666667
9469,983.6664823529412,8545.814529411766
9470,1060.5247272727274,8543.696272727273
9471,1237.4147777777778,8561.392518518518
9472,901.3322115384616,8565.541884615384
9473,1144.952789473684,8541.685578947368
9474,429.0251367346939,8555.748959183675
9475,1510.4233,8552.6982
9476,668.0441642857143,8557.910464285715
9477,1737.8020476190477,8571.960714285713
9478,1969.4581249999999,8572.194625
9479,1808.7887428571428,8585.042542857143
9480,1115.092642857143,8588.387642857142
9481,574.7003000000001,8592.129379310345
9482,478.85699999999997,8605.6364
9483,707.4128736842106,8608.665263157896
9484,1605.0557567567569,8587.024594594595
9485,1758.5821818181817,8631.835045454545
9486,923.575948,8632.84908
9487,315.24406111111114,8624.803916666666
9488,1075.963,8638.062555555556
9489,1897.3155714285715,8639.288142857144
9490,1246.1805555555557,8636.410722222223
9491,813.2576731707317,8648.171268292683
9492,738.1613857142856,8666.47017857143
9493,1690.2667857142858,8671.155357142858
9494,1385.2103235294117,8672.018529411765
9495,306.2502583333333,8693.797388888888
9496,1327.0635333333335,8679.257266666666
9497,641.0420549019608,8672.195058823529
9498,1130.5027727272727,8684.475909090908
9499,1591.1724333333334,8695.217233333333
9500,1473.9174166666664,8696.647416666667
9501,1770.149035714286,8706.979785714286
9502,488.61384117647066,8711.985499999999
9503,779.4437652173914,8746.537478260869
9504,1184.166871794872,8747.02958974359
9505,1434.3306666666665,8724.844
9506,1484.5117142857143,8762.192857142858
9507,1654.582125,8757.651875
9508,1311.0204999999999,8756.052958333334
9509,678.2423388888889,8753.263444444445
9510,1848.0464594594594,8762.991972972972
9511,1005.7179827586207,8771.123965517241
9512,1528.0841764705883,8780.298647058822
9513,366.68871794871797,8789.835666666668
9514,541.4261680000001,8801.37072
9515,1979.1916296296297,8795.342277777778
9516,1713.8853448275863,8805.513137931035
9517,1022.9703764705882,8828.176911764705
9518,794.1444571428572,8812.00925
9519,479.14472800000004,8836.02116
9520,1793.2953636363636,8845.709424242425
9521,1551.0193684210526,8840.918842105262
9522,1927.9307647058822,8849.539705882353
9523,611.7655000000001,8838.545857142857
9524,1448.375,8832.168789473684
9525,1199.0410967741934,8839.900032258065
9526,920.6929961538461,8840.335846153846
9527,849.5505517241379,8861.592586206896
9528,405.19012857142855,8846.267642857143
9529,1359.6039090909092,8857.995909090909
9530,212.98777857142858,8854.855357142858
9531,546.6183114285714,8885.673371428573
9532,1460.2385185185185,8884.203222222222
9533,1637.5655000000002,8893.1865
9534,315.90837666666664,8874.736233333333
9535,260.37550384615383,8901.44773076923
9536,1050.580625,8910.1065
9537,1706.5465,8908.71690625
9538,397.997953125,8912.55675
9539,166.22821111111114,8912.771
9540,1588.9883225806452,8935.276096774194
9541,1140.4989545454546,8916.551090909092
9542,1366.6685517241378,8928.925620689655
9543,933.2037741935484,8912.257645161291
9544,802.9349933333334,8920.5672
9545,1443.1542692307692,8945.939
9546,612.4577611111112,8932.412638888889
9547,208.87718125,8949.1828125
9548,704.2389620689655,8944.223
9549,911.3531636363637,8958.649090909092
9550,784.4064481481481,8973.379814814814
9551,1204.841409090909,8969.773954545455
9552,281.1202173913044,8975.096739130435
9553,1758.9094499999999,8973.4634
9554,338.82550476190477,8979.45180952381
9555,164.87955,8957.1915
9556,435.365975,8976.857964285713
9557,986.9552333333334,8993.505833333333
9558,919.1867736842105,9008.376789473683
9559,1535.1437,8993.960933333332
9560,1067.5665789473685,8990.42897368421
9561,204.93853157894736,9012.204421052633
9562,379.3676517241379,9013.59375862069
9563,1231.0863684210526,9021.69694736842
9564,693.6302666666667,9019.769
9565,1607.9529375,9034.490375
9566,1684.8949375,9023.0824375
9567,624.2939558139535,9027.599046511628
9568,791.2987840000001,9040.73216
9569,1341.040484848485,9024.122666666666
9570,262.9485689655172,9040.217999999999
9571,711.34008125,9074.603687499999
9572,321.35825555555556,9063.190185185185
9573,1484.5153863636365,9044.734045454547
9574,1411.14425,9066.552291666667
9575,884.88529375,9068.963749999999
9576,809.1288727272728,9109.683272727272
9577,1196.2766315789474,9090.779368421052
9578,225.2256138888889,9105.129222222222
9579,349.2908411764706,9128.409823529411
9580,1135.9831333333334,9137.260533333332
9581,759.4429333333333,9108.533333333335
9582,1434.8425384615387,9132.52723076923
9583,1517.2627,9131.26295
9584,710.2177214285714,9138.1365
9585,596.4796205882352,9135.879411764707
9586,1238.4391379310346,9154.030655172415
9587,1550.4079375,9168.578875
9588,253.0248,9175.725625000001
9589,386.40520285714285,9186.394514285716
9590,310.6704263157895,9220.464421052631
9591,1402.2111818181818,9208.498954545455
9592,443.32181249999996,9243.940017857143
9593,1616.5236000000002,9209.34808
9594,1507.983129032258,9237.116387096774
9595,192.73974042553192,9239.974787234043
9596,1273.6746451612903,9238.038225806451
9597,1219.01692,9249.2048
9598,1057.6862666666666,9284.137066666668
9599,1207.789842105263,9295.86247368421
9600,1138.1563793103446,9271.981413793104
9603,1561.31545,9295.9142
9604,573.232404347826,9278.696217391305
9605,250.14169056603774,9297.924716981131
9606,1009.1229625,9294.60575
9608,1295.4914285714287,9317.103892857143
9609,524.6096787878788,9350.049151515152
9610,612.2543666666667,9332.830555555556
9611,1477.351837837838,9336.444
9612,1346.845625,9376.4799375
9613,1570.0524,9368.617999999999
9614,223.45617586206896,9373.29072413793
9615,1079.723212121212,9378.589484848484
9616,1194.7653529411764,9372.098735294117
9617,1013.1344117647059,9400.535941176471
9618,1264.5515,9407.325538461539
9619,335.69255675675674,9395.426594594594
9620,437.1017205128206,9422.79782051282
9621,370.94628064516127,9466.356838709677
9622,1345.918783783784,9498.76062162162
9624,165.71663846153845,9444.992384615385
9625,513.2227708333334,9467.349041666666
9626,1286.53475,9460.244875
9627,244.33074871794872,9461.401615384615
9628,1153.5163137254901,9478.006588235294
9629,1424.5097333333333,9489.4851
9631,480.50012258064515,9532.591129032258
9632,1221.6070555555555,9503.567277777778
9633,156.99275384615385,9539.986038461539
9634,238.13375185185188,9532.87625925926
9635,325.1689928571428,9529.746642857144
9636,1723.885,9522.81725
9637,399.9926105263158,9553.728789473686
9638,1391.5650625,9562.1494375
9639,1065.8462258064517,9587.216967741937
9640,1228.5976,9582.88652
9641,334.6822142857143,9606.2716
9644,1140.8710967741936,9607.017935483871
9645,490.00594615384614,9603.080692307693
9646,1443.079,9609.2055
9647,188.2456945945946,9630.826
9649,438.9698793103448,9663.208172413793
9650,1263.7734705882353,9659.989294117648
9651,109.59969846153847,9666.449692307693
9652,1361.5417894736843,9658.472
9654,1624.4483333333335,9678.103333333334
9655,947.834788,9665.913
9656,1162.6503125,9689.0320625
9657,145.08466933333332,9708.460233333335
9658,290.3010731707317,9683.13843902439
9659,905.5827999999999,9731.331
9661,1349.14,9729.9225
9662,1031.9132516129032,9744.447806451612
9663,1195.3234516129032,9769.218354838711
9664,417.22870714285716,9762.971285714286
9665,249.73616315789477,9777.528157894738
9668,318.46067142857146,9783.155714285715
9669,164.19065652173913,9808.183695652175
9670,1296.6087499999999,9805.43275
9671,942.0127441860466,9802.235604651163
9672,1016.4669095238096,9799.041619047619
9673,1254.8731875,9845.840125
9674,1064.13185,9847.31345
9675,1147.6461666666667,9839.050416666667
9676,341.3717139534884,9852.915813953488
9678,466.41640625,9874.3464375
9680,160.4159257142857,9872.617314285713
9681,512.4180842105263,9888.077789473684
9682,926.56292,9895.065
9683,245.71220357142857,9902.399678571428
9684,568.29006,9899.9413
9685,999.1554782608696,9880.052347826087
9687,1781.77525,9927.296999999999
9688,1258.6555,9915.91775
9690,846.0533285714286,9933.610714285713
9691,514.0715793103449,9949.253827586206
9692,1094.7781666666667,9948.066833333334
9694,1007.2715864864865,9956.662513513513
9695,1197.5124193548388,9965.716161290322
9696,782.3895444444445,9944.252333333334
9697,828.9218999999999,9960.162666666665
9698,323.7552785714286,9975.118142857144
9699,261.3580227272727,9973.131227272728
9700,3653.34696,8001.5848399999995
9701,3966.90375,7979.186250000001
9702,2618.4982631578946,8004.404078947368
9703,2146.3217826086957,8024.186130434782
9704,2320.390724137931,8033.406620689655
9705,2429.118714285714,8022.095
9706,2057.1963333333333,8044.201047619048
9707,3235.4505,8020.827
9708,3290.823666666667,8033.305333333334
9710,3803.3948823529413,8028.347941176471
9711,3527.7667500000002,8042.169361111111
9712,3264.912142857143,8062.553714285714
9713,3975.9364,8046.5606
9714,3699.0235263157897,8071.962842105263
9715,3604.0023333333334,8082.190333333333
9716,2568.7810476190475,8077.447047619048
9718,2926.2255,8092.6437000000005
9719,2823.4102727272725,8084.056136363636
9720,3965.0427333333337,8101.836466666667
9721,2495.0068076923076,8109.569653846153
9723,3388.7316818181816,8121.008909090909
9724,2114.7611,8104.533100000001
9725,2387.124057142857,8115.119371428572
9726,3286.7505,8134.471166666666
9727,3719.3711111111106,8148.161777777778
9728,3972.1341764705885,8159.735823529411
9729,3628.3129599999997,8142.51904
9730,2195.88295,8167.17525
9731,3896.247888888889,8179.986833333333
9732,3544.142333333333,8172.687444444445
9733,2708.92256,8174.5246400000005
9734,1994.9283846153846,8160.327653846154
9735,2812.935375,8176.4935000000005
9737,3443.410523809524,8192.007428571427
9739,2136.422882352941,8186.672235294119
9740,2266.905708333333,8185.798458333334
9741,2392.222848484849,8198.183696969696
9742,3357.567857142857,8204.066571428571
9743,2557.3037391304347,8203.217086956522
9744,2050.8579999999997,8199.236846153846
9745,2100.181642857143,8232.917
9746,2336.897472222222,8202.378583333333
9747,3665.8105384615383,8208.091076923078
9748,3791.3923888888885,8215.895055555557
9750,3972.4377727272727,8245.276727272727
9751,2281.9408666666664,8256.926733333334
9752,2844.5304444444446,8247.443555555556
9753,3695.0355,8251.410249999999
9754,3494.188076923077,8269.636884615385
9756,2043.6903333333332,8268.487888888889
9757,2493.606272727273,8280.810727272728
9758,3567.359857142857,8264.329142857143
9759,3190.1121428571428,8289.997333333333
9760,3424.547052631579,8281.286263157894
9761,3875.2856363636365,8275.274227272726
9762,3802.853071428571,8277.364
9763,3676.834125,8304.996875
9764,3331.7242222222226,8319.474999999999
9765,2580.145375,8309.598375
9770,3736.8412,8338.288199999999
9771,3853.5535,8332.40175
9772,2417.9085,8311.405999999999
9775,3046.8792857142857,8333.893
9776,3233.7125384615383,8348.333923076923
9777,2138.3982,8350.22312
9778,2041.1058108108111,8365.985432432433
9779,3459.0456875,8359.143625
9781,2449.1268,8381.104833333333
9782,3906.1738965517243,8368.647689655172
9783,3382.806347826087,8371.707260869565
9784,3983.333653846154,8381.10476923077
9785,3704.0915714285716,8391.963357142857
9786,3793.8208,8391.0472
9787,3132.899142857143,8399.664214285714
9788,3637.362111111111,8413.743444444444
9789,2355.816384615385,8433.80673076923
9790,3212.74575,8434.747541666666
9791,3835.7555384615384,8433.106
9795,3956.229,8429.541086956522
9796,2266.7003125,8442.2449375
9798,3571.8903333333333,8437.230666666668
9799,3450.491482758621,8463.78924137931
9800,2023.9475,8463.6841
9802,3525.8361666666665,8471.747333333333
9803,3329.48734375,8471.75821875
9805,3564.678,8482.921166666667
9806,2192.5155,8471.529846153846
9807,3804.430741935484,8489.906580645162
9808,3877.924391304348,8482.39108695652
9809,2841.0190000000002,8456.887
9810,2276.2465909090906,8518.245181818182
9811,3606.8256,8504.7502
9812,3125.158625,8492.999291666667
9813,3700.0808076923076,8493.959576923076
9814,2047.1251052631578,8525.901578947369
9815,2581.9105,8505.97525
9816,3048.7143333333333,8498.2045
9817,2094.74784,8516.91904
9818,2483.806666666667,8498.796666666667
9819,3970.2004166666666,8501.593541666667
9820,3911.40525,8524.8256875
9821,2137.1534,8547.76224
9822,3225.87105882353,8546.87982352941
9823,2883.1839999999997,8534.603000000001
9824,2714.276,8557.561
9825,3020.787,8558.52
9826,3151.5458125,8556.7168125
9827,3569.980384615385,8549.144538461538
9828,2227.17846875,8573.5275625
9829,3687.5441666666666,8577.9175
9831,3874.4841818181817,8578.252575757577
9832,3483.1184375,8557.7338125
9833,3204.3785263157897,8607.107894736842
9834,3793.291541666667,8570.339166666667
9836,2362.1695185185185,8575.774925925927
9837,2003.5475714285717,8613.127261904761
9838,2391.1394999999998,8636.678
9839,3330.6841666666664,8632.769166666667
9840,3544.982,8639.272
9842,3434.981411764706,8647.445176470588
9843,2191.5115882352943,8653.36294117647
9846,2114.7831363636365,8662.651045454546
9847,3250.798476190476,8644.226999999999
9848,3926.974642857143,8646.908
9849,2329.786,8662.6594
9850,3864.899275862069,8667.086
9851,3735.4393333333333,8663.783666666666
9855,2059.9030666666667,8680.213266666666
9856,3677.5696666666663,8689.091
9857,3281.0758666666666,8693.732333333333
9858,3405.0615,8706.261
9859,1979.5558571428571,8693.198357142857
9861,2276.040653846154,8721.563115384615
9863,3627.1646,8700.8024
9864,3931.9487692307694,8718.987923076922
9865,3213.32858974359,8734.446743589744
9866,2064.1863333333336,8753.418074074074
9867,3606.295095238095,8739.761428571428
9869,3322.3066470588237,8755.738
9870,3479.3954,8756.9112
9871,3698.181611111111,8762.7055
9872,2593.98125,8748.55625
9873,3398.4919333333332,8756.0446
9874,2815.2533333333336,8758.124333333333
9876,3852.60728,8754.34316
9877,3937.1642500000003,8778.083857142858
9880,3070.1288333333337,8795.373333333335
9881,2138.7864814814816,8772.14311111111
9882,2210.534,8798.236869565217
9883,3776.3318214285714,8814.771357142858
9884,3406.2030454545456,8809.19709090909
9886,2262.08435,8813.0617
9887,3645.6532352941176,8835.272470588236
9888,3178.7585714285715,8824.325
9889,3854.933375,8839.223333333333
9892,3233.7017352941175,8865.533500000001
9893,2137.6022608695653,8846.840695652174
9894,3316.1002702702704,8856.008324324324
9895,3695.5213750000003,8875.324
9896,3119.525076923077,8882.73323076923
9898,3916.55776,8871.32936
9899,2235.1340625,8896.288625
9901,3445.791642857143,8884.434571428572
9902,2052.4425185185187,8866.558888888889
9903,3860.2518499999996,8898.3492
9904,2601.03625,8901.72825
9905,3159.8382222222226,8937.087666666666
9906,2013.4859333333334,8908.917833333333
9907,3604.6779473684205,8921.323736842105
9908,2156.669,8930.816538461539
9909,3859.517583333333,8938.343666666666
9910,3489.6555000000003,8941.065666666667
9911,3952.818739130435,8943.955565217391
9912,3430.461333333333,8974.394999999999
9913,3530.59025,8961.0480625
9914,2948.117,8955.383749999999
9916,2086.7094615384617,8961.393423076923
9917,2165.1349999999998,8986.60395
9918,3889.626375,8965.74625
9920,3335.1882941176473,8975.069647058825
9921,3580.39375,8983.027875
9922,3654.9950606060606,8991.798181818183
9923,3801.5014615384616,8964.715615384615
9925,3914.934625,9004.511625
9926,2333.5005,9004.530333333334
9928,2015.299090909091,8991.969181818182
9929,3795.2400833333336,9006.324999999999
9931,3105.8244,9058.122
9932,2091.8020476190477,9042.486428571428
9933,3202.096153846154,9018.617346153846
9935,2999.400333333333,9064.2595
9936,3521.7847647058825,9047.909470588236
9937,3260.477666666667,9054.738875000001
9938,3763.59285,9061.223450000001
9939,3856.48585,9058.450350000001
9940,2033.5615,9068.819500000001
9941,3922.8999666666664,9082.286533333334
9943,2186.593676470588,9072.081
9945,3583.554923076923,9074.406692307692
9946,3430.9926808510636,9095.754787234042
9947,3835.5405,9102.0965
9949,3272.8097000000002,9113.976050000001
9952,2469.0088,9115.704600000001
9953,3608.004391304348,9135.381391304347
9954,3781.1216470588233,9123.39994117647
9957,3671.9592758620693,9111.704172413793
9958,3007.45325,9138.0105
9959,3736.1215,9157.209428571428
9960,3945.8565483870966,9157.93129032258
9961,2820.2346666666667,9176.146666666667
9962,3515.8621333333335,9160.318433333334
9963,3849.5322631578947,9159.124947368422
9965,3339.9749333333334,9173.843833333334
9966,3216.021777777778,9175.809777777778
9967,3673.416769230769,9206.523846153847
9968,3786.5269999999996,9184.208428571428
9969,2920.052333333333,9205.108666666667
9972,3282.2651052631577,9217.358210526316
9973,2115.2876666666666,9210.099555555555
9974,3883.9951,9228.6815
9976,3812.227578947368,9235.272210526315
9977,3409.549891891892,9241.235162162162
9983,3525.1244871794875,9247.186025641025
9987,3917.8657428571432,9306.802542857142
9988,3833.31725,9299.20146875
9989,3714.0890000000004,9288.88764516129
9993,2486.2213333333334,9293.036666666667
9994,3614.516882352941,9322.304558823529
9996,3499.289394736842,9338.816105263157
9997,3404.844611111111,9353.144111111113
9999,3797.4435517241377,9350.545965517242
10000,3951.2954444444445,9366.787333333334
10001,3845.8351000000002,9401.783749999999
10002,3756.7560000000003,9409.631222222222
10003,3893.546333333333,9395.791500000001
10004,3145.4364,9395.322
10008,3940.136153846154,9443.485923076923
10009,2647.2505,9409.1275
10011,3885.7031428571427,9448.202142857142
10012,3275.5310000000004,9466.915166666668
10013,3704.6694074074076,9457.306962962963
10014,2008.1979999999999,9471.0365
10019,3882.6285,9501.101333333332
10020,3977.779333333333,9497.555238095238
10024,3246.86375,9547.868
10030,3978.5168400000002,9545.7236
10031,3594.1947105263157,9534.45644736842
10032,3696.7148888888887,9548.651296296295
10034,3825.937914285714,9554.058742857142
10037,3908.6099565217387,9565.185826086958
10043,3368.0479166666664,9548.04075
10049,3642.5610666666666,9615.595066666667
10050,3967.56975,9624.762583333333
10056,3551.596942857143,9634.0048
10062,2759.5473333333334,9691.737333333333
10063,3117.7125,9686.193500000001
10066,2850.54875,9671.549500000001
10067,3035.287714285714,9690.394857142857
10068,3450.0858,9679.117999999999
10070,3747.894302325581,9704.997441860465
10074,3589.2286153846153,9730.291538461539
10076,3837.0081794871794,9740.983794871796
10077,3966.7035588235294,9729.932029411764
10082,2568.011,9739.824499999999
10086,3460.5060000000003,9788.1695
10089,3892.350057142857,9789.445342857143
10092,2338.9525000000003,9809.021
10098,2540.622,9834.203666666666
10099,2745.4573333333333,9815.899
10100,3670.7984193548386,9812.202677419355
10103,2373.5085,9858.24475
10105,3430.40875,9846.8705
10110,3702.80075,9865.1845
10111,3891.3567857142857,9875.857607142856
10112,3011.6403333333333,9873.763666666666
10115,3467.2825882352945,9914.060470588234
10116,3653.3302000000003,9921.47616
10118,3732.222631578947,9909.789263157894
10120,3805.115619047619,9903.430523809524
10122,3035.971666666667,9950.949333333332
10123,3778.9451428571424,9958.502857142857
10124,2019.6922,9968.6202
10127,4295.910785714286,7987.645214285714
10128,4364.5872,7992.5432
10129,4442.885769230769,7992.63473076923
10130,4618.129173913044,7971.845347826087
10131,4753.686857142857,7971.8851428571425
10132,4881.856090909091,7989.869
10133,5377.3081250000005,7986.558291666667
10134,5625.224882352942,8000.071411764707
10135,5846.137,8008.772
10136,5769.175777777778,8020.058777777777
10138,4814.535,8031.0599999999995
10139,4967.9756,8036.3455
10140,4587.471833333333,8033.364166666666
10141,5440.410785714286,8019.162071428572
10142,5510.751666666666,8043.178199999999
10143,5699.358636363636,8035.1267727272725
10144,4707.781,8067.030400000001
10145,5275.602199999999,8037.396879999999
10147,4882.797363636364,8061.851909090909
10148,5064.5675,8043.047909090909
10149,5921.519333333334,8036.524666666667
10150,4160.595066666667,8041.015799999999
10151,5402.070928571428,8069.7173571428575
10152,5126.121904761904,8073.072666666667
10153,5567.380625,8056.4258125
10154,5853.669,8088.97425
10155,4311.792818181819,8059.251454545455
10156,4538.004777777777,8066.336444444445
10157,4909.4325,8087.4825
10158,5633.398666666667,8068.091583333334
10159,4792.0616,8092.4952
10160,5466.813181818182,8098.158818181819
10161,4104.168100000001,8076.7813
10162,5959.967583333334,8098.082833333334
10163,4408.720444444444,8101.579111111111
10164,4244.996727272727,8088.591318181818
10165,4662.155444444445,8109.5443888888885
10166,5611.236666666667,8120.986
10167,4160.626,8132.69575
10168,5194.464260869565,8113.203304347827
10169,4852.63625,8099.5915
10170,5535.914785714286,8117.869785714285
10171,4598.91075,8133.6495
10172,4732.625928571429,8137.7606428571435
10173,5028.46544,8135.19768
10175,4797.818142857142,8159.821428571428
10176,5330.525857142858,8129.1818095238095
10177,5388.37965,8153.07885
10178,5665.349578947369,8146.315421052631
10179,4058.0085000000004,8147.763666666666
10180,5259.405555555556,8154.939
10181,5431.0642,8182.545050000001
10182,5113.0206,8173.793733333334
10183,5790.700421052632,8169.569210526316
10184,5181.771428571429,8187.9730714285715
10185,4861.0952,8182.3682
10186,5571.610882352941,8186.268352941177
10187,4115.485869565217,8200.228000000001
10188,4715.620428571428,8219.5425
10189,5070.7056,8205.7278
10190,5501.471166666666,8204.612583333334
10191,4894.8278,8215.9114
10192,4561.6669,8213.3612
10193,5320.781409090909,8217.066681818182
10195,5244.489833333333,8220.0685
10196,4492.2726,8215.370133333334
10197,4343.450277777778,8228.844444444445
10198,4784.8788,8249.41
10199,5861.542,8234.694416666667
10200,4639.1786923076925,8253.917846153847
10201,5598.8976,8253.5341
10202,4951.923833333333,8258.971833333333
10203,5676.974315789474,8231.529052631578
10204,5079.292571428572,8261.993428571428
10205,5920.3678,8237.061
10206,4237.837103448276,8255.735551724138
10207,4605.966666666666,8268.503666666666
10208,4428.136266666666,8255.598533333334
10209,5805.84725,8259.253833333334
10210,4318.273999999999,8271.050818181817
10211,5151.97555,8270.31375
10212,5954.115222222222,8286.13688888889
10213,5013.402125,8275.63425
10214,5386.851285714286,8284.692357142858
10215,4540.4476875,8301.40425
10216,5215.367615384615,8293.903692307691
10217,5738.2827,8275.26625
10218,4490.189428571429,8325.976428571428
10219,4860.501736842105,8307.242263157896
10220,5881.946571428571,8316.0015
10221,4166.26319047619,8295.841952380953
10222,4372.259111111111,8307.950777777778
10223,5673.958428571429,8324.438
10224,5794.123166666667,8322.166833333335
10225,4014.42775,8327.11075
10226,5462.642363636363,8335.980863636363
10227,4096.72524,8344.242559999999
10228,5607.316000000001,8330.809466666668
10229,5992.53,8343.739833333333
10230,5844.7465,8330.0255
10231,4622.502428571429,8346.374642857143
10232,5741.160739130434,8357.282086956522
10233,5293.620620689655,8320.873413793104
10234,4260.759590909091,8347.339181818183
10235,4986.294533333334,8352.600666666667
10236,5100.4502,8346.428
10237,5529.8765,8343.89825
10238,5044.402,8348.284
10239,5189.540545454545,8336.916818181819
10240,4742.898916666666,8350.041333333333
10241,4341.711461538462,8373.769307692306
10242,5818.640181818182,8368.979090909092
10243,4555.946909090909,8363.238727272728
10244,4678.9338,8372.1396
10246,5642.136380952381,8385.99180952381
10247,4404.003,8372.645
10248,4904.410846153846,8383.183461538461
10250,5320.6925,8401.15625
10251,5441.73475,8369.599750000001
10252,5380.878181818182,8379.817
10253,5107.258111111111,8390.033333333333
10254,4248.00409090909,8394.178909090908
10255,4167.74223076923,8405.04723076923
10256,5196.5256,8401.4007
10257,5776.223000000001,8407.280083333333
10259,4480.492333333333,8399.048999999999
10260,4584.554736842106,8421.811684210526
10261,4676.251200000001,8422.149800000001
10262,5064.519833333333,8426.7525
10263,5144.538666666666,8449.244833333332
10264,5516.728454545454,8427.518727272727
10265,5353.9706,8435.6666
10266,4066.8422692307695,8433.630692307692
10267,5901.024466666667,8422.931133333333
10268,5431.070066666666,8440.211333333333
10269,5820.7351,8448.9986
10271,5758.7615625,8466.330937499999
10272,5001.269666666667,8453.035
10273,4941.428125,8445.928875
10274,5250.064166666666,8436.620583333333
10275,4360.26236,8465.01552
10276,4636.565642857143,8476.398357142858
10277,5674.873857142857,8465.154642857144
10278,4236.553214285714,8465.061714285714
10279,4176.438700000001,8469.3262
10280,4291.703176470588,8457.838235294117
10281,5934.893142857143,8471.356857142857
10282,5058.981,8491.05211111111
10283,5523.504,8479.72525
10284,5873.6501,8483.578599999999
10285,4795.463,8445.5795
10286,4869.649636363636,8487.788636363637
10287,4712.89205882353,8470.071705882354
10288,5974.852666666667,8479.134666666667
10289,4148.123222222222,8484.771555555555
10291,5475.044916666667,8497.7325
10292,5197.7395,8519.290666666666
10293,5392.652285714285,8478.348285714286
10294,5283.065,8531.571000000002
10295,5146.234,8492.717499999999
10296,4292.830357142857,8512.430642857142
10297,5629.445333333333,8502.896066666666
10298,4766.432,8515.7455
10300,4932.236272727273,8508.938727272727
10301,5012.472333333333,8514.956666666667
10302,4602.5,8508.016714285714
10303,5426.26225,8522.951000000001
10304,4111.1944,8546.754400000002
10305,5836.163181818181,8532.398545454545
10306,4053.3281578947367,8538.563842105263
10307,4233.320111111111,8531.95961111111
10308,5353.563857142857,8549.655571428571
10309,5558.730647058824,8528.32905882353
10310,5625.7136666666665,8566.165
10311,5480.164333333333,8535.157000000001
10312,3992.7453214285715,8553.7315
10313,4782.574714285714,8564.14242857143
10314,4833.839,8551.791000000001
10315,4654.8154,8557.9773
10316,4716.6824,8576.450200000001
10317,5789.348000000001,8556.942333333332
10318,4963.8192500000005,8545.25175
10319,5121.8925,8572.6955
10320,5906.662,8569.911
10322,4892.786363636364,8584.622000000001
10323,5404.209916666667,8620.979083333334
10324,5253.419,8566.936125
10325,5479.480315789474,8593.872
10327,5036.079833333333,8583.143833333334
10328,4693.945454545455,8603.26790909091
10329,5658.1058571428575,8584.991
10330,5901.7084,8618.712
10331,5310.1265,8614.013333333334
10332,5561.370083333334,8605.506916666667
10334,4857.494818181818,8622.284545454546
10335,5002.6014,8630.586200000002
10336,5824.2499333333335,8617.265000000001
10337,4771.504368421052,8640.615
10338,4971.9604,8640.017199999998
10339,5687.821777777778,8630.547333333334
10340,5084.77275,8636.474
10341,5521.9979,8656.767600000001
10342,5621.103733333333,8661.881133333334
10343,5961.491916666667,8656.088666666667
10344,5852.209,8682.911363636364
10345,5027.052272727273,8667.441090909091
10346,5725.5004,8661.4349
10347,5805.743125,8673.638875
10348,5308.253571428571,8669.935
10349,4846.483,8674.075083333333
10350,4915.755833333334,8679.00775
10351,5360.45675,8673.088875000001
10352,5181.5588,8686.9716
10353,5427.899777777778,8702.65288888889
10354,5738.259000000001,8696.906333333334
10355,5109.318857142857,8701.936857142857
10356,5247.732333333333,8679.815999999999
10357,5915.4130000000005,8710.474666666667
10358,5019.8345,8706.611499999999
10359,4687.043333333334,8710.32625
10360,5952.637461538461,8745.37723076923
10361,5296.011571428571,8727.468142857144
10362,5777.704583333333,8741.145
10363,4839.7139375,8735.9721875
10364,4791.069399999999,8729.438466666666
10365,4936.6278,8724.1196
10366,5626.656736842106,8738.043789473684
10367,5525.897181818182,8723.587545454546
10368,4733.010736842105,8740.610684210527
10369,4648.4089375,8745.6440625
10370,4886.21275,8763.729874999999
10371,5836.3686,8742.575099999998
10372,5377.721111111111,8745.154
10373,4982.76475,8763.42525
10374,5046.444,8750.800428571429
10375,5149.8252,8745.2596
10376,5699.110833333333,8764.094555555555
10377,5189.5325454545455,8768.897818181818
10378,5253.3351999999995,8755.2608
10379,5321.0551428571425,8769.064
10380,5471.845333333334,8772.960791666666
10382,5787.462600000001,8802.753
10383,5134.284666666666,8797.705
10384,5074.675571428571,8773.684571428572
10385,5852.0027,8803.699700000001
10386,5250.392777777778,8823.687111111112
10387,4729.474666666666,8795.033666666666
10388,4897.063777777777,8817.212
10389,5420.4859230769225,8812.443923076922
10390,5315.824083333334,8834.351666666667
10391,4814.093647058824,8800.774823529411
10393,5944.593,8827.559076923077
10394,4953.324571428571,8830.917714285713
10395,5700.2208125,8819.2508125
10396,5014.691090909091,8829.187181818183
10397,5086.099749999999,8841.54525
10398,4761.852,8851.87794117647
10399,5505.4824375,8839.8225
10400,5416.095454545454,8881.405636363635
10401,5751.135666666666,8863.273444444443
10402,4858.764142857143,8860.828714285713
10403,5860.705181818182,8865.936818181819
10404,4972.1916,8868.066499999999
10405,4928.527333333333,8904.423
10406,5592.210428571429,8851.715714285714
10407,5098.608749999999,8884.69875
10408,5042.983111111111,8904.979111111112
10410,5151.163625,8877.9325
10411,4821.152428571429,8886.343857142858
10412,5244.725,8887.975
10413,5480.745111111111,8907.509555555554
10414,4709.853,8905.7298125
10415,5545.524625,8886.022
10416,5692.8474090909085,8895.916
10417,5639.0055,8882.900125
10418,4776.054375,8942.371375
10419,5343.240363636363,8902.192272727274
10420,5116.316888888889,8941.793222222223
10421,5766.639916666667,8940.076000000001
10422,4992.889176470588,8947.49405882353
10423,5283.905,8933.343
10424,5414.694375,8947.83375
10425,5534.591538461538,8947.109923076923
10426,5627.644636363636,8956.343272727272
10427,5200.547230769231,8953.397384615384
10428,5333.014444444444,8974.743111111111
10429,5703.099,8975.014875
10430,5236.415,8981.2565
10431,5277.8432,8986.1592
10432,5500.912499999999,8996.912071428571
10433,5068.6164,8984.4652
10434,5889.22728,8997.871799999999
10435,5156.978454545454,8999.20590909091
10436,3980.9115217391304,9005.37408695652
10437,5396.068818181818,8998.871909090909
10438,5222.903,9030.367272727273
10439,4968.840222222222,9017.533777777779
10440,5300.446142857143,9026.48157142857
10441,5035.3191,9033.966
10442,5795.72225,9008.601999999999
10443,5120.330454545455,9026.116545454546
10444,5709.3320625,9028.802749999999
10445,5596.5055,9017.907214285715
10446,4047.752705882353,9038.410352941177
10447,5458.560428571429,9021.101571428571
10448,5083.081999999999,9035.731666666667
10449,5341.6883333333335,9043.05125
10450,5663.011,9037.8712
10451,4785.3118,9029.8644
10452,4863.2435000000005,9049.81325
10453,5548.662272727273,9069.250909090908
10454,5741.8859999999995,9050.922333333334
10455,5603.8996,9084.4074
10456,4718.6551,9067.6682
10457,5262.6224999999995,9050.0893
10458,5480.518,9081.684166666666
10459,5670.3275625,9073.482375
10460,5136.315166666666,9080.4865
10461,5423.696142857143,9063.265857142858
10462,5366.167363636364,9088.426
10463,5181.032285714286,9092.69642857143
10464,5889.189444444444,9072.940555555555
10465,4753.096714285714,9075.922571428571
10466,4819.170166666667,9076.436833333333
10467,5811.279076923077,9092.740153846154
10469,4969.587642857143,9079.34007142857
10470,5308.3565,9121.219875
10471,5729.2014,9110.946899999999
10472,4859.9055,9105.362000000001
10473,5230.502428571429,9127.065285714285
10474,5034.190266666667,9105.621733333333
10475,5521.701909090909,9114.307909090909
10476,4005.8814375,9096.852156250001
10477,4774.3741875,9127.10075
10478,5421.765222222222,9146.118555555555
10479,5119.8545,9164.095333333333
10480,5467.424714285714,9130.429
10481,5683.341,9141.714333333333
10482,4835.7299375,9132.8736875
10483,5170.760964285714,9162.68425
10484,5628.136588235294,9151.99
10485,5811.1485,9153.928833333333
10486,5257.9755625,9170.5985625
10487,5348.197357142858,9170.588857142857
10489,5956.365642857143,9164.510285714287
10490,5564.448571428571,9176.996785714286
10491,5874.576272727273,9172.154454545454
10492,4783.04945,9182.4819
10493,4860.234454545454,9196.757272727273
10494,5714.1815,9199.2955
10495,4022.520470588235,9186.062941176471
10496,5027.185100000001,9173.6054
10497,4071.2098636363635,9201.360136363637
10498,5483.7789999999995,9172.248
10500,5044.631066666667,9230.638799999999
10501,5408.656480000001,9215.48592
10502,3987.495322580645,9244.195387096774
10503,5638.967,9216.666916666667
10504,5214.730928571428,9218.658714285713
10505,4902.812166666667,9248.954166666668
10506,5785.849636363636,9240.145818181818
10507,5898.726571428572,9233.394857142857
10508,5574.150642857143,9229.953785714286
10509,5852.847888888889,9266.83911111111
10510,4773.425578947368,9235.997157894737
10511,5487.070466666667,9254.747200000002
10512,5136.5535,9225.100388888888
10513,5297.2761875,9241.7656875
10514,5378.685764705882,9265.27182352941
10515,4965.355307692307,9262.81176923077
10516,5941.818266666667,9267.938400000001
10517,5193.602692307692,9287.276153846153
10518,5721.168785714285,9272.671785714285
10519,5023.9402,9291.3962
10520,5591.070625,9275.76725
10521,4717.934666666667,9259.912600000001
10522,5560.249666666667,9289.803
10523,5658.4769166666665,9290.496333333334
10524,5072.932875,9289.287375
10525,5303.040538461539,9293.838307692307
10526,5822.9028,9317.613000000001
10527,4819.340454545455,9306.411772727273
10528,5778.988125,9319.546624999999
10529,4755.775416666666,9305.227166666666
10530,5367.977529411764,9328.070647058823
10531,5526.381714285714,9319.245142857142
10532,5088.7463333333335,9329.573166666667
10533,4062.83012,9309.5116
10534,4922.384681818182,9327.467318181818
10535,4103.170666666667,9342.447
10536,5912.17425,9316.769833333334
10537,5462.879,9325.394
10538,4730.913142857144,9355.287857142856
10539,5167.8312,9346.4171
10540,5252.287833333333,9349.758
10541,5565.476166666667,9351.711166666666
10542,5618.521285714285,9345.591428571428
10543,5332.102454545455,9376.525
10544,4076.6614999999997,9360.9098
10545,5730.768352941177,9381.246470588236
10546,5100.527666666667,9386.71125
10547,5941.8712,9390.789
10548,5861.356714285715,9373.42742857143
10549,4009.89747368421,9384.413368421052
10550,5807.7883571428565,9396.89342857143
10551,5560.002625,9390.3705
10552,4794.938962962963,9384.460703703704
10553,5474.817125,9380.85075
10554,5038.646916666667,9385.411666666667
10555,4860.584333333333,9396.959666666666
10556,4698.379190476191,9398.098333333333
10557,5195.899285714286,9407.33842857143
10558,5270.35115,9417.3703
10559,4080.222538461538,9419.185153846154
10560,4917.899428571429,9407.810857142858
10561,5146.1002499999995,9396.0845
10562,4640.9356875,9425.902625
10563,4976.13,9422.732666666667
10564,5450.365666666667,9450.38211111111
10565,5113.9308,9446.378200000001
10566,5512.346181818182,9456.508727272727
10567,4028.9494375,9446.3081875
10568,5202.039083333334,9470.723166666667
10569,4907.812363636363,9475.600272727273
10570,5322.867368421053,9458.468631578948
10571,5389.249928571428,9427.506214285715
10572,5736.958333333333,9441.267166666667
10573,5807.865333333333,9457.307
10574,5069.772636363636,9470.057954545455
10575,4690.99562962963,9474.53362962963
10576,5132.220928571428,9493.842642857142
10577,5885.622166666667,9471.9365
10578,5409.3015000000005,9482.846
10579,4047.869217391304,9499.229956521738
10580,4992.320642857143,9494.017214285715
10582,5981.752647058824,9481.594058823528
10583,5560.7358,9482.5293
10584,5657.245333333333,9493.3945
10585,4792.777642857143,9492.233035714287
10586,5688.8922,9499.3498
10587,4596.904416666667,9513.656083333333
10588,5731.558714285714,9504.668285714286
10589,5774.351000000001,9516.7948
10590,5942.827333333333,9501.101666666666
10591,4656.230941176471,9530.308470588236
10592,4905.26325,9540.082166666667
10593,5267.663307692308,9525.535923076923
10594,5701.2413333333325,9534.985999999999
10595,5006.142625,9540.51725
10596,5422.756956521739,9552.193000000001
10597,5534.3624,9528.5662
10598,5899.4965,9538.8195
10599,5104.6585000000005,9554.201916666667
10600,4830.314611111111,9551.153666666667
10601,5655.602857142857,9547.01742857143
10602,5785.119545454546,9571.916363636365
10603,4766.4735,9568.6334
10604,5333.458636363636,9555.839954545454
10605,5484.650583333333,9581.73625
10606,4698.563666666666,9581.237333333333
10607,5567.761416666667,9585.54175
10608,4606.23068,9594.2594
10609,5840.575666666667,9581.319166666666
10610,5628.450285714286,9598.568285714286
10611,4041.92848,9587.35968
10612,5714.604444444445,9603.505444444445
10613,5905.540444444445,9592.507666666666
10614,5067.61975,9596.57275
10615,4861.62647368421,9607.783421052633
10616,5267.5983076923085,9609.633846153847
10617,4947.19825,9620.904416666666
10618,5009.360454545455,9638.210090909091
10619,5857.715722222222,9643.331888888888
10620,4588.112666666667,9647.0075
10621,5395.313272727273,9645.287272727273
10622,5486.027615384615,9668.161423076923
10623,5650.484952380952,9653.710857142858
10624,5550.73375,9650.119
10625,5269.098625,9651.118625
10626,5070.5899,9671.4819
10627,5165.39685,9685.4581
10628,5751.0257142857145,9649.664357142858
10629,4042.1503225806455,9679.001903225806
10630,5913.940071428571,9678.961500000001
10631,4670.198047619047,9664.485285714285
10632,4905.1242,9685.195
10633,5265.23325,9697.953375000001
10634,4849.437428571428,9707.614285714286
10635,4747.240821428571,9693.790785714285
10636,5767.878571428571,9716.561
10637,5609.216380952381,9738.687
10638,5856.011230769231,9706.322384615383
10639,5675.616777777777,9717.20388888889
10641,4547.6474375,9719.4499375
10642,5252.241266666667,9758.588
10643,5152.195954545455,9746.872181818182
10644,5719.667222222222,9759.127222222223
10645,5989.315444444444,9747.693888888889
10646,4902.423923076923,9774.337923076922
10647,4552.4786,9779.2564
10648,4653.155636363636,9760.693181818182
10649,4974.98,9780.956166666667
10650,5801.6696363636365,9767.447363636364
10651,5922.8307,9761.0411
10652,3993.05848,9801.15232
10653,5373.327333333333,9758.904523809524
10654,5052.912588235294,9807.153823529412
10655,5447.876666666666,9788.844583333334
10656,4586.342166666666,9809.934916666667
10657,5360.49675,9806.6705
10658,5858.476941176471,9809.296176470589
10659,4512.677333333334,9811.4305
10660,4742.445954545455,9796.288227272727
10661,5529.932199999999,9802.2994
10662,5672.6655625,9814.539125
10663,5273.06985,9817.5964
10664,5929.34912,9838.203000000001
10665,5182.8935,9827.46775
10666,4953.9298181818185,9857.858363636364
10667,4833.851857142857,9816.721857142857
10668,5796.0945,9850.85325
10669,4671.676333333334,9859.267333333333
10670,5542.504285714285,9864.18657142857
10671,4018.08035,9885.04975
10672,4461.422555555556,9886.716444444444
10675,5649.654090909091,9869.042090909092
10676,4626.400500000001,9889.831071428573
10677,4520.182777777778,9872.083
10678,5749.629083333333,9871.979083333334
10679,4764.523,9889.8749375
10680,5256.156823529412,9893.789999999999
10681,5854.567578947368,9899.749052631578
10682,5467.117333333333,9895.1685
10683,4887.5935,9884.224666666667
10684,5379.161428571429,9901.440857142856
10685,5526.87,9916.816333333334
10686,4557.86425,9912.1825
10687,5201.072666666667,9894.51988888889
10688,5134.2265,9927.322214285714
10689,5316.1214615384615,9913.692076923076
10690,5592.915,9949.058375
10691,4495.921619047619,9929.843904761905
10692,5656.8876666666665,9921.0325
10693,4822.7216,9953.622333333333
10694,5490.1030769230765,9956.716615384616
10695,5711.697999999999,9933.989
10696,5799.239571428571,9942.019571428571
10697,3981.8938157894736,9951.048394736841
10698,5660.508928571428,9980.065642857142
10699,4050.129888888889,9965.174
10700,4899.2696153846155,9977.701769230769
10701,5243.680481481481,9966.708629629631
10702,5328.977833333333,9964.051
10704,5382.071285714285,9986.824571428571
10705,5884.042272727273,9961.867
10706,6109.902411764706,8000.380823529411
10707,6510.963,8000.377333333333
10708,6667.49675,7995.4400000000005
10709,7200.657636363636,7994.277636363637
10710,7743.45975,8020.89725
10711,7932.033100000001,7999.9875
10712,7856.684666666667,7972.226266666667
10713,6902.744888888888,7975.095222222222
10714,6950.197999999999,8035.5879
10715,6280.0983636363635,7992.097090909091
10716,6997.00525,8013.84875
10717,7085.602714285714,8036.564285714286
10718,6177.1303333333335,8025.504666666667
10719,6304.196266666667,8052.975600000001
10720,7035.46575,8051.58215
10721,6668.4474,8054.2208
10723,7241.4245,8043.795
10724,6881.751916666667,8060.608916666667
10725,6702.984,8055.34275
10726,6052.286384615384,8064.450846153846
10727,7607.3156,8053.8932
10728,6112.0427500000005,8066.537083333334
10729,7405.455538461539,8059.345923076923
10730,7814.2762,8060.1894
10732,6761.5857000000005,8073.0165
10733,6222.119944444445,8070.425833333334
10735,6358.290357142857,8078.994642857143
10736,7906.638499999999,8081.700999999999
10737,6550.925909090909,8066.162227272726
10739,7532.977066666667,8055.8876
10740,7319.461666666667,8093.4783333333335
10741,7645.327125,8109.30625
10743,7489.2194,8099.6876
10744,6166.9996363636365,8104.179999999999
10745,7177.563454545455,8116.208454545455
10746,7031.228692307692,8107.972769230769
10748,7781.750857142857,8126.757285714286
10749,7733.566363636363,8151.6516363636365
10751,6205.0842,8153.438800000001
10752,6618.8478749999995,8157.934125
10753,7123.803000000001,8159.3297826086955
10754,7514.559076923077,8149.6124615384615
10756,7367.9592,8143.097599999999
10757,7619.216,8206.6492
10758,6380.539583333334,8168.422625
10759,7802.33675,8177.259749999999
10760,6010.1672499999995,8160.473916666667
10761,6806.977333333333,8168.0109999999995
10762,6872.496,8167.420666666666
10763,6267.3306,8174.1909
10764,6707.488333333334,8168.538666666667
10765,6067.634666666668,8200.323
10766,7277.27225,8171.33625
10767,7429.9705,8188.019166666666
10768,7554.3623157894735,8217.186789473684
10769,6943.792181818181,8220.54909090909
10770,7711.6468,8222.241733333334
10771,7494.315799999999,8215.389
10772,6459.825833333333,8222.24675
10773,7266.679833333333,8225.702333333333
10774,7202.025818181818,8205.191363636362
10775,6537.060333333333,8212.004888888889
10776,6616.80125,8229.124749999999
10777,6714.054625,8239.101
10778,7362.109333333334,8226.329749999999
10779,7446.3065,8243.15775
10780,6849.4929999999995,8239.152
10781,7099.751538461539,8222.554538461538
10782,7833.395142857144,8244.315142857142
10783,6196.8228,8243.038266666666
10784,7777.812625,8256.19125
10785,7936.325047619048,8221.396714285715
10786,6777.780454545454,8245.24990909091
10787,7638.039545454545,8237.475363636362
10788,6357.2555,8248.637
10790,7413.120222222222,8258.398222222222
10791,6076.009999999999,8251.493666666667
10792,7214.0495,8257.838749999999
10793,6013.75876923077,8239.972538461538
10794,7138.723545454545,8284.495545454545
10795,6931.4619375,8278.698125
10797,7081.863,8272.986333333334
10798,6588.701666666667,8285.39625
10799,6050.571411764707,8309.214
10800,6127.745846153846,8255.41323076923
10801,6444.515888888889,8288.901555555556
10804,7581.485222222222,8288.10811111111
10806,7363.442,8314.6068
10808,6851.710777777777,8299.990333333333
10809,7053.4225,8339.564166666667
10811,6527.649153846154,8319.645615384616
10812,7296.197875,8310.20025
10813,7874.587875,8329.903125
10814,7222.8823,8321.6203
10815,7648.297181818182,8329.62690909091
10816,7766.583375,8338.663250000001
10818,7499.5133076923075,8326.26776923077
10819,7571.7395,8330.958
10820,6173.9259,8336.5262
10821,7819.3289,8334.26455
10822,7954.581866666666,8326.566933333334
10823,6357.862,8330.159599999999
10825,6862.297692307692,8353.127692307693
10826,6304.9718571428575,8340.793857142857
10827,6470.843666666667,8363.517888888888
10828,7253.226125,8352.834125
10829,6708.396384615385,8357.068923076924
10830,7298.6265,8364.911
10831,7534.526,8382.2665
10833,7417.875272727272,8371.534
10834,6946.0690625,8363.8744375
10835,6526.673142857143,8383.393285714285
10836,7212.819666666666,8393.814666666667
10837,7002.2554,8371.8354
10838,7896.754285714285,8405.67942857143
10839,6615.167272727273,8388.217818181818
10840,6382.289714285714,8401.603857142856
10841,7598.375642857143,8409.568071428572
10843,6114.590625,8396.5741875
10844,6892.5782500000005,8396.52475
10846,7473.723545454545,8406.584454545455
10847,6811.09675,8407.786833333334
10848,7772.24825,8401.09175
10849,6234.8844,8391.319599999999
10850,6565.747,8423.3850625
10851,6305.537214285715,8398.376928571428
10853,7113.883777777777,8406.363333333335
10854,6021.405142857143,8394.060047619048
10855,6184.31,8416.381444444445
10856,6733.42,8411.518714285714
10857,7390.147000000001,8424.194444444445
10859,7735.561600000001,8447.8302
10861,6997.766666666666,8436.239555555556
10862,7310.991272727272,8436.893818181818
10863,6442.4793125,8454.3278125
10864,7218.916666666667,8447.848666666667
10865,6273.339666666667,8460.812800000002
10866,6509.0380000000005,8460.951571428572
10867,7473.7395,8475.234
10868,7144.5872,8474.2077
10869,7034.270166666666,8485.136166666667
10870,6231.2735,8504.8788
10871,7675.703615384615,8472.642846153847
10872,7236.9094,8482.4444
10873,6739.8595000000005,8482.503625
10874,7352.069428571428,8502.990142857143
10875,6027.482230769231,8485.315692307691
10876,6674.774571428571,8503.19642857143
10877,7572.919416666667,8496.72475
10879,7923.9254,8491.4022
10881,6380.02323076923,8494.388846153846
10882,6142.537461538461,8499.476384615384
10883,6312.098000000001,8510.3845
10884,7406.876333333334,8533.810833333335
10885,7508.2570000000005,8543.57025
10886,6969.733749999999,8515.85045
10887,7066.184,8539.689
10888,6763.9766666666665,8542.020083333335
10889,7598.171400000001,8556.41
10890,7971.917,8556.065538461538
10891,6501.543789473684,8528.899789473684
10892,7166.6208,8557.278
10893,6185.615125,8562.2463125
10896,6088.145818181819,8546.17059090909
10897,6359.144545454546,8577.54909090909
10898,6433.3085,8561.145583333333
10899,6478.936,8579.4582
10900,5986.863263157895,8570.17094736842
10901,6872.355,8570.5825625
10902,7060.401666666667,8582.736133333334
10903,7299.0489,8597.5066
10904,7922.685142857144,8590.811714285714
10905,7391.742076923077,8590.66176923077
10906,7594.0235555555555,8616.841222222221
10907,7866.591,8576.4916
10908,7109.15975,8629.34375
10909,6839.296333333333,8636.890000000001
10910,6338.1724,8632.2166
10911,7653.696888888889,8631.834666666668
10912,6577.133692307692,8619.223307692308
10913,6654.55275,8632.08425
10914,6236.411555555555,8619.369111111111
10915,6493.3369999999995,8632.9155
10916,6140.632642857143,8622.1575
10917,6045.2390000000005,8642.619928571428
10918,7367.951571428572,8637.355857142857
10919,6409.135578947368,8656.835105263157
10920,6933.77625,8639.108
10921,7894.096454545454,8673.754727272726
10922,7532.9565,8656.510375
10923,6221.57075,8666.13
10924,6482.794,8680.971384615385
10925,6902.627,8691.2761
10926,6102.82,8674.43075
10927,7193.518666666667,8657.974666666667
10928,7452.736181818182,8659.745818181818
10929,6610.671399999999,8703.4193
10930,6305.165,8679.31525
10931,7336.7485,8683.6595
10933,7040.5285,8696.766875
10934,7137.767857142857,8718.271857142858
10935,6017.2305,8715.41275
10936,6332.1777999999995,8732.684799999999
10937,6500.218666666667,8726.028
10938,7660.384615384615,8719.305307692308
10939,7323.4563333333335,8735.628222222222
10940,6274.224428571428,8730.346
10941,7517.015916666667,8725.12175
10942,7843.3733999999995,8723.060266666665
10943,7428.2837,8737.959299999999
10944,7732.698166666666,8737.971166666668
10945,7243.474000000001,8749.813863636364
10946,6190.268133333333,8757.251866666666
10947,6115.030875,8771.538125000001
10949,7583.186777777777,8758.470888888889
10950,6483.352833333333,8783.305833333334
10951,6899.459142857143,8773.829071428572
10952,7953.288642857143,8756.275357142857
10953,7638.186299999999,8793.1982
10955,7046.645909090908,8778.895363636364
10956,7547.60788888889,8796.597444444446
10957,6404.726833333334,8793.484166666667
10958,7776.878777777778,8773.347888888888
10959,7276.873277777778,8806.946777777779
10960,6034.060444444444,8775.918333333333
10961,6957.414875,8804.955750000001
10962,7698.829,8811.123307692307
10963,6149.490434782609,8819.680130434783
10964,7133.884391304348,8799.395304347827
10965,7889.816,8810.666285714286
10966,7436.4525,8830.06525
10967,6679.1965,8824.01625
10968,7536.519666666666,8855.844666666666
10969,6802.849,8822.949625
10970,6031.68290909091,8841.163727272728
10971,6733.5109999999995,8845.458666666667
10972,6446.663111111111,8863.460666666668
10973,7029.830727272728,8854.176181818182
10974,7456.483499999999,8871.349333333334
10975,7767.61790909091,8870.87890909091
10976,7158.868071428572,8876.529428571428
10977,7620.1323999999995,8855.7792
10978,7397.668153846154,8855.164461538461
10979,6808.6754210526315,8887.43542105263
10980,7250.560444444444,8879.32911111111
10981,7081.2925,8887.154
10982,6541.445615384616,8875.554923076923
10983,6631.21675,8890.5
10984,7586.976272727273,8897.325545454545
10985,7683.467625,8892.509125
10986,6219.362625,8894.79775
10987,6069.670666666666,8918.560666666666
10988,6127.5869999999995,8908.03075
10989,7420.004142857143,8919.903857142857
10990,7832.999333333334,8907.170777777777
10992,6022.984764705882,8932.911705882354
10993,6866.1860625,8932.373
10995,6698.3932,8926.500100000001
10997,7483.888263157895,8937.432
10998,7019.4595,8949.6626
10999,6485.381416666667,8938.595083333334
11000,7825.890399999999,8960.3066
11001,6767.989307692308,8956.987000000001
11002,6186.14525,8962.12595
11003,6301.360916666667,8941.699916666666
11004,6134.208111111111,8958.86588888889
11005,7232.65680952381,8948.083238095238
11006,6242.716571428572,8959.914285714285
11007,6623.945777777778,8958.025333333333
11009,7137.3983124999995,8979.230875
11010,7860.37425,8984.370125
11011,6707.070583333333,8993.518333333333
11012,6072.827,8994.4591
11013,7203.3991428571435,9003.300928571429
11016,6333.8913,8988.987
11017,6487.280375,8997.99125
11018,7809.389428571429,8999.026571428572
11019,7281.277421052632,9009.449210526316
11020,7954.2045,9010.1655
11021,6393.131555555556,9019.559888888889
11022,7881.134375,9042.415875
11023,7007.091944444444,9037.62338888889
11024,6310.207375,9031.677375
11025,7158.3649000000005,9025.511
11026,7455.07675,9034.234166666667
11027,7745.287666666667,9034.195666666667
11028,6779.0891599999995,9032.347759999999
11029,6094.2382727272725,9050.41290909091
11030,6669.292384615385,9045.192615384616
11031,6240.201625,9051.99375
11032,7679.969642857142,9058.216928571428
11033,7528.7585714285715,9048.373952380953
11034,7088.229300000001,9057.913700000001
11035,7807.617200000001,9060.7346
11037,7174.460777777777,9080.714
11038,6455.627666666666,9070.352666666666
11039,6737.688,9097.907733333333
11040,7221.7549,9077.9171
11041,7601.210384615385,9072.94376923077
11042,6004.318533333334,9057.0364
11043,7348.303,9077.699666666667
11044,6534.002333333334,9093.836833333333
11045,7916.9209,9089.1736
11046,7746.4765,9092.269
11047,6238.864714285714,9117.274142857143
11048,6647.7916428571425,9095.134571428573
11050,6147.641111111112,9108.643444444444
11051,7275.8928235294115,9101.070058823529
11052,7098.726307692307,9114.557307692306
11053,6397.719923076923,9112.265461538462
11054,7377.692499999999,9136.398714285713
11055,6910.4906666666675,9119.958916666666
11056,6575.6201875,9127.0606875
11057,7561.129,9119.767846153847
11058,6311.552875,9142.578625
11059,6063.391625,9120.6948125
11060,6660.07925,9148.506125
11061,7480.814933333333,9130.451133333332
11062,7778.562125,9147.532
11063,7876.353999999999,9135.764666666668
11064,6599.91,9164.175333333333
11065,6742.693,9152.240222222223
11066,6810.633066666666,9167.391533333333
11067,7298.095384615385,9183.970307692307
11068,6439.398625,9168.375875
11069,7644.742153846154,9185.253846153846
11070,6070.305,9190.203
11071,6962.876266666667,9180.580533333332
11072,7176.027950000001,9177.75785
11073,6005.533333333334,9183.522444444445
11074,6112.425,9189.013
11075,6498.130727272727,9164.97409090909
11076,7785.259071428572,9214.311785714286
11077,6369.855727272728,9187.46509090909
11079,6244.929,9184.567454545455
11080,7056.457615384616,9206.883923076923
11081,6557.300466666667,9204.854599999999
11082,7514.969999999999,9203.8482
11083,6628.778846153846,9208.992923076923
11084,6684.6383000000005,9222.420900000001
11085,6739.772833333333,9221.841833333334
11086,6859.790727272728,9223.064727272727
11087,6297.673,9231.106666666667
11088,7711.8825,9215.065166666667
11089,6431.4547,9224.971000000001
11090,6057.1716,9240.6066
11091,6228.36425,9252.05675
11092,7208.3465,9245.870499999999
11093,7642.157666666666,9239.496833333333
11094,6127.0615,9251.1205
11095,6772.648272727273,9244.387545454547
11096,6983.439444444444,9246.032888888889
11097,6369.67075,9241.454
11098,7557.61375,9261.92725
11099,7962.880666666667,9277.518333333333
11100,6652.65775,9277.674500000001
11101,6191.968800000001,9280.6392
11102,7032.7205,9279.5095
11103,7686.6702000000005,9274.525599999999
11104,6583.468538461539,9275.676461538462
11105,7861.683,9294.999333333333
11106,6512.719933333333,9276.727799999999
11107,7286.4035,9278.302083333334
11109,6329.5689999999995,9287.566333333332
11110,7439.590857142857,9268.852
11111,6034.1739,9302.1142
11112,7515.452,9297.3216
11113,6770.231,9316.968
11114,6105.133090909091,9298.685818181817
11115,6945.027222222223,9311.015333333335
11116,7085.516538461538,9287.439153846153
11117,6279.5012,9297.7466
11118,6465.8552500000005,9311.955
11119,7575.9895,9304.36
11121,6375.110333333333,9322.709666666668
11122,6593.027857142857,9335.570000000002
11123,6714.7585,9316.7475
11124,6836.073923076923,9300.938153846153
11126,6510.2755,9341.842
11127,7379.1776666666665,9323.027222222221
11128,7620.860500000001,9342.72775
11130,7796.8395,9302.33975
11131,6023.554,9360.9835
11132,6248.5175714285715,9350.236285714285
11134,7859.156999999999,9343.532
11135,6901.039250000001,9335.582166666667
11136,6636.162666666667,9353.698222222221
11137,6810.125,9361.879272727272
11139,6088.99,9366.660923076923
11140,7123.885636363636,9352.526818181817
11141,7051.192999999999,9389.149545454546
11146,6560.10575,9380.420875
11147,6157.9184444444445,9363.231222222223
11148,6372.527400000001,9388.9188
11149,6430.005166666667,9365.842833333334
11150,6690.207,9354.091499999999
11152,6734.43975,9376.22175
11153,7226.723,9383.024
11154,7740.86875,9370.60025
11155,6802.795785714286,9426.8325
11156,6286.586,9383.452166666668
11158,6870.3434,9389.4715
11161,6214.7123,9400.295900000001
11162,6984.457375,9404.613625
11163,7278.032285714285,9396.957285714287
11165,6500.611800000001,9410.4895
11166,6628.291285714286,9408.541285714286
11167,6671.259,9415.393571428573
11168,6316.50275,9412.708999999999
11169,7344.683714285714,9416.5
11170,6171.131333333334,9429.145999999999
11171,6577.69175,9431.44825
11172,7129.8983333333335,9420.889
11173,7231.823600000001,9435.259600000001
11174,6935.127117647059,9438.327823529413
11175,5986.935153846154,9424.433615384616
11176,6074.621999999999,9436.25
11177,6737.075384615384,9455.62523076923
11179,6879.247333333333,9427.802333333333
11180,6346.870333333333,9463.999
11181,6116.026400000001,9447.560800000001
11182,6474.118571428572,9462.783285714288
11183,7056.98675,9444.2515
11184,6416.3362,9462.7636
11185,6604.2644,9475.5167
11187,7136.756785714286,9474.732642857143
11188,6891.5885,9495.8015
11190,6664.49425,9491.411375
11192,6206.129666666667,9480.411555555555
11195,6273.485333333333,9495.924666666666
11196,6736.967,9501.051
11197,6534.5045,9486.6175
11198,6042.454133333334,9502.016733333332
11200,7206.97375,9499.3265
11201,6429.374333333333,9537.567333333332
11202,6125.254615384615,9530.270615384616
11203,6560.528,9535.3692
11204,6475.4642,9545.373
11205,7074.44475,9562.34975
11206,6227.826714285714,9542.83857142857
11207,6833.558249999999,9517.223083333332
11208,7148.169000000001,9546.774
11209,5998.821714285715,9547.879285714285
11210,6370.723375,9540.912125
11211,6925.669384615385,9540.79423076923
11212,6280.3903,9543.1673
11213,6645.308875,9563.217625
11214,6997.973,9557.3452
11215,6719.237,9562.168714285714
11217,6055.730736842105,9566.367684210527
11218,6174.396727272728,9573.780272727272
11219,6872.44175,9577.074
11221,6503.399166666667,9600.5725
11224,6743.388571428572,9618.858714285714
11225,6581.017444444445,9614.915555555555
11227,6449.237,9589.048
11228,7251.335,9618.31925
11229,6026.7108333333335,9619.698833333334
11230,6124.360428571429,9628.305571428571
11231,6392.17375,9622.79225
11233,6808.3476666666675,9607.0605
11235,6334.863555555556,9614.003
11237,7084.948666666666,9620.107666666665
11238,6667.315,9637.258333333333
11240,6944.183444444444,9620.069666666668
11241,7310.189,9663.588
11243,6534.8902,9662.268399999999
11244,6856.734,9671.523333333333
11245,6232.28695,9620.81345
11246,6075.745923076923,9653.027461538462
11247,6291.3877142857145,9642.021428571428
11248,6800.801333333333,9673.462666666666
11250,6133.8769999999995,9663.477777777778
11253,6450.479600000001,9684.821
11254,7452.573,9690.987666666666
11255,6223.40125,9691.163125
11257,7743.7265,9681.377333333334
11258,6609.0072666666665,9679.968133333334
11260,6086.583500000001,9710.3245
11261,6024.613571428571,9699.516357142857
11262,6379.969,9715.470000000001
11264,5974.285533333333,9626.787133333333
11265,6303.0277857142855,9705.073357142857
11267,6772.034833333334,9713.3185
11268,7623.961499999999,9696.07125
11272,6493.182583333334,9733.319166666666
11273,6162.619199999999,9725.429800000002
11274,6555.217666666666,9718.203666666666
11275,6234.832666666666,9745.745
11279,6089.428,9736.685399999998
11280,6351.3953,9749.9894
11281,6990.750166666668,9746.772833333334
11283,6307.572111111111,9763.12611111111
11286,6551.6005000000005,9760.204249999999
11287,6919.54975,9741.85525
11288,6624.7122,9770.247800000001
11289,6695.9905,9764.3713
11292,6108.865444444444,9790.157555555556
11293,6400.520142857144,9766.837857142857
11296,6858.933571428571,9763.320142857143
11298,6034.557833333333,9775.563
11300,6221.914666666667,9799.193333333335
11301,6792.87,9822.80975
11303,6163.4598,9802.161100000001
11304,6367.864833333333,9823.567666666668
11305,6918.953666666666,9808.014000000001
11308,6559.201727272727,9824.921818181818
11309,6738.5094,9803.8588
11311,6641.730428571428,9855.933428571429
11312,6256.561555555556,9852.506444444443
11313,6498.4586,9811.9562
11315,6016.425571428571,9845.502214285714
11318,7081.8045,9851.86375
11319,6407.419285714285,9858.830714285714
11320,6585.958818181819,9870.051181818182
11321,6697.474,9868.4682
11323,6159.6124,9884.0982
11325,6056.4484999999995,9888.541166666668
11328,6761.457333333334,9880.019555555557
11331,6128.5822,9898.1316
11332,6596.9454,9936.944
11333,6235.357666666667,9912.2885
11335,6395.174666666667,9914.983
11336,6352.69075,9907.061
11337,6656.953666666667,9944.921
11342,6835.115333333334,9899.779
11346,6091.181555555555,9959.133666666668
11349,8436.97788888889,7987.689777777778
11350,8500.023571428572,7997.895142857143
11351,9277.352454545455,7998.444909090909
11352,9059.534428571429,7980.079857142858
11353,9419.99775,8025.50875
11354,8324.782333333333,8027.259222222222
11355,8200.0903,8003.8732
11356,8047.80776923077,8025.695461538461
11357,9341.10553846154,8047.823615384615
11358,9177.232,8029.049800000001
11359,8851.484454545454,7998.171181818182
11360,9496.289727272728,8038.043090909091
11361,9818.592111111111,8032.954444444444
11362,8700.5046,8045.9446
11363,8178.326222222222,8063.709333333334
11364,9670.526333333333,8043.36425
11365,8093.5722857142855,8081.085857142857
11366,8631.9247,8052.974700000001
11367,8393.248375,8058.933625
11368,8924.37475,8064.337583333333
11369,9140.711888888889,8071.462222222222
11370,8558.39525,8069.425
11371,8260.498,8070.548
11372,8737.612,8075.092285714286
11373,8460.499249999999,8050.91725
11374,7982.794923076924,8110.9286923076925
11375,9960.948363636364,8060.122363636364
11377,9088.31325,8074.500125
11378,8522.181571428571,8096.435571428571
11380,8812.101071428571,8069.673928571428
11381,9616.2605,8101.2685
11382,9786.073666666667,8092.708333333333
11383,9653.314666666665,8104.601111111111
11384,8258.002999999999,8136.003833333333
11386,9854.9258,8110.458199999999
11390,9036.434666666666,8115.084333333333
11391,9139.36311111111,8130.399111111112
11392,8447.784666666666,8112.905
11393,8331.5423,8143.7459
11394,8752.2682,8119.522
11395,9214.3640625,8110.85475
11397,9275.523125,8146.2166875
11398,8577.998666666666,8135.292
11399,9634.979571428572,8135.926
11400,9528.253636363635,8142.549363636364
11401,8419.232285714286,8138.382
11402,8602.298333333334,8144.902999999999
11405,8120.530000000001,8125.975777777779
11406,8204.489125,8134.61775
11408,8510.828,8152.795333333333
11409,8924.112428571429,8125.471928571429
11410,9825.902555555556,8157.354444444445
11411,8799.002727272727,8158.500545454545
11412,9202.1885,8189.267600000001
11413,8705.032272727272,8183.145454545455
11414,9684.62275,8152.36675
11415,8869.639833333333,8173.703166666666
11416,8134.985,8192.81825
11417,8025.270875,8170.171875
11418,9086.690999999999,8192.748944444444
11419,8480.234166666667,8190.306666666666
11421,9430.470000000001,8176.31425
11423,8943.7206,8214.0667
11424,8996.2136,8176.734600000001
11426,8212.2628,8213.608400000001
11427,8426.663666666667,8232.036666666667
11428,8805.9917,8218.222099999999
11429,8612.166666666666,8211.082
11430,8340.596,8221.298333333332
11431,8290.241750000001,8217.419
11432,8555.137571428571,8209.653142857143
11433,9648.610692307691,8237.617538461538
11434,9722.02057894737,8228.705368421053
11435,8699.3355,8242.6155
11436,9893.753727272728,8214.542545454546
11437,8895.459285714285,8236.719857142858
11438,9825.156705882353,8249.286647058823
11439,9020.93575,8236.336375
11440,8134.666,8246.960727272728
11441,8518.712666666666,8247.587833333333
11442,9149.50975,8231.899833333333
11443,9497.742916666668,8259.587666666666
11444,8435.819428571429,8283.732142857143
11446,8253.370444444445,8271.861444444445
11447,8050.487416666667,8280.50675
11448,8752.53275,8268.119625
11449,9409.803153846155,8273.532461538462
11450,8821.968400000002,8275.1696
11452,9012.654499999999,8300.360833333334
11453,9074.78975,8274.311625
11454,8652.845666666666,8267.938833333334
11455,8952.551000000001,8287.5026
11456,8309.3888,8304.8712
11457,9786.620266666667,8293.0342
11458,8637.735666666667,8327.3505
11460,8776.52975,8322.494
11462,8366.5704,8299.7998
11463,9213.897076923076,8297.44823076923
11464,8171.757416666667,8300.054916666666
11465,8588.567200000001,8329.9516
11466,9440.030285714285,8317.013714285715
11469,8723.04975,8320.70975
11471,8067.3892857142855,8328.067571428572
11472,9396.3001,8338.475699999999
11473,8882.6122,8355.974400000001
11474,9612.302888888888,8335.298222222222
11475,9459.501714285714,8342.921142857143
11476,8811.338,8352.876714285714
11477,8127.2267999999995,8351.6641
11478,9319.539944444445,8334.303277777777
11479,9741.471222222222,8347.745555555557
11480,8995.026833333333,8339.897833333334
11481,8510.112857142858,8327.487071428572
11482,9090.646375,8354.060875
11483,8308.513461538461,8356.351384615384
11484,9153.403181818181,8355.625636363637
11485,8445.14025,8366.354833333333
11486,9034.82025,8368.57
11488,8705.410642857143,8372.869214285714
11489,8495.922666666667,8402.718
11490,8184.140375,8389.06225
11491,8943.36492857143,8374.993928571428
11492,8072.5185,8396.7734
11493,8858.337733333332,8406.9634
11494,8563.8197,8397.6626
11495,9214.514,8394.862714285715
11496,8387.5675,8397.945833333333
11497,8647.516,8407.164499999999
11498,8001.468357142857,8381.227
11499,8766.1499375,8395.6013125
11500,9009.494428571428,8414.609142857142
11501,9576.510125,8403.984625000001
11502,9310.659555555556,8423.063
11503,9665.005333333333,8402.348555555556
11504,9250.518,8422.886
11505,9437.0473,8412.0347
11507,9865.37025,8410.046333333334
11508,9104.944599999999,8434.499466666666
11509,8452.155285714285,8434.854142857143
11510,8803.231083333334,8466.099
11511,9756.58490909091,8431.735363636362
11512,9180.177363636363,8455.873272727273
11513,7991.812357142858,8455.397071428572
11514,8245.628466666667,8460.991466666666
11516,9515.189,8449.278857142857
11517,9920.455125,8448.02125
11518,9041.263666666668,8458.405166666666
11519,9383.924500000001,8462.759944444444
11520,8599.062,8454.945
11521,9248.0844,8472.044899999999
11522,8867.832400000001,8489.6702
11523,8403.480333333333,8478.593666666666
11524,8958.735444444445,8486.957333333332
11525,9724.4872,8481.392600000001
11526,8117.298625,8453.00225
11528,8327.1915,8470.568374999999
11529,8692.54025,8465.3455
11530,8747.4815,8502.436
11532,8505.47875,8493.53275
11534,8170.899866666666,8511.437800000002
11536,9039.93011111111,8510.453333333333
11537,9158.985999999999,8518.51288888889
11538,9278.498666666666,8517.947
11539,8274.156500000001,8522.315
11541,9678.358933333333,8519.7988
11542,9890.242714285714,8523.648214285715
11544,9593.442,8537.2496
11546,8420.470500000001,8535.756166666666
11547,9098.699142857144,8543.121142857142
11548,9809.57042857143,8541.754428571428
11549,8246.39225,8555.8805
11550,8581.9998,8534.0979
11551,8958.240125,8555.46025
11552,8646.156666666668,8554.074
11553,9670.251,8579.495333333332
11554,9384.231428571427,8539.167857142858
11555,9497.198,8570.4775
11556,9544.540400000002,8565.012200000001
11557,9264.32042857143,8563.485857142858
11558,9327.746111111112,8552.040888888889
11559,8338.416285714286,8576.235142857144
11560,9220.149285714286,8563.735285714285
11561,9064.623749999999,8590.2235
11562,8198.553,8592.783833333333
11563,8772.538375,8584.20075
11565,8450.577285714286,8584.07042857143
11566,9408.443142857142,8606.282428571429
11568,8080.126499999999,8565.008833333333
11571,8897.061,8589.451333333334
11572,9303.11788888889,8615.793
11573,8817.140857142858,8594.974714285714
11575,9459.680875,8620.062875
11576,8939.703000000001,8621.7745
11577,9894.802333333333,8637.679
11578,8098.7162499999995,8628.58125
11579,8687.624,8616.55
11580,9001.753571428571,8625.684428571429
11581,9634.653857142857,8625.939
11582,9128.783833333333,8627.004
11583,8612.543375,8619.101625
11584,8460.801000000001,8637.1398
11585,9354.369416666666,8633.737166666668
11586,9957.343666666668,8646.588666666667
11587,9057.796999999999,8641.2435
11588,9217.85075,8645.29475
11589,8273.448571428571,8644.655571428571
11590,8391.012142857144,8657.104428571429
11591,8791.82275,8657.264875
11592,9355.173,8675.143666666667
11595,8173.922444444444,8681.299777777778
11596,8912.282142857142,8675.913428571428
11597,8450.66025,8679.97275
11598,9662.241833333333,8677.729000000001
11599,8682.925166666666,8680.661333333333
11600,9405.480666666666,8666.856
11601,9857.436,8686.40625
11602,8738.507625,8688.64475
11603,9172.2885,8688.944
11604,8955.5895,8691.431166666667
11605,8564.3385,8696.0595
11606,9466.6456,8686.1646
11607,8041.485500000001,8696.535642857143
11608,8276.646571428571,8706.123428571429
11609,8632.540400000002,8706.1106
11611,9004.365666666667,8692.879333333332
11612,9529.385400000001,8684.507300000001
11613,9764.2248,8695.544899999999
11614,9344.410666666668,8711.339666666667
11615,9257.637714285715,8708.739
11616,8353.43075,8719.8495
11619,8502.000555555556,8722.364222222222
11621,8196.355800000001,8736.3064
11622,9152.8122,8726.2422
11625,9491.206666666667,8744.624888888888
11626,9944.684,8729.561
11627,9199.100857142857,8753.311
11628,8971.976,8752.441499999999
11630,8906.5014,8750.0633
11631,8726.859,8738.298285714285
11633,8303.233199999999,8763.108
11634,8783.745333333334,8749.081
11635,9835.283,8770.2925
11636,9896.7608,8746.7456
11638,8618.325166666667,8751.492333333334
11639,8679.929125,8756.461
11640,9638.946066666666,8755.995200000001
11641,9268.732777777777,8769.481777777777
11642,9978.6545,8773.393
11643,9064.393222222223,8740.985
11645,8172.578083333334,8780.887499999999
11646,9095.073124999999,8797.14525
11647,9372.590800000002,8779.942200000001
11648,8101.872666666666,8782.0075
11652,9015.97175,8799.1895
11653,9140.45675,8801.03525
11654,9471.5995,8779.821833333333
11655,8379.194571428572,8803.069142857143
11656,8869.0855,8802.66975
11657,9836.4125,8811.333833333332
11658,8698.442000000001,8802.872666666668
11659,9750.4854,8784.2106
11660,9598.648916666667,8809.192666666668
11661,8777.781,8818.101454545455
11662,8268.710000000001,8819.954857142857
11663,8569.33977777778,8825.676
11665,8483.845,8809.837749999999
11666,9499.4196,8835.7026
11667,8040.5360769230765,8823.445692307692
11668,9309.566285714285,8826.871285714285
11670,9904.8514,8839.6192
11671,8120.993571428572,8835.133
11672,9197.339428571428,8836.758285714286
11673,8818.341400000001,8836.9814
11674,9361.519555555557,8829.842333333334
11675,8428.298333333334,8829.353666666668
11676,8636.236666666666,8852.540833333333
11677,8996.121,8867.330454545454
11678,9442.89975,8852.3415
11679,8192.113000000001,8850.0352
11680,8717.233,8858.773
11682,9151.6305,8864.75175
11684,9723.101166666667,8840.482166666667
11686,8860.378,8869.675749999999
11687,9086.052625,8856.15975
11688,9397.328375,8873.22475
11690,8929.93076923077,8857.220384615384
11692,9052.120666666668,8869.055333333334
11693,9305.894285714287,8872.827000000001
11694,8572.0154,8877.282799999999
11695,8152.763400000001,8901.34
11696,9708.7205,8890.5885
11699,9222.407571428572,8870.091428571428
11700,9103.0102,8921.194599999999
11701,9538.126333333334,8893.202666666666
11703,8801.937750000001,8905.613000000001
11704,8384.264,8877.603500000001
11705,9345.764,8891.4115
11706,8025.839125,8888.028
11707,8453.4055,8890.8485
11709,9603.913,8886.328599999999
11710,9800.947400000001,8909.930799999998
11711,8559.751166666667,8910.182999999999
11712,9180.822100000001,8913.3528
11713,9270.2865,8916.999333333333
11715,8933.076571428572,8921.789428571428
11716,8733.186454545455,8920.839636363637
11717,9046.100714285714,8910.312428571428
11718,8495.413999999999,8915.994
11719,9477.61625,8917.01975
11720,8191.770777777779,8925.431333333334
11722,9944.650599999999,8932.5182
11724,9872.31775,8935.752
11725,8872.818272727272,8925.860272727274
11726,9413.5476,8915.9024
11728,7975.5754,8934.5654
11729,8273.2609,8930.8804
11730,9279.9705,8956.35125
11731,9595.062285714286,8948.128857142858
11733,9236.054285714285,8968.304714285714
11734,8555.865,8955.882000000001
11736,8996.412166666667,8957.391833333333
11737,9762.719666666666,8935.961000000001
11738,8036.621375,8951.354875
11739,9726.068333333335,8947.976
11740,9135.82,8976.86488888889
11743,9076.531,8980.756625
11744,8675.215250000001,8979.1895
11745,8813.3565,8958.5575
11746,8466.211000000001,8966.545
11747,9342.570600000001,8976.9248
11748,9423.5325,8976.83025
11749,9806.443875,8971.401125
11750,9535.1072,8973.2842
11751,9631.044,8987.124285714286
11752,9954.008428571427,8967.819285714286
11753,8185.853230769231,8987.00276923077
11754,8949.520999999999,8988.862
11755,8306.127833333334,8979.31625
11756,9179.887111111111,8992.977666666666
11757,8910.170750000001,9034.993
11759,9767.935875,8995.095875
11761,8367.604625,9010.49925
11763,8048.9673999999995,9019.1386
11766,8541.0186,9000.0042
11767,8800.44,9007.826166666668
11768,8840.996000000001,9004.775857142857
11769,9025.315285714285,9006.076357142858
11772,8644.755857142856,9025.016428571429
11773,8953.9375,9047.5375
11774,9433.883142857143,9025.248
11775,8569.35875,9063.325499999999
11776,8155.6630000000005,9050.192333333334
11777,8265.531,9059.02825
11779,9392.359083333335,9016.2775
11780,9787.54725,9034.612
11781,9219.092181818181,9026.076272727274
11783,9934.1546,9049.2152
11785,8841.583999999999,9070.355888888887
11786,9296.342,9040.218352941176
11787,9103.0405,9034.92775
11789,8332.622333333333,9062.6975
11790,8699.355142857143,9054.554857142857
11791,9051.432333333332,9053.001333333334
11792,9003.2755,9086.7651
11793,9352.9035,9078.86125
11794,8192.309166666668,9086.43
11796,9494.2797,9066.8976
11797,9652.36325,9084.47
11798,8766.705666666667,9074.626666666667
11801,9715.41075,9102.37075
11802,9397.597,9102.58
11803,8049.350454545454,9115.032727272728
11805,8692.233153846155,9116.797615384616
11807,9566.303,9097.59175
11808,9059.145,9117.2782
11809,9293.526333333333,9126.730333333333
11810,8767.488444444443,9122.50822222222
11811,9761.680799999998,9106.728
11813,9248.212857142858,9116.970142857144
11814,9136.441555555555,9152.386777777778
11815,8944.682571428571,9123.014285714286
11817,9673.65088888889,9143.803
11819,9919.902999999998,9169.946
11820,9379.753571428571,9153.144428571428
11821,8584.996,9142.268499999998
11822,8458.612166666666,9137.057833333334
11824,8156.1951818181815,9158.598
11827,8789.078,9193.284
11829,8390.177888888888,9169.644
11831,9044.1306,9164.0708
11832,8671.547,9175.85
11833,8894.784923076922,9126.144153846153
11835,8722.8652,9201.4205
11836,9461.422999999999,9163.0836
11838,8612.986428571428,9192.448
11839,9122.92175,9195.266
11841,8000.3009999999995,9197.51275
11844,9585.52175,9212.88925
11845,9963.4188,9224.8214
11849,9442.211142857142,9218.422
11850,9717.6256,9213.8902
11851,8144.638333333333,9215.876166666667
11852,8312.439375,9227.09
11854,9373.813,9222.87925
11855,9050.132,9216.97975
11856,9303.65425,9228.504625
11858,8209.018153846155,9231.681384615384
11861,9761.418666666666,9243.318666666666
11863,8839.308428571429,9222.133
11864,9323.110111111113,9282.653888888888
11865,8665.59825,9255.98125
11866,9556.405333333334,9248.139666666668
11873,8750.347555555556,9248.454333333333
11877,9911.1098,9304.3556
11879,8279.585500000001,9258.482625
11880,8813.734666666665,9269.74111111111
11881,8153.729799999999,9289.742
11882,8574.568888888889,9258.247666666666
11883,8634.672571428571,9287.778857142857
11884,9743.8526,9317.7322
11885,9375.8393,9291.9659
11888,9189.675000000001,9297.343
11889,9842.479,9315.921
11890,8427.814,9271.654
11891,8340.891,9289.469888888889
11894,8240.1508,9304.197
11896,8478.099,9287.587333333335
11897,9164.569800000001,9312.6914
11898,9396.05275,9334.16
11899,8564.086666666668,9324.786333333333
11900,9431.4365,9295.7065
11901,8714.297,9316.763142857144
11904,8058.7125,9325.30575
11906,9030.4105,9348.6105
11907,9783.778,9323.205666666667
11908,9101.186,9315.800666666668
11909,8817.803428571428,9351.474571428571
11911,8626.3125,9349.837749999999
11912,8670.797142857144,9354.495857142856
11913,9572.05,9377.261999999999
11915,9470.782909090909,9347.643545454544
11916,8135.662699999999,9341.3977
11918,9137.8766,9369.0404
11920,9892.976545454545,9356.53509090909
11921,8464.18,9360.718666666668
11922,8535.366,9347.107800000002
11924,9318.642,9357.149666666666
11926,8310.824125,9376.922999999999
11927,8916.17275,9377.60525
11928,8748.812750000001,9359.483
11930,9768.821285714284,9395.481428571427
11931,7991.7144,9385.381
11932,9233.727333333334,9392.402666666667
11933,9697.185428571427,9381.275285714286
11934,8138.586,9405.0324
11935,8497.3805,9428.7305
11937,8561.760666666667,9468.038999999999
11938,9167.389142857142,9397.902
11940,8622.817875,9431.488375
11941,9519.702714285713,9425.687000000002
11942,8236.1812,9402.942
11944,9287.478333333333,9412.285
11946,9634.289181818182,9408.340272727273
11949,8062.710300000001,9409.5302
11951,8747.782500000001,9438.18225
11952,8680.292857142857,9406.767000000002
11954,9840.8802,9443.351200000001
11956,9209.848,9433.7965
11957,9085.57675,9408.69225
11958,9257.023571428572,9447.624571428572
11959,8697.9646,9482.3254
11962,9315.2525,9477.716875
11965,8342.698,9467.817
11966,9459.4794,9496.7514
11967,8940.511857142857,9463.833285714285
11969,9006.94025,9495.5485
11970,8240.230625,9475.242375
11971,8873.565,9474.502666666667
11973,9790.5858,9494.350999999999
11976,9127.811166666666,9507.205666666667
11977,9596.623636363636,9497.933818181818
11979,9069.244999999999,9480.438400000001
11980,9841.848333333333,9497.980666666666
11984,9371.906666666668,9513.432999999999
11987,9944.189666666667,9514.237083333333
11990,9654.155625,9545.478125
11991,8432.5944,9545.8878
11992,9041.2315,9531.66875
11998,9861.61075,9539.687249999999
11999,8975.79457142857,9545.759857142857
12000,9528.481833333333,9527.728833333333
12001,8597.8708,9553.6706
12003,8678.685166666668,9559.492166666667
12004,9170.05625,9553.008
12005,9370.413,9566.8865
12007,9795.299166666666,9583.906
12010,9119.4985,9574.350166666667
12013,8511.502,9581.385666666667
12015,9227.35,9571.593818181818
12017,9479.476,9535.0615
12019,8921.645,9603.4362
12020,9065.207999999999,9585.054
12021,8851.848333333333,9606.389333333333
12022,9690.705666666667,9619.275
12026,8448.459666666668,9596.209666666668
12028,9603.39025,9604.285666666667
12029,9756.175333333334,9626.348666666667
12032,9413.081142857143,9626.967714285714
12035,9525.265666666666,9634.314666666667
12037,9455.30925,9640.418249999999
12040,8608.746500000001,9634.079000000002
12042,9038.7258,9633.4852
12043,9077.676,9641.647
12044,9962.026076923077,9641.64446153846
12046,9795.877999999999,9650.931333333334
12047,9236.279428571428,9636.773142857142
12050,8775.7905,9671.90725
12051,9614.97325,9653.75475
12052,9870.295600000001,9653.591400000001
12053,8922.955750000001,9645.7625
12054,9158.2168,9646.639
12055,9688.09,9663.05675
12056,9115.597666666667,9659.196666666667
12057,9710.846,9709.37375
12058,8368.302000000001,9662.435
12059,9492.976,9665.98525
12066,9308.904444444444,9674.88211111111
12068,8847.9702,9730.8214
12069,9538.766666666666,9713.611666666666
12070,8753.382666666666,9714.626
12072,9050.976125,9706.1395
12073,9272.285666666667,9715.362333333333
12074,9448.8371,9706.5514
12077,8992.819666666666,9736.735888888888
12078,9179.109,9726.32225
12079,8604.567000000001,9689.20125
12080,9799.8754,9714.283
12081,9373.414,9713.5688
12082,9839.527,9731.697
12083,9581.4715,9751.7255
12084,9738.098399999999,9764.617600000001
12086,9898.512299999999,9704.766800000001
12090,9105.59775,9751.669
12094,8961.680333333332,9793.137333333334
12097,9179.977875,9780.5385
12099,9365.868,9776.841666666667
12100,9667.760333333334,9772.051
12101,9943.338,9772.409
12103,9832.750428571428,9785.507714285715
12106,9527.841615384616,9802.77076923077
12109,9056.46025,9786.66875
12111,9765.9291,9802.9043
12112,9689.224400000001,9808.5818
12113,9867.651399999999,9809.6952
12114,9296.393375,9803.551875
12116,8909.87609090909,9805.264272727274
12118,9453.590666666667,9812.718
12123,9589.315200000001,9810.7222
12124,9968.021666666666,9813.767
12128,9896.09342857143,9847.650571428572
12129,9389.9534,9826.7027
12130,9816.32,9824.376
12131,9022.881000000001,9812.5355
12132,9166.42425,9842.566875
12135,9633.379333333332,9831.193
12138,9693.556833333334,9849.037166666667
12139,9068.10757142857,9858.771714285715
12141,9797.025583333334,9865.161333333333
12144,8822.7015,9873.535
12145,8980.538999999999,9862.841333333332
12147,9738.2498,9874.574
12148,9104.896666666667,9891.169666666667
12151,9585.992999999999,9893.628
12152,9231.95475,9867.472
12154,9327.620666666668,9878.096583333334
12155,9506.9665,9878.96075
12165,9725.36325,9922.262999999999
12170,9026.7222,9919.7312
12176,9305.193500000001,9934.2435
12188,9277.6782,9969.9382
12189,9567.2746,9955.0294
12192,9878.4845,9994.703125
12193,10243.575,7992.3755
12194,10306.094117647059,7989.4785294117655
12195,10462.768333333333,7999.357833333333
12196,11311.130000000001,7966.291307692308
12197,11572.525,8000.332571428572
12198,11724.330476190476,8012.296523809525
12199,11816.784285714284,8007.968428571429
12200,11125.786666666667,8022.384000000001
12201,10869.716428571428,8021.017142857143
12202,10067.583,8032.47855
12203,11497.926470588236,8044.772176470588
12204,10183.078,8017.534799999999
12205,10555.405999999999,8025.3652
12206,11265.619999999999,8022.9227
12207,10655.002142857144,8020.888642857143
12208,11381.950714285715,8035.637285714286
12209,10386.506470588234,8036.682352941177
12211,10779.05,8046.079333333334
12212,10953.734,8052.8454
12213,10515.065,8079.3836666666675
12215,11935.0175,8057.527875
12216,11847.594736842104,8068.263
12217,11136.047142857144,8066.865857142858
12218,11644.439583333333,8067.295166666667
12219,10129.1275,8086.46325
12220,10728.650000000001,8083.347222222223
12222,11002.603333333333,8080.384666666666
12223,11443.95882352941,8109.110823529411
12224,10042.766666666666,8110.739166666666
12225,11052.3375,8097.4845000000005
12226,11268.7575,8079.713125
12227,11764.483,8099.0478
12228,10398.576666666666,8093.889666666667
12229,10210.328571428572,8104.318785714286
12230,11203.234166666667,8093.672333333333
12231,10601.405999999999,8091.3068
12232,11666.81,8137.676461538461
12233,10690.704444444444,8125.870222222222
12234,11549.796,8111.239199999999
12235,11079.613333333333,8114.434666666667
12236,10946.762777777778,8131.2755
12237,11143.230000000001,8116.212333333333
12238,11004.511999999999,8143.6633999999995
12239,10577.045,8142.75125
12241,11362.338,8125.4184000000005
12242,10342.746666666668,8132.277666666666
12243,9997.62935,8165.864
12244,11424.393333333333,8156.306416666666
12245,11234.315714285714,8157.248142857143
12246,10120.092499999999,8150.29875
12248,10216.688666666665,8170.782533333333
12249,10882.693846153845,8154.408615384616
12250,11169.162727272727,8166.653454545454
12251,11284.184444444445,8149.364777777777
12252,11740.218461538461,8167.1943846153845
12253,11112.356,8179.5886
12254,11531.085714285715,8166.895642857143
12255,11952.18,8170.839
12256,10685.764,8173.816199999999
12257,11836.572857142857,8177.506761904761
12258,11353.931666666665,8182.149
12259,10606.698999999999,8194.4821
12260,10819.09375,8200.7855
12261,10497.98,8171.1352
12263,10751.507222222222,8185.630722222222
12264,11915.589130434782,8192.238521739131
12265,11038.781428571428,8215.113714285715
12266,11458.71,8191.489750000001
12268,11277.553636363637,8220.879454545455
12269,10443.51,8214.045
12270,11188.07625,8222.598
12271,11500.5125,8226.493875
12272,11340.50888888889,8260.867944444444
12273,11596.147500000001,8233.89575
12274,10680.089166666667,8248.394333333334
12275,10834.061666666666,8253.01325
12276,10034.49076923077,8239.05423076923
12277,10327.814545454547,8229.765318181819
12279,11416.768,8253.0182
12280,10942.924827586206,8231.636379310345
12281,10241.150555555556,8237.209888888889
12282,11044.174736842106,8277.909578947369
12283,11488.1575,8270.03025
12284,10190.284,8284.5394
12285,11595.643333333333,8294.599333333334
12286,11723.738000000001,8301.245133333334
12287,11167.041052631579,8296.837315789475
12288,10029.66,8291.46775
12289,11859.241666666667,8297.9055
12290,11961.630000000001,8317.205
12291,10417.094000000001,8297.8282
12292,10133.759375,8300.4095625
12293,10517.869999999999,8311.388500000001
12294,10737.128888888888,8303.4255
12295,10639.530769230769,8314.491923076923
12297,10575.44,8321.875909090908
12298,11478.403333333334,8330.898333333333
12299,11785.193333333335,8355.783166666666
12300,10273.262727272728,8337.406
12301,10042.655764705882,8356.732588235294
12303,10375.967999999999,8350.8738
12304,11082.681538461537,8340.756461538462
12305,10799.449999999999,8362.797818181818
12306,10699.772500000001,8375.306625
12307,10559.77,8394.98475
12308,10835.34,8402.349833333334
12310,10586.933333333332,8401.273666666666
12311,11325.090000000002,8395.196333333333
12312,10179.66,8401.866
12313,11142.673333333334,8413.695333333335
12315,11495.944,8400.11
12316,10636.576363636363,8446.762545454547
12317,10786.812,8432.0066
12318,11716.828333333333,8437.904166666667
12319,11898.406111111111,8438.164555555555
12320,11049.9375,8441.0945
12323,10510.93,8435.718499999999
12324,10566.3725,8463.609
12325,11177.476666666667,8466.466333333332
12326,10212.798,8466.464199999999
12327,10003.726,8457.771
12330,10301.8325,8461.857
12331,10426.132857142857,8466.092
12332,10349.916666666666,8478.120666666668
12333,10265.621111111112,8508.209333333334
12336,10521.513333333334,8511.102666666668
12337,10629.380000000001,8524.685285714286
12341,10467.84375,8536.9305
12343,10769.5375,8528.5715
12344,10823.388571428572,8517.658714285715
12345,11004.705,8510.325499999999
12346,11652.036,8503.409599999999
12348,10403.56,8536.145375
12351,10340.546666666667,8580.286666666667
12354,10917.573333333334,8544.165666666666
12359,10107.301666666666,8549.270083333333
12362,9985.703,8550.22525
12367,10746.435,8586.9565
12370,11641.153333333334,8609.061833333333
12374,10808.481428571427,8599.857285714286
12380,10687.7025,8618.579249999999
12399,11277.31,8674.74
12402,10228.3175,8688.503125
12408,10556.954000000002,8670.725
12416,10479.776666666667,8719.468
12431,11680.806666666665,8729.275666666666
12442,11837.76,8771.8128
12443,11645.858,8787.8
12448,11949.55,8775.5435
12450,11766.53,8786.8786
12461,11547.669999999998,8823.538333333334
12487,10007.62,8831.881666666666
12492,11842.07,8897.954333333333
12494,11284.466666666667,8854.171333333334
12496,11772.286666666667,8876.224
12500,10424.756,8898.0318
12507,10488.001999999999,8889.403
12511,10054.115,8891.395166666667
12515,11928.843333333332,8899.103333333333
12516,11201.0,8894.7475
12518,11805.498571428572,8927.596285714286
12526,11058.433333333334,8920.540666666666
12528,11423.349999999999,8920.186500000002
12532,10167.367142857143,8992.025285714286
12533,10238.813333333334,8963.206666666667
12535,10762.48,8929.082666666667
12539,10526.7325,8943.944
12547,11378.023333333333,8984.655666666666
12550,11890.763333333334,8987.812333333333
12551,10430.645,8972.324499999999
12554,11810.593333333332,8983.483333333334
12556,11510.910000000002,8999.052833333333
12557,10486.621666666666,9009.744833333332
12561,10084.27,8979.426
12563,10666.19375,9030.468875
12565,10599.982,9008.2678
12568,11233.7125,9012.802749999999
12570,11611.873333333331,9044.953333333333
12572,11028.436,9031.396400000001
12574,11950.181666666665,9032.836666666666
12576,11272.10142857143,9034.220571428572
12578,10552.202222222222,9061.69422222222
12579,10115.13375,9025.558125
12580,11396.8425,9021.194625
12583,11758.94625,9043.796125
12584,10865.58,9041.236333333334
12586,9999.606,8898.07
12587,10342.043333333333,9053.729333333335
12588,11834.55625,9062.2945
12590,11933.6775,9084.36475
12592,10630.33,9076.0295
12596,11122.462,9057.412
12598,11703.978,9071.74
12599,10598.453333333333,9065.654333333334
12600,11888.707142857142,9056.202714285715
12601,10052.356666666667,9075.533000000001
12602,10973.775,9099.432
12604,11411.972,9097.993400000001
12605,10201.065,9089.91325
12608,10158.0,9104.2034
12613,10413.099999999999,9115.9405
12615,11285.543333333335,9105.429333333333
12616,11776.865,9109.354333333335
12617,10117.668,9115.5196
12619,11472.051666666666,9098.164666666666
12621,11067.183333333334,9127.592999999999
12622,11608.162222222221,9136.364333333335
12624,10324.052,9110.0644
12625,10665.4575,9119.4435
12629,11922.555454545456,9120.469
12630,11557.911250000001,9092.15125
12631,10831.592,9165.7572
12632,11203.708,9127.3094
12633,11703.971666666666,9137.786333333333
12634,11819.688,9128.481
12636,11882.304,9161.174799999999
12637,9992.5925,9091.702333333333
12642,11244.563333333334,9182.435333333333
12643,11846.648333333333,9183.744833333332
12646,10365.31,9153.5055
12647,10452.788571428571,9152.022571428572
12648,10768.781666666668,9159.6865
12649,11752.4675,9152.25525
12650,10163.77,9168.3022
12659,10408.162,9186.4234
12660,11087.1325,9205.5555
12661,11398.443333333335,9208.704
12662,11782.145999999999,9182.7514
12663,11023.411666666667,9182.907833333333
12664,11645.778,9206.5228
12665,10726.588,9212.9602
12668,11325.122,9197.2326
12669,10254.625,9218.57075
12672,11196.573333333334,9229.105333333333
12673,10092.285,9195.11925
12674,10916.038,9213.9838
12676,10377.146666666667,9246.779
12679,10584.968333333332,9222.5495
12681,11808.689166666665,9235.097583333334
12687,10997.7925,9281.196
12688,11717.576000000001,9230.1388
12689,10449.133333333333,9228.835
12691,10321.405,9250.673
12692,10562.052500000002,9256.6175
12695,11664.08,9256.946666666667
12698,11082.37,9263.001
12701,10220.9975,9278.739875
12703,10120.658,9285.983799999998
12704,10755.3975,9268.22875
12705,11192.619999999999,9278.952800000001
12706,11498.417142857143,9276.654
12707,10289.828,9288.9232
12708,11750.300000000001,9299.958857142858
12709,10350.306666666665,9289.983333333334
12710,10910.034,9295.7806
12712,11625.57125,9300.507375
12715,11374.736666666668,9298.871111111112
12717,10174.345000000001,9296.861499999999
12718,10467.156666666668,9301.774333333333
12724,10532.603333333334,9358.926333333335
12726,11117.103333333333,9337.487333333333
12732,11566.565,9337.1145
12736,10731.38,9367.3538
12738,11342.3,9336.88475
12739,10984.172857142856,9349.263571428572
12740,11466.214285714286,9351.648
12741,11720.9,9354.4564
12742,10229.374285714284,9367.566285714287
12746,10066.533636363636,9371.226
12747,11798.094444444445,9354.610555555555
12748,11917.582727272727,9365.470636363636
12749,10932.42888888889,9383.641555555556
12750,11659.2,9360.5998
12753,11427.725,9376.929
12756,10289.467272727272,9400.927090909092
12757,11659.692,9407.0516
12759,11600.961666666668,9388.199333333332
12761,10606.907500000001,9402.96825
12764,11207.86,9396.904571428571
12765,11089.036,9378.9058
12767,11173.9775,9403.2655
12768,10152.94,9435.131
12770,11361.513,9440.555400000001
12772,10417.82,9401.839
12773,10237.66090909091,9433.199181818183
12774,10710.282500000001,9437.49275
12775,11126.634,9434.141
12776,9993.847555555556,9334.010666666667
12777,10740.3,9451.5805
12780,10854.24,9439.59375
12781,11019.004,9411.869
12782,11497.0125,9416.88925
12783,11869.941666666666,9430.030916666667
12785,10384.0075,9447.762999999999
12786,10498.912,9448.736
12787,11617.385,9455.762125
12788,10571.5375,9460.6945
12789,11946.004285714285,9463.028857142855
12790,10260.777142857143,9494.14257142857
12792,10093.063333333334,9456.244666666667
12793,11438.56625,9459.28375
12795,10940.534285714286,9453.776857142857
12797,11728.341111111113,9474.67711111111
12798,11151.20875,9487.524125
12799,11018.39,9473.793
12800,10616.337500000001,9472.5955
12802,11838.54,9487.86
12804,10152.766666666668,9477.899
12806,10215.918333333333,9497.146999999999
12807,11425.01,9509.7785
12808,11545.07,9480.2108
12809,10405.0,9527.513500000001
12812,11809.365,9516.549333333334
12813,11475.605,9494.96625
12814,10103.162,9501.967999999999
12816,11296.253333333334,9525.336666666668
12819,10176.575714285715,9539.295142857143
12820,11869.19,9521.80925
12822,10571.378,9533.0388
12824,10000.8059,9428.8352
12826,10968.238333333333,9555.322666666667
12827,11674.263636363636,9528.96609090909
12828,11393.501999999999,9546.4442
12829,11478.731,9561.857899999999
12830,11927.813333333334,9542.636555555555
12831,11051.383333333333,9547.12
12834,10661.382727272729,9575.389636363636
12836,11800.216666666667,9578.065
12837,10733.625,9578.0905
12838,11026.871111111112,9576.214
12840,11735.692,9576.079000000002
12841,11129.58857142857,9561.201000000001
12843,11881.934,9574.5478
12845,11184.195454545454,9567.60909090909
12846,10106.3275,9578.462749999999
12847,11322.106666666667,9573.902666666667
12848,10521.144444444444,9596.75988888889
12849,10301.572,9597.8216
12850,10409.964545454546,9588.221363636363
12853,11634.553333333335,9588.716999999999
12854,10917.133636363636,9587.784818181819
12855,11370.7975,9624.965875
12858,10162.535555555556,9613.387
12859,10234.84,9620.12575
12860,11964.210769230769,9618.998384615385
12861,11296.893333333333,9624.871333333334
12863,11231.445,9635.972249999999
12866,11564.195,9619.295750000001
12867,10327.845,9648.273000000001
12868,11166.442857142858,9638.09557142857
12869,10118.804444444446,9661.357333333333
12870,10871.324285714287,9622.274714285713
12871,9985.26,9550.085666666666
12872,10950.248333333335,9642.153666666667
12873,10560.6,9648.825
12877,10409.66,9657.003
12878,10489.13,9648.163166666667
12879,11431.463333333333,9652.759
12880,10598.636666666667,9638.1775
12881,11704.905,9661.16275
12883,10776.531428571428,9663.764142857142
12885,10827.255000000001,9673.11225
12886,10652.336428571429,9676.813714285714
12887,10002.676000000001,9685.561599999999
12888,10260.7725,9666.241
12889,11040.704545454546,9671.598545454546
12890,10172.552857142857,9687.887428571428
12891,10953.816,9698.9421
12892,10900.875,9683.56575
12893,11227.91,9689.36709090909
12894,11782.119999999999,9707.6581
12895,11868.378,9693.664
12896,10206.1775,9708.07825
12897,10531.572,9693.661199999999
12898,11308.2975,9709.93025
12899,11566.83,9725.5245
12900,11493.552352941177,9716.869882352941
12902,11081.954,9705.7308
12903,10090.52,9708.861272727272
12904,10465.796666666667,9712.6265
12905,11013.715555555556,9736.15311111111
12906,10819.444615384615,9738.131692307692
12907,10294.59375,9727.0805
12908,10366.761999999999,9754.5992
12909,11626.76,9748.737666666666
12911,10535.35375,9765.919750000001
12912,11915.394,9759.2949
12913,10730.353846153846,9751.172
12914,11699.269999999999,9751.6975
12916,10659.82,9778.322
12917,10889.730833333333,9782.976916666667
12920,10278.246,9774.9656
12921,10175.57,9767.759444444446
12922,10587.684,9777.246000000001
12925,11229.654285714287,9785.539571428571
12926,10123.9275,9774.117250000001
12927,10776.925,9804.3055
12928,11815.153333333334,9785.868833333334
12929,10060.105,9777.7639
12930,10403.823333333334,9788.345
12931,10091.835000000001,9836.25
12933,11310.848333333333,9806.844666666666
12934,10447.00857142857,9823.037714285714
12935,10169.702000000001,9830.732
12936,10256.306666666665,9815.588333333333
12937,10556.401666666667,9807.771999999999
12938,10018.708333333334,9787.639833333333
12939,10309.955,9865.4175
12941,10017.975615384616,9856.561923076923
12942,10444.478571428572,9884.723428571428
12944,10532.678000000002,9911.685933333332
12945,10116.152222222221,9884.328555555556
12946,10827.89,9916.744166666665
12947,10671.566666666668,9904.889833333333
12948,10172.24,9917.087
12949,10022.576666666666,9935.846833333333
12950,10294.369999999999,9925.3478
12951,10765.904285714287,9915.977285714285
12952,10061.058571428572,9939.955142857143
12953,10407.622,9946.4274
12954,10465.613333333333,9941.255333333334
12955,10760.682222222222,9966.737777777778
12956,11022.134,9961.9386
12957,10662.285,9967.274000000001
12958,10581.80375,9955.242125
12959,10471.11,9972.0478
12960,10368.305555555555,9983.256222222222
12962,12570.018823529412,7987.847294117648
12963,12321.638181818182,8014.158636363636
12964,12523.692,8050.738
12965,12183.253333333334,8044.477666666667
12966,12935.677272727275,8037.915090909091
12967,12022.8556,8083.49812
12968,12721.805454545456,8087.163909090909
12969,12863.726470588235,8072.59505882353
12970,12219.124666666667,8117.627933333333
12971,12391.973333333333,8094.802
12972,12578.49909090909,8103.59
12973,12297.964,8103.879466666666
12974,12933.103529411765,8118.074352941177
12975,12686.642727272729,8117.552818181819
12976,12436.356666666667,8139.562333333334
12977,13011.15,8134.5005625
12978,12515.149166666668,8170.031
12979,12842.834375,8153.9265625
12980,12123.913181818183,8129.991954545455
12981,12614.677,8171.907700000001
12982,12291.386999999999,8184.423
12983,12905.225999999999,8184.204800000001
12984,12098.704285714284,8179.903428571429
12985,13006.674666666666,8211.6346
12986,11984.335555555555,8224.223777777777
12987,12054.684545454546,8207.500272727273
12988,12755.682,8210.6068
12989,12912.88588235294,8231.86394117647
12990,12170.8715,8231.9897
12991,12619.755555555555,8242.114555555556
12992,12838.048181818182,8241.695727272727
12994,12753.12,8263.938916666666
12995,12097.806,8274.7194
12996,12034.455,8259.947
12999,12532.111333333332,8302.744933333333
13000,11997.486666666668,8290.921
13002,12156.861818181818,8300.156181818182
13003,12390.6,8282.631666666666
13004,12692.515333333333,8307.049133333332
13005,12313.76,8311.222444444444
13006,12249.71,8300.97975
13007,12407.124,8314.6206
13008,12470.550000000001,8338.6395
13009,12967.719285714285,8329.81392857143
13010,12031.1,8352.8995
13011,12880.535,8331.79
13012,12089.432105263157,8351.713315789475
13014,12458.316666666666,8392.608333333334
13015,13103.184285714286,8390.331142857143
13016,12858.551666666666,8390.133333333333
13017,12754.58857142857,8408.856714285715
13018,12065.005000000001,8409.13525
13019,12312.395,8388.9695
13020,12665.548888888889,8397.164222222222
13021,12975.27,8427.144400000001
13023,12901.611764705882,8415.855705882352
13024,12234.5625,8423.829249999999
13025,12828.404999999999,8452.883333333333
13026,13182.594285714285,8439.036857142857
13028,13122.481,8435.4408
13032,12367.737142857144,8465.465285714285
13033,13307.187333333333,8452.4818
13035,12656.582857142857,8462.487285714285
13037,13056.38,8454.5825
13038,13354.4275,8490.369625
13040,13142.39875,8498.5678125
13041,11978.425,8418.1628
13042,13245.996666666668,8489.493066666668
13043,13028.641666666668,8521.673499999999
13044,13405.876666666667,8518.335444444445
13045,13107.281428571428,8524.497285714286
13046,12242.496666666666,8506.123
13047,12291.23,8506.178
13048,12885.017647058823,8527.999823529412
13049,13203.492857142857,8546.130857142856
13050,13815.970833333333,8535.459583333333
13051,13674.11,8536.893
13053,13511.867692307693,8520.845692307692
13054,13624.97,8548.54525
13055,13440.074999999999,8543.850571428571
13056,12980.08090909091,8545.476636363637
13058,12778.898888888889,8560.276444444444
13059,13322.94090909091,8539.911318181817
13060,12724.85,8568.746
13062,13749.401666666667,8562.545833333334
13063,13021.798333333332,8570.578500000001
13064,12402.653333333334,8584.619499999999
13065,13475.857,8590.86115
13066,13078.304615384615,8575.038384615384
13067,13665.3775,8580.613
13068,13867.466470588235,8581.593529411764
13069,13197.32,8584.481749999999
13070,13128.598571428573,8601.708071428571
13071,13043.0,8620.002999999999
13072,13341.543636363638,8595.351818181818
13073,12966.699999999999,8618.047
13074,13566.623636363634,8563.557454545455
13075,12503.888,8606.021400000001
13076,12711.67,8608.7618
13077,12765.37,8618.354
13078,13175.775384615383,8640.671153846155
13079,12083.451666666666,8622.856166666666
13080,13634.418,8613.5946
13081,13942.723750000001,8619.922
13083,13477.5625,8636.481875000001
13084,13302.438571428573,8621.785714285714
13086,13786.859999999999,8631.942090909091
13089,12289.964,8642.4638
13090,13533.326470588234,8644.883941176471
13092,13403.111875,8642.852
13093,13705.2425,8641.540166666668
13094,13587.626999999999,8663.781500000001
13095,13643.6125,8661.77
13096,12852.038823529412,8617.71005882353
13097,12445.405999999999,8629.189999999999
13098,13250.448823529412,8639.02505882353
13101,13322.482999999998,8695.180049999999
13102,13132.878235294118,8678.78794117647
13103,12529.16375,8681.535
13104,13496.498888888887,8699.466666666667
13105,12932.243333333332,8692.048333333334
13106,12364.867999999999,8676.324666666666
13107,13450.115555555556,8737.662777777778
13108,13738.69,8696.36225
13109,12610.529999999999,8646.077000000001
13110,12075.584444444445,8695.450222222222
13111,12791.483333333332,8696.813166666667
13112,13861.761428571428,8691.30457142857
13113,12452.975,8701.607
13114,12701.172727272728,8697.112545454545
13115,12597.832499999999,8701.8425
13116,13657.93076923077,8728.416307692307
13119,12115.539999999999,8734.7414
13121,13275.991764705883,8727.422999999999
13122,13807.490000000002,8713.780636363635
13125,13572.337777777777,8726.048555555557
13126,13951.128,8726.0252
13127,12492.938333333334,8753.786
13128,13066.273333333333,8732.274166666668
13129,12972.764,8750.766599999999
13130,13190.378181818181,8743.433727272728
13131,13138.135714285714,8765.031571428572
13133,13824.82625,8768.21275
13135,12378.55,8739.944599999999
13136,12703.5625,8770.3575
13140,13039.667857142858,8792.974428571428
13141,13673.235,8764.734333333334
13142,13245.75,8778.61075
13143,13736.306875,8781.98725
13144,12640.9775,8757.608250000001
13145,13915.574999999999,8766.006833333333
13147,13103.51,8789.2096
13148,13582.826666666668,8794.559500000001
13149,12218.305,8794.184
13150,12317.748571428572,8802.653714285714
13151,13508.13,8789.329818181817
13152,12094.525,8803.931499999999
13153,12993.776,8813.592
13154,12160.2875,8793.752
13155,12565.726666666667,8804.710333333334
13156,13879.195,8815.256375
13157,12515.6875,8810.55575
13158,13534.605384615385,8820.332307692308
13160,13398.879047619048,8828.204904761906
13161,13307.648181818182,8812.121909090909
13162,13609.853333333333,8822.1005
13163,13205.992857142857,8826.604714285715
13164,12410.660000000002,8830.187666666667
13165,13128.371818181819,8835.875727272727
13166,13685.480588235296,8853.462176470588
13168,13779.46181818182,8849.405636363635
13170,13261.05642857143,8829.4655
13171,12946.824285714287,8837.629428571428
13173,13633.973636363635,8869.566363636362
13174,12250.538571428571,8855.674142857142
13176,13830.631818181819,8852.375454545456
13177,13076.472857142857,8852.941142857142
13178,13186.456666666667,8889.369444444445
13179,13470.410500000002,8875.56855
13180,13733.370833333334,8882.3385
13181,12105.904999999999,8838.6275
13182,12441.0425,8861.163
13183,12354.529999999999,8858.955
13184,12480.43,8900.26375
13185,12974.612,8869.9566
13186,13254.921666666667,8880.174333333334
13187,13341.425,8891.556625
13189,12014.345000000001,8865.629
13191,12772.806666666665,8887.694333333333
13193,13866.72,8883.895416666666
13194,12164.577142857144,8886.591428571428
13196,13921.536666666667,8897.878888888888
13197,12298.5525,8888.042
13198,12402.284999999998,8910.2305
13199,13039.353333333333,8904.832
13200,13543.598,8896.951133333332
13201,12993.983571428571,8951.869285714285
13202,13295.529999999999,8907.857
13203,12448.217142857144,8921.548857142858
13207,13125.576666666666,8916.866333333333
13209,12907.556666666665,8932.8505
13210,13786.444,8927.7494
13211,13243.47625,8946.507625
13212,13179.881666666666,8949.902499999998
13213,13337.63,8960.6766
13214,13482.180625,8950.008875
13215,12854.56,8955.698777777778
13216,13664.911578947369,8942.203105263157
13217,13535.106363636365,8977.697181818181
13219,12170.95,8952.6296
13220,13868.906315789473,8967.081210526316
13221,12742.4675,8963.850124999999
13223,13287.364000000001,8970.6005
13224,13394.994285714287,8921.814428571428
13225,13748.277272727271,8961.468090909091
13226,12622.491666666667,8957.269666666667
13227,13430.379166666666,8994.037166666667
13228,13596.348666666667,8964.8168
13229,12252.982,8974.4296
13230,12933.108,8986.4678
13231,13056.974285714286,8974.834428571428
13232,12468.587333333333,8984.696
13234,13708.987,9008.9489
13236,12343.2,8994.478
13237,12736.395,9002.00125
13238,13155.182999999999,8985.867999999999
13239,12394.891111111112,8967.861444444445
13240,12549.777777777777,8988.424444444443
13242,12620.603846153846,9007.678769230768
13243,12805.449999999999,9017.8075
13244,13650.92625,8999.13275
13245,13596.903333333334,9028.555833333334
13246,12987.266363636363,9000.855363636363
13248,12167.57142857143,9023.973142857143
13250,13053.444285714286,9024.259142857143
13251,13207.123000000001,9030.7181
13252,12924.1875,9040.94325
13253,13813.55,9022.366333333333
13256,12132.9375,9042.27975
13257,13126.869090909091,9040.935454545453
13258,13282.116666666667,9023.725066666666
13259,12665.574285714287,9021.335857142856
13260,13532.815555555555,9036.408222222222
13261,13666.49111111111,9043.022555555555
13262,12741.289999999999,9043.371714285715
13264,13924.80857142857,9016.246428571429
13265,13350.095000000001,9045.8432
13266,13873.279999999999,9036.867600000001
13267,12050.268571428573,9041.33757142857
13268,12467.154999999999,9049.6075
13270,13467.015555555556,9060.250111111112
13271,13040.812857142857,9068.520142857142
13272,13781.425000000001,9061.494666666667
13273,12152.967999999999,9083.1104
13274,13216.628571428571,9102.631714285713
13277,12439.88,9113.860666666667
13279,12088.475,9103.4105
13280,13149.12625,9114.658125
13281,13740.102727272728,9095.981909090908
13282,12873.716,9087.947100000001
13284,12940.64,9130.602
13285,13430.605714285715,9111.905357142858
13286,12796.873636363634,9102.200818181818
13287,12301.83111111111,9114.531777777776
13288,12500.746666666666,9104.753999999999
13289,13666.960666666668,9110.468066666666
13290,12615.442307692309,9105.608307692308
13291,12692.415,9095.6225
13292,13351.308333333334,9117.759250000001
13293,13487.763333333332,9114.739555555556
13294,13540.235999999999,9090.4242
13295,11986.0625,9008.141
13296,12760.15,9141.920750000001
13297,12229.73125,9125.897375
13299,13008.326666666666,9120.202833333335
13300,13911.024,9139.1375
13301,13524.996666666666,9127.153888888888
13302,13609.512142857144,9140.457285714287
13303,13866.754444444443,9119.355777777777
13304,13082.855,9146.50775
13306,12363.630000000001,9137.4382
13307,13784.295999999998,9151.4568
13309,12586.4875,9179.205249999999
13310,13423.39625,9163.66825
13311,12641.81,9192.946
13312,12011.232,9078.8425
13313,13293.926666666666,9147.940333333334
13314,13541.339166666667,9185.378083333333
13315,13349.877777777778,9181.26688888889
13316,12041.7825,9169.52475
13317,12531.658571428572,9186.678714285716
13318,12173.7025,9171.028750000001
13319,13849.543333333333,9202.862166666668
13320,12121.5425,9187.38725
13321,12989.452857142856,9175.136571428571
13322,13705.305384615385,9189.860692307691
13323,12280.176,9185.0632
13324,12376.412,9196.144
13325,12432.983333333332,9162.964333333333
13326,12771.865,9219.84575
13327,13225.860833333332,9170.874833333333
13328,12043.823999999999,9223.9696
13329,13918.279999999999,9199.727
13330,12234.01,9189.008
13332,13775.563333333334,9210.618666666667
13333,12331.051111111112,9231.506222222222
13334,13289.48,9249.647
13335,13020.193333333335,9233.184333333333
13336,12411.266666666668,9228.961666666668
13337,12594.995714285715,9237.324285714285
13339,13153.85,9215.036875
13340,12699.09,9219.394
13341,12983.7025,9246.75675
13342,13388.18,9242.064
13343,13634.146,9216.308333333332
13344,12152.748,9252.6584
13345,12283.58375,9256.512625
13346,13530.977142857142,9257.210857142858
13348,13787.1925,9269.58525
13350,12498.541666666666,9246.458
13351,12092.246153846154,9269.242307692308
13352,12833.842777777778,9280.964611111112
13353,12908.766666666668,9241.613333333333
13354,12218.953333333333,9269.684500000001
13356,12716.34,9286.9215
13358,13568.772,9266.5636
13359,13869.601,9287.8892
13360,12378.992999999999,9285.7696
13361,13703.422,9277.052
13362,13476.518,9324.7928
13363,13197.455,9269.420333333333
13364,11989.11,9183.474
13367,12299.416666666666,9301.175555555556
13368,12649.484285714285,9290.575571428571
13370,12591.135,9319.1065
13371,13927.937272727273,9324.87509090909
13372,12672.19875,9355.485
13376,13632.185714285715,9328.669285714286
13377,12506.978571428572,9317.475428571428
13378,12113.096,9338.619
13379,13692.475,9335.88625
13380,12180.05,9337.259625
13381,12943.914999999999,9328.386600000002
13382,12874.0125,9329.503499999999
13383,13798.731111111112,9332.252111111111
13384,12381.662,9359.1076
13386,12249.4825,9335.6265
13387,11989.127391304348,9303.653565217392
13388,13425.775,9355.452000000001
13389,13182.803333333335,9359.537333333334
13391,12764.75,9340.96425
13393,13659.41857142857,9371.267000000002
13394,13014.088333333333,9388.691
13395,12302.738000000001,9386.2256
13396,13507.269166666667,9396.324166666667
13397,12832.519999999999,9376.838000000002
13398,13815.135,9376.1075
13400,13243.088333333333,9384.802916666666
13401,13568.739333333333,9378.434866666666
13402,13936.813333333334,9396.176
13403,12857.59888888889,9433.158444444445
13405,12931.013333333334,9397.776666666667
13406,12455.95875,9401.10025
13407,13644.000714285716,9415.048642857144
13408,12690.43375,9409.735625
13410,13415.02909090909,9406.911545454546
13411,12737.3325,9419.050500000001
13412,12552.73,9423.012999999999
13413,12775.28375,9429.115375
13414,12123.608235294118,9408.570294117648
13415,12270.1125,9431.928
13416,12203.471666666666,9432.589166666667
13417,12500.318,9433.5716
13418,12382.982857142857,9423.132
13421,13835.146666666667,9435.513833333333
13422,13177.560000000001,9452.1398
13423,13023.051,9470.4439
13424,13461.791666666666,9453.120499999999
13425,13936.22625,9447.121875
13426,12333.88,9434.119833333332
13427,13350.845000000001,9435.4548
13428,13597.372500000001,9445.44775
13429,13516.115555555554,9481.711666666666
13430,13872.253333333334,9455.411666666667
13433,12819.584285714285,9483.809285714287
13434,12175.683333333334,9493.383166666667
13435,12936.508749999999,9463.83375
13436,13294.68625,9475.369875
13437,12048.47153846154,9437.872384615384
13439,12665.964444444446,9507.252333333334
13440,12344.455,9479.295
13441,12611.987142857144,9450.062857142857
13442,13406.725,9495.227625
13444,13653.044,9506.2369
13445,12230.834375,9495.787625
13446,12536.645999999999,9506.873
13447,13789.054285714286,9501.00957142857
13448,12121.618,9476.6734
13449,13602.070833333333,9498.351083333333
13450,12029.616666666667,9508.767666666667
13451,12937.276000000002,9514.9726
13452,13243.220000000001,9511.049166666666
13453,12881.304615384615,9488.710692307692
13454,13717.785999999998,9486.6322
13455,12453.05,9484.396
13456,13950.968333333332,9544.309166666666
13457,12751.929999999998,9516.7072
13458,12086.160000000002,9532.930583333333
13460,13892.992857142857,9510.170714285716
13461,13073.83,9508.3586
13462,12602.265,9529.094000000001
13463,13578.302307692307,9541.286076923077
13465,12370.568000000001,9547.7534
13466,12820.443333333335,9543.315111111111
13469,12978.705,9562.497944444443
13470,12486.311,9544.735700000001
13471,12231.952000000001,9545.8278
13472,12710.957,9555.204399999999
13473,13846.8675,9543.66075
13474,12432.195,9539.62675
13476,13692.921333333334,9567.134333333333
13477,12559.616666666667,9570.945666666667
13479,13474.560000000001,9558.855899999999
13480,12039.38875,9584.57675
13481,12290.319166666666,9592.581166666667
13483,13040.053846153847,9571.607615384615
13484,13086.341428571428,9588.033
13485,13889.338,9604.6341
13487,13231.205,9599.543249999999
13489,13969.67625,9591.417
13490,13155.934,9609.213
13491,12429.011999999999,9602.9476
13492,13281.068181818182,9643.682545454545
13493,13377.032857142856,9599.057857142858
13495,13524.323636363637,9577.488454545455
13496,12456.638571428572,9626.587285714286
13497,12393.56857142857,9602.725857142857
13499,11996.51076923077,9557.892076923077
13500,13811.999,9595.1423
13501,12647.1575,9621.19625
13502,12915.14,9599.732875
13503,12781.550000000001,9604.901285714286
13504,13082.525,9643.344000000001
13505,12519.344000000001,9640.0468
13506,12392.147777777778,9673.101444444444
13508,12838.854374999999,9625.3770625
13509,13507.73,9640.0245
13510,13746.59,9637.167
13511,12326.898333333333,9647.8735
13512,13585.03705882353,9653.474352941177
13513,13360.353,9644.0477
13514,13813.395833333334,9661.715833333334
13515,12061.095,9659.577055555555
13516,12724.337,9656.3683
13517,13889.990666666667,9664.448
13518,13945.531111111111,9633.195666666667
13519,13476.296153846155,9684.845384615384
13520,12478.312857142857,9705.381428571429
13522,12645.848,9692.505799999999
13523,13661.515,9697.647928571429
13524,13706.876923076923,9681.087692307692
13525,12690.133333333333,9684.856
13526,12802.398333333333,9703.1565
13527,12126.095555555556,9701.576
13528,13755.624166666666,9706.295916666668
13529,12198.065,9712.959
13530,12756.351999999999,9734.6332
13532,13376.44888888889,9724.108444444446
13533,12681.38,9741.289
13534,12565.604166666666,9720.194333333333
13535,12414.846666666668,9748.160066666667
13536,13065.162777777778,9732.352111111111
13537,13548.041999999998,9746.7775
13538,12101.207142857142,9743.462285714286
13539,12145.326,9757.1384
13540,12251.116666666667,9749.1545
13541,13812.882857142857,9753.072857142859
13542,12327.405999999999,9768.237299999999
13543,13868.08142857143,9740.664
13544,13450.0025,9767.3558125
13545,13981.02090909091,9776.073454545454
13546,12649.9225,9772.81075
13547,13609.89375,9785.6879375
13548,12040.525,9786.2545
13549,13924.379230769231,9783.562384615385
13550,12180.814999999999,9821.20875
13551,12927.252142857144,9821.798142857142
13552,13199.569,9804.103599999999
13554,12790.051666666666,9809.019833333334
13558,13031.391875,9851.369625
13559,12608.036,9817.3632
13560,13691.2875,9869.352875
13562,12576.896666666667,9886.481666666667
13563,12128.015714285715,9850.818857142858
13564,13411.980000000001,9849.755833333335
13565,12809.426666666666,9870.493555555555
13566,12133.566666666666,9901.208666666667
13568,12373.689999999999,9890.2794
13569,12729.939999999999,9905.033666666666
13571,12873.891,9898.21155
13572,12276.049090909091,9877.557818181818
13573,13592.152499999998,9890.548499999999
13574,12335.372,9922.3547
13575,12420.066666666666,9915.158833333333
13577,13894.925294117646,9929.895058823531
13578,12542.211666666668,9915.911166666667
13579,12965.31,9927.5024375
13580,12807.176666666666,9940.673111111111
13581,13156.067000000001,9946.9084
13582,12381.18142857143,9976.145714285714
13583,13054.482727272727,9950.875181818183
13584,12496.951428571429,9961.334428571428
13585,13661.77,9980.579375
13586,12555.4775,9982.2945
13587,12649.9125,9947.52375
13590,13776.086666666668,9965.806166666667
13591,13360.315,9998.681
13592,14454.774166666668,8560.239583333334
13593,14115.283333333333,8575.688333333332
13594,14525.93052631579,8571.829105263158
13595,14201.302666666666,8584.5926
13596,14598.81380952381,8583.167238095237
13597,14024.36,8607.23925
13598,15942.22,8602.240266666666
13599,15581.476999999999,8629.0197
13600,15019.338500000002,8610.57495
13601,14418.434,8608.9862
13603,14319.766363636363,8622.017272727273
13604,15647.901666666667,8611.691833333332
13605,14068.041428571427,8611.915428571428
13606,15157.300000000001,8638.8285
13607,15232.158461538462,8628.974
13608,14677.272,8617.60995
13609,14506.423999999999,8643.953066666667
13610,15786.733333333334,8634.339666666667
13611,14236.999375,8628.660249999999
13612,14803.397777777776,8624.866
13613,15875.550357142856,8625.753035714286
13614,14447.121176470588,8656.229705882353
13615,15714.555,8634.47461111111
13616,14103.048571428571,8663.995428571428
13617,15094.755454545455,8643.424909090909
13618,15777.635555555556,8688.337777777779
13619,14160.991,8641.4882
13620,14818.738823529411,8679.633176470588
13621,14992.57142857143,8662.052952380953
13622,14262.188,8671.82
13623,14899.574761904762,8666.135
13624,14367.270999999999,8684.6943
13625,15378.948333333334,8675.390666666666
13626,15916.787272727273,8689.705454545454
13627,14033.105555555556,8686.752555555555
13628,15447.73,8689.7585
13629,15671.0,8689.467272727272
13630,15502.40181818182,8652.814545454545
13631,14646.897500000001,8696.999800000001
13632,15418.073,8713.5164
13633,15615.938,8695.420866666665
13634,15838.476666666667,8700.441888888889
13635,14767.145,8708.627700000001
13636,15328.84,8687.2505
13637,15036.542777777779,8720.74211111111
13638,15232.618,8702.0748
13639,14085.411818181818,8704.482181818183
13640,14161.963333333333,8709.180444444444
13641,14881.259583333333,8749.448833333334
13642,15456.473043478261,8739.477695652173
13643,15133.111111111111,8736.219555555555
13644,14363.883333333333,8745.218666666666
13645,14277.011999999999,8720.8477
13646,15383.859999999999,8740.211888888889
13647,15748.412666666667,8736.006666666666
13648,14462.293076923077,8740.923769230769
13649,15558.948823529412,8720.03794117647
13650,14524.829714285714,8715.255685714286
13651,15288.767647058823,8750.95611764706
13652,15949.016666666666,8747.271962962963
13653,14183.0075,8774.521875
13654,14814.806923076922,8771.094538461539
13655,14108.1,8749.641
13656,14967.912307692306,8749.716538461538
13657,14699.113157894739,8747.178736842106
13658,15669.124736842105,8774.581631578947
13659,15842.255384615386,8772.925153846154
13660,15371.54,8770.413
13661,14399.124444444444,8774.309333333333
13662,15511.286875,8766.2393125
13663,13993.232999999998,8661.2762
13664,14232.165,8772.6585
13665,14331.296666666667,8776.501333333334
13666,15190.350555555555,8773.679722222221
13668,15076.432727272728,8797.429727272727
13670,15464.458235294116,8810.71994117647
13671,14926.905999999999,8820.4748
13672,15332.0725,8817.6195
13673,14592.814210526314,8783.058894736843
13674,15272.373333333335,8813.882
13675,14099.822,8832.0026
13676,15383.976666666667,8818.283000000001
13677,15754.527777777777,8804.452444444445
13678,14277.015,8795.780666666667
13679,14485.075,8811.024300000001
13680,14643.308333333334,8819.722833333333
13681,14781.322222222221,8803.398
13682,14857.817857142858,8841.631
13683,15221.942500000001,8838.018250000001
13684,15568.827777777778,8822.578333333333
13686,15113.933333333332,8857.976333333332
13687,15732.760999999999,8858.7851
13688,14000.986666666666,8727.372666666668
13689,15176.57142857143,8843.239857142858
13690,14972.49,8842.3145
13691,15051.535333333333,8856.170133333333
13692,15850.841428571428,8825.787714285714
13693,14164.423999999999,8845.8406
13695,14432.242222222221,8871.394777777778
13696,14360.935555555556,8848.01188888889
13697,14499.478888888889,8869.66022222222
13698,14268.3325,8864.704249999999
13699,14884.818333333335,8863.068833333333
13700,14217.357999999998,8863.810800000001
13701,15662.530769230769,8884.35676923077
13704,15795.185,8905.22
13705,14580.802222222223,8871.717111111111
13707,15394.33857142857,8872.908285714286
13708,15937.78875,8891.336125
13709,15880.053333333335,8881.501666666667
13710,14154.538400000001,8911.99404
13711,14698.9975,8894.44025
13712,15507.6,8889.123428571429
13713,14750.858181818183,8909.259
13714,14803.869999999999,8921.498
13716,14072.099999999999,8938.997111111112
13718,14285.015555555556,8933.374222222223
13719,14422.093333333332,8930.654499999999
13721,15296.633333333333,8905.456666666667
13722,14512.5875,8950.730625
13723,15897.053888888888,8939.143333333333
13725,15576.893333333333,8930.678133333333
13727,15701.859090909093,8946.434454545453
13729,14354.201428571429,8936.519285714287
13730,14377.5,8957.427333333333
13731,15423.230000000001,8968.903
13733,15289.199999999999,8993.618666666667
13734,15791.087692307694,8945.29576923077
13735,14473.321538461538,8958.072769230768
13737,14600.970000000001,8964.300166666666
13739,13988.567142857142,8909.411285714286
13740,14675.5775,8958.729125
13742,14217.477692307692,8968.97876923077
13743,14857.07,8967.588
13745,15609.579444444444,9001.662888888888
13746,15750.280769230769,9010.833384615386
13747,14337.548571428571,8997.150428571429
13748,15879.874,8986.878133333334
13749,15809.245,9008.398
13750,14191.583999999999,9007.0632
13753,14057.767826086956,9005.050434782608
13755,14433.01625,9023.77625
13756,14502.3875,9034.7575
13757,14312.484285714285,9025.629142857144
13758,15455.076000000001,9039.4026
13759,14389.83625,9029.017875
13760,14892.645,9045.0975
13761,15923.29,9031.021909090909
13763,15843.025000000001,9038.422
13764,14255.316363636364,9035.966181818181
13765,15252.795,9036.8385
13766,13999.464000000002,9051.8755
13767,14618.01,9030.6085
13768,14129.331666666667,9016.416666666666
13771,15709.946923076923,9045.650923076922
13772,15658.986875,9060.4431875
13774,14358.19625,9080.806
13775,15596.11,9075.757428571429
13776,15283.755454545455,9082.414272727272
13777,14698.957999999999,9088.2742
13780,14560.468181818182,9067.134
13781,15361.385999999999,9098.3682
13782,15460.610999999999,9096.9185
13783,14156.59125,9083.24125
13784,14626.202,9103.184
13785,15767.628888888888,9087.193388888889
13786,15840.122,9090.586
13788,14067.522,9081.384600000001
13789,14437.880000000001,9106.148714285713
13790,15221.053333333335,9081.287333333334
13791,14267.158,9092.8394
13794,15898.100833333332,9118.409666666666
13795,14866.66875,9124.507625
13796,14212.37,9124.00875
13797,15414.813,9112.8111
13798,15520.67,9127.646222222224
13799,14516.1,9107.1504
13800,15157.746666666666,9139.223416666666
13801,13964.336,9100.232
13802,14965.541000000001,9127.7906
13804,15022.216,9166.742600000001
13805,14794.699999999999,9112.604666666666
13806,14705.039166666667,9153.158833333333
13807,15790.792,9142.040933333334
13808,14104.315,9150.32675
13809,14613.014166666666,9155.6005
13810,14361.010833333334,9143.09
13811,15591.91,9158.3658
13812,15690.937894736842,9145.771368421052
13814,15874.954117647061,9194.677647058823
13815,14300.283333333333,9143.382583333334
13816,15412.429333333333,9176.046733333333
13817,14245.32909090909,9191.169545454546
13819,14476.986666666666,9159.240833333333
13820,15092.191818181816,9165.043363636363
13821,14094.43,9219.373
13822,14158.771818181818,9180.879363636363
13823,15340.785999999998,9177.6254
13824,14544.783333333333,9186.138277777778
13825,14415.497777777777,9165.585111111111
13826,15478.893333333333,9180.510066666668
13827,15147.018,9187.8436
13828,14966.85125,9194.91375
13829,14332.523125,9207.6630625
13830,14675.346666666666,9226.293666666666
13831,14821.164545454545,9207.236454545455
13832,14449.876428571428,9211.404642857142
13833,15661.4075,9192.14625
13834,14603.0275,9225.537125
13835,15363.665,9223.904
13836,14981.107333333332,9243.6308
13837,14368.98375,9256.487875
13838,14883.906666666668,9232.222777777779
13839,15092.199999999999,9230.820333333333
13840,15521.64,9232.562333333333
13841,14731.809333333333,9234.662933333333
13842,15952.435714285715,9230.606714285715
13844,15037.174285714285,9237.203285714286
13845,15167.775,9256.80025
13846,14208.87294117647,9258.66011764706
13847,14323.67,9269.42625
13848,15665.1815,9264.5325
13849,15769.464736842107,9243.390526315789
13850,15370.8325,9285.587749999999
13851,14056.853333333333,9261.34188888889
13852,14798.196923076923,9263.000846153845
13854,14517.048461538461,9265.218538461539
13855,15086.586923076924,9278.56473076923
13856,15731.919411764706,9301.535235294117
13857,15256.99,9302.613583333334
13858,14931.929375,9302.6079375
13859,15879.34,9278.871642857142
13860,15797.35888888889,9292.506666666666
13861,14433.636923076923,9317.448692307693
13862,14141.658333333333,9274.132833333333
13863,15432.836153846154,9268.021
13864,15560.22894736842,9283.566210526316
13865,15011.613571428572,9368.623714285714
13867,14277.478,9318.6476
13868,15143.144999999999,9336.699333333332
13869,13972.63111111111,9236.334222222222
13870,14869.113333333333,9323.494714285715
13871,14484.59625,9338.68225
13872,14760.903571428571,9321.114142857143
13874,14598.996470588236,9327.599705882354
13876,15515.866666666667,9345.185833333333
13877,15828.740909090908,9356.319181818182
13878,14149.187647058823,9378.738647058824
13879,14661.613846153845,9332.225615384616
13880,15955.534545454546,9338.332
13881,15891.195294117648,9341.595
13883,15610.13357142857,9358.713285714286
13884,14700.644285714285,9374.145214285714
13885,14249.733181818183,9378.147363636364
13886,14030.33923076923,9325.315538461538
13887,14504.339999999998,9375.16981818182
13888,15250.878,9365.6204
13889,14934.47761904762,9393.648952380952
13890,15348.269523809522,9394.663571428571
13891,14763.9425,9393.42475
13892,15890.348823529412,9413.277235294117
13893,15298.287142857142,9392.048285714287
13894,14548.932,9415.7176
13895,15673.098666666665,9399.383600000001
13896,14623.202727272728,9414.793818181819
13897,14006.895555555555,9396.28311111111
13898,14842.07875,9400.77225
13899,15511.179375,9428.146499999999
13900,14213.034285714286,9442.232
13901,15947.174545454547,9432.672090909091
13902,14078.34909090909,9399.412727272727
13903,15209.952307692309,9419.211461538462
13904,15137.189285714285,9410.894285714285
13905,14780.084444444445,9444.018
13906,15730.1625,9431.165666666666
13907,14032.343333333332,9463.496
13908,14117.436666666666,9451.233333333334
13909,15597.95294117647,9456.533470588234
13910,14376.118095238095,9431.161095238096
13911,15086.297777777778,9464.985555555555
13912,14895.617999999999,9457.536199999999
13913,15163.554285714286,9469.288571428571
13914,15248.9825,9467.714875
13915,14720.245555555555,9465.827944444443
13916,14635.802,9491.354866666667
13917,15831.501,9476.7204
13918,14562.525,9490.976200000001
13919,15782.22105263158,9486.881421052633
13920,14478.489130434782,9478.87704347826
13921,14798.783333333335,9501.059666666666
13922,14342.21,9500.5635
13923,14882.198571428571,9507.591785714287
13924,14389.855000000001,9505.320666666667
13925,15024.127692307693,9483.16623076923
13926,14141.198181818181,9526.281181818182
13927,14005.875714285716,9519.602380952381
13928,14281.815,9499.1063125
13929,14212.113333333335,9521.393083333334
13930,14944.408,9522.113266666665
13931,15309.046666666669,9520.484555555557
13932,15724.646875,9538.02575
13933,15199.752666666667,9520.962266666667
13934,14681.316666666666,9542.360416666666
13935,14828.413076923076,9553.32346153846
13936,15261.5,9557.651416666666
13937,14604.096923076924,9540.084230769231
13938,14449.885624999999,9549.455750000001
13939,15054.191176470587,9547.30994117647
13940,14182.763333333334,9585.942333333332
13941,14324.683,9566.783800000001
13942,15414.324444444446,9571.127555555555
13943,14750.175454545453,9590.465636363637
13944,14555.534285714286,9582.063
13945,15145.473076923077,9585.99023076923
13946,14065.245833333334,9598.885458333332
13947,14462.99909090909,9610.972545454546
13948,15494.6,9603.378928571428
13949,15211.774210526317,9606.94994736842
13950,14387.04842105263,9605.207315789474
13951,14918.541538461539,9611.144192307693
13952,15081.253333333334,9636.389916666667
13953,14258.673999999999,9600.397200000001
13954,14835.4425,9623.0825
13955,14310.81875,9642.0735
13956,14662.914999999999,9626.890944444445
13957,15860.53375,9621.574291666666
13958,15010.5845,9647.634549999999
13959,14140.692666666668,9661.5346
13960,14793.680666666665,9660.416133333334
13961,15215.096,9667.073999999999
13962,15707.542500000001,9659.216291666666
13963,15385.1275,9643.415833333334
13964,14713.562142857143,9683.795285714285
13965,14607.17857142857,9688.533500000001
13966,13986.693333333333,9676.832866666666
13967,15337.693076923078,9686.531923076924
13968,15410.543333333333,9685.9815
13969,15501.445789473682,9683.43247368421
13970,15583.550000000001,9700.59875
13971,14916.715,9701.828
13972,14447.657142857144,9703.668142857143
13973,14042.945454545454,9707.690363636364
13974,14107.212,9722.160866666667
13975,14784.616923076923,9717.835076923076
13976,15052.90818181818,9723.114636363636
13977,15856.435384615384,9714.986692307693
13978,14614.5345,9753.7005
13979,15198.308620689655,9749.067931034484
13980,15640.386153846153,9761.014692307692
13981,14555.581666666667,9762.438833333334
13982,15782.38,9752.433842105262
13983,15010.561538461538,9758.993076923078
13984,14479.191111111111,9781.789666666667
13985,14836.633333333333,9773.885714285714
13986,15081.477037037037,9783.192666666666
13987,14929.366086956521,9799.026391304347
13988,15564.313636363637,9780.476454545455
13989,15899.58625,9771.580125
13990,14296.966923076923,9768.186
13991,14988.693,9813.4389
13992,15259.823846153846,9787.353923076922
13993,14177.898333333333,9798.517333333333
13994,15471.848947368422,9798.741842105263
13995,14715.41,9790.044277777779
13996,15854.807368421054,9814.204684210526
13997,14076.096666666666,9815.722555555556
13998,14128.7125,9817.4315
13999,14540.16,9843.21325
14000,14454.066666666666,9814.425833333333
14001,14756.244545454545,9835.014090909091
14002,15969.617999999999,9843.0329
14003,14017.286666666667,9858.576333333334
14004,14470.726,9865.5602
14005,14180.975,9872.44825
14006,15924.08857142857,9874.887809523809
14007,15424.716470588235,9873.171352941177
14008,14310.391666666668,9885.380166666668
14009,14239.972500000002,9854.928416666668
14010,15180.175833333333,9886.600333333334
14011,15757.57052631579,9905.793368421053
14012,14096.49,9906.525625
14013,15268.945555555556,9880.479777777779
14014,15627.223333333335,9893.75822222222
14015,15694.25625,9895.906125
14016,15333.829285714284,9883.276499999998
14017,15232.437777777777,9886.733666666667
14018,15576.633529411765,9900.936647058825
14019,14689.106666666667,9875.834222222222
14020,15123.97125,9907.2500625
14021,14664.50125,9933.512125
14022,15482.202,9933.4884
14023,15964.128461538461,9924.05253846154
14024,14286.614000000001,9926.6592
14025,14961.345263157895,9938.578
14026,14460.496666666666,9933.303166666667
14027,14748.039999999999,9932.7479
14028,15054.921875,9929.017
14029,15555.38,9963.421583333333
14030,15151.34,9967.81075
14031,14380.17,9950.928
14032,15802.92,9958.363363636365
14033,14740.51,9988.01775
14034,16949.620499999997,8477.39845
14035,16206.7975,8587.915850000001
14036,16097.227777777776,8620.143555555556
14037,16187.038571428571,8631.85
14038,16334.251666666665,8624.274916666667
14039,16009.065999999999,8633.273666666666
14040,16380.961428571429,8649.545714285714
14041,16344.730000000001,8672.510583333333
14042,16425.595652173914,8681.041130434782
14043,16181.784000000001,8680.854866666667
14044,16270.052941176473,8685.10705882353
14045,16044.095833333333,8703.741833333333
14046,16195.659375,8724.5474375
14047,16093.548571428571,8711.662857142857
14048,16471.236296296298,8724.83551851852
14049,16537.30125,8743.248
14050,16273.206923076923,8744.737692307692
14051,17037.749166666665,8731.002666666667
14052,16132.84,8740.12225
14053,16369.344545454545,8740.379409090909
14054,16163.292631578946,8781.947894736842
14055,16314.713999999998,8811.068
14056,16038.378,8785.29688
14057,16114.835,8806.603
14058,16435.228888888887,8786.200499999999
14059,16509.276400000002,8813.815840000001
14060,16380.877499999999,8827.1995
14061,16066.040714285715,8863.149642857143
14062,16245.897142857142,8825.412
14063,16569.564,8821.442000000001
14064,17059.777142857143,8856.90242857143
14065,16421.394166666665,8861.257
14066,16450.466666666667,8854.540166666668
14067,16164.562857142857,8874.83
14068,16355.06125,8876.9946875
14069,16635.651463414633,8827.422170731708
14070,16689.292999999998,8878.25555
14071,16569.789285714283,8870.948714285714
14072,16281.75625,8880.0995
14073,16484.732,8885.269466666668
14074,15986.151739130435,8848.017782608697
14075,16144.270999999999,8910.939199999999
14076,16618.903,8903.723399999999
14077,16273.83875,8916.581875
14078,16526.175714285713,8917.164999999999
14079,16464.474444444448,8936.285555555556
14080,16579.42615384615,8953.359999999999
14081,16520.374444444446,8985.262777777778
14082,16088.742352941175,8949.995
14083,16402.725555555557,8947.796055555555
14084,16205.382727272727,8967.436636363636
14085,16644.01625,8954.80625
14086,15988.088636363636,8980.919545454546
14087,16330.947142857143,8985.901476190475
14088,16594.992142857143,9007.64292857143
14089,16132.896363636362,9010.224727272727
14090,16669.266666666666,9005.951333333333
14091,16716.642173913046,8965.027043478261
14092,16470.35888888889,8991.911666666667
14093,16279.210000000001,9007.534428571429
14094,16066.535625,9033.4364375
14095,16474.331666666665,9039.273416666667
14096,16248.138571428572,9033.249857142857
14097,16185.83625,9077.4983125
14098,16305.994166666665,9063.356833333333
14099,16556.89,9036.450636363636
14100,16749.80484848485,9050.14412121212
14101,16382.885454545454,9048.458909090908
14102,16646.72333333333,9056.96175
14103,15971.172352941176,9065.749058823529
14104,16109.096190476192,9095.478952380952
14106,16544.303333333333,9083.502888888888
14107,16237.183529411765,9105.96511764706
14108,16451.467142857142,9080.886571428573
14109,16030.381428571429,9087.345571428572
14110,16653.05,9091.399866666667
14111,16499.127,9109.908500000001
14112,17095.33,9097.905636363635
14113,16377.575454545457,9115.066454545455
14114,16458.24,9140.898363636363
14115,16069.592727272726,9149.251272727271
14116,16535.504545454543,9134.511818181818
14117,16746.651071428572,9115.364714285713
14118,16676.331904761904,9138.245666666666
14119,16289.04705882353,9127.769411764704
14120,16800.6655,9154.49835
14121,16572.14875,9163.8306875
14122,16325.661111111112,9169.874888888888
14123,16242.898000000001,9179.730599999999
14124,16408.451666666668,9189.082833333334
14125,16645.178666666667,9192.191066666668
14126,16008.18076923077,9190.348846153847
14127,16096.839000000002,9201.3531
14128,16715.760769230772,9194.35046153846
14129,16776.618,9208.2847
14130,16165.231818181817,9211.686
14131,16599.009333333335,9234.120933333334
14132,16802.235357142858,9241.541357142856
14133,16398.384736842105,9258.904315789474
14134,16707.405789473687,9273.050526315788
14135,16059.95875,9259.648083333333
14136,16475.626315789475,9243.348578947369
14138,16225.319444444445,9260.786333333333
14139,16847.424166666668,9287.130041666667
14140,16330.860434782608,9260.67952173913
14141,16208.622857142856,9323.494785714285
14142,16281.804444444444,9296.645222222221
14143,16439.947368421053,9305.794578947369
14144,16750.302727272727,9308.81309090909
14145,16524.87111111111,9310.822666666667
14146,16625.53043478261,9304.753478260869
14147,16101.897692307693,9317.800384615384
14148,16374.502222222221,9308.138888888889
14149,16905.190625,9330.136125
14150,16792.5244,9355.422199999999
14151,16287.092999999999,9343.7111
14152,16351.224375,9373.285249999999
14153,16433.976000000002,9365.7166
14154,16589.057647058824,9362.393352941177
14155,16041.2004,9369.77612
14156,16134.97111111111,9380.80211111111
14157,16543.97775,9405.4371
14158,16307.418,9416.714100000001
14159,16746.904444444444,9386.463666666667
14160,16003.535000000002,9423.8475
14161,16664.395625,9416.5841875
14162,16052.587,9447.3462
14163,16454.351428571426,9432.282571428572
14164,16810.9,9424.33861111111
14165,16208.17,9445.044
14166,16910.989285714288,9440.96457142857
14167,16376.255,9459.96040909091
14168,16621.60066666667,9467.7304
14169,16748.181538461537,9455.060615384615
14170,16859.576153846152,9479.814692307693
14171,16025.496153846154,9518.972307692307
14172,16541.42142857143,9487.165785714285
14173,16814.330833333333,9506.96375
14174,16129.316428571428,9492.631714285715
14175,16453.084666666666,9495.300266666667
14176,16207.29947368421,9521.073315789474
14177,16933.305263157894,9515.143
14178,16692.223529411764,9503.704823529411
14179,16777.206923076923,9520.763307692307
14180,16533.352666666666,9553.395066666668
14181,16274.257777777779,9540.994074074073
14182,16642.788,9548.71315
14183,16474.507368421055,9568.911842105264
14184,16711.479166666668,9577.238666666666
14185,16170.90909090909,9573.01509090909
14186,16780.398666666668,9572.268133333333
14187,16906.885,9586.160583333332
14189,16287.0096,9635.47068
14190,16131.243333333334,9635.703000000001
14191,16657.152142857143,9645.610499999999
14192,16757.3752,9648.05348
14193,16201.191875,9648.955
14194,16545.304444444442,9648.70611111111
14195,17149.55157894737,9661.152421052631
14196,16039.478000000001,9652.688333333334
14197,16846.229,9672.1411
14198,16955.004375,9673.296875
14199,16424.981,9691.9859
14200,16575.772222222222,9727.251777777778
14201,16143.156875,9706.2823125
14202,16333.576153846154,9721.502384615385
14203,16866.851818181818,9739.513909090909
14204,16637.264666666666,9764.332266666666
14205,16430.115833333333,9754.513416666667
14206,16368.542666666668,9767.745200000001
14207,16103.358636363637,9774.938545454545
14208,16763.517333333333,9753.192533333333
14209,16704.026875,9771.460125
14210,16958.652222222223,9774.712148148148
14211,16854.45,9789.388666666668
14212,16292.891428571429,9780.071285714284
14213,16227.421666666667,9785.505166666668
14214,16471.3825,9813.67225
14215,16927.39,9814.1016
14216,16511.969166666666,9792.143833333334
14217,16758.9575,9832.674166666666
14218,16922.19,9852.372428571429
14219,16586.587499999998,9843.240333333333
14220,16672.403,9843.0893
14221,16216.803333333333,9852.9534
14222,16415.81823529412,9857.65
14223,16527.8625,9875.10875
14224,16796.1175,9864.925
14225,17089.756666666668,9886.179666666665
14226,16709.975833333334,9893.749583333332
14227,16202.064615384616,9891.54653846154
14228,16095.056363636364,9896.213545454546
14229,16368.5632,9904.810159999999
14230,16772.062777777777,9910.643166666667
14231,16290.86238095238,9912.099428571428
14232,16896.460588235295,9909.882352941177
14233,16408.93727272727,9939.46490909091
14234,16988.20086956522,9920.936434782609
14235,16550.830625,9969.4151875
14236,17029.923157894737,9949.106789473684
14237,16740.89214285714,9960.594
14238,16053.566,9968.524800000001
14239,16196.675833333333,9967.07775
14240,16478.23181818182,9952.776
14241,728.9279459459459,9992.206972972974
14242,860.99889375,9988.9925625
14243,920.8743076923076,9973.479076923077
14244,1542.8685,10008.797999999999
14245,1787.946625,9990.236375
14247,980.804125,10013.601791666666
14248,1716.4726666666666,10031.086666666666
14249,1069.3816875,10016.61025
14250,459.4614361702128,9996.349680851064
14251,639.9309577777778,9977.910577777779
14252,801.902372,10034.83988
14253,303.08392258064515,10039.65064516129
14254,678.8770214285714,10048.025357142858
14256,602.2704444444445,10048.206666666667
14257,885.8278324999999,10057.449499999999
14258,1126.83375,10039.233916666666
14259,1180.416,10065.28870967742
14260,1251.1104444444443,10061.601111111111
14261,1034.2868923076924,10070.33076923077
14262,363.73219736842105,10073.420789473685
14263,645.4572333333334,10097.425000000001
14264,516.1441352941176,10101.775
14265,788.7559162790698,10107.892093023256
14266,1266.6910666666668,10126.372000000001
14267,1110.5557826086956,10132.805217391304
14268,1854.9470000000001,10116.003333333332
14269,671.5914578947368,10132.486315789472
14270,1031.5654242424243,10159.148787878787
14271,367.3949407407407,10149.627777777778
14272,923.31582,10157.7795
14273,964.24815,10120.123571428572
14274,595.7258585365854,10179.880487804878
14275,1190.8248095238096,10176.361428571428
14276,691.55422,10185.841
14277,789.5119703703704,10188.327037037037
14279,1832.79175,10204.45
14280,724.4542833333334,10242.532916666667
14281,895.2192600000001,10243.578
14282,1174.6522142857143,10230.368571428571
14283,975.8390625000001,10238.140833333333
14284,1101.623275862069,10258.498620689656
14285,1225.0296666666666,10282.555
14286,813.5667677419356,10274.028387096774
14287,1294.5102,10269.872
14288,1159.903,10301.981666666667
14289,564.1862256410257,10325.441538461539
14290,976.4336818181819,10305.138636363636
14292,1278.39875,10335.636666666667
14293,1084.588,10321.084444444445
14295,996.80900625,10381.8475
14296,516.6403911764706,10365.42911764706
14297,1073.68125,10373.765
14298,1192.7630000000001,10367.64
14299,1330.3408571428572,10387.944285714286
14302,738.0729799999999,10398.6112
14304,908.2921,10411.69
14305,1246.3415,10415.947142857143
14306,1141.85115,10442.842
14307,788.9592590909091,10453.725
14308,1055.4271,10448.119
14310,651.429004,10452.9272
14311,969.0653772727273,10454.483636363637
14312,1285.76965625,10472.10875
14314,718.1212909090909,10510.723636363635
14315,1106.1982307692308,10503.825384615386
14316,799.4482838709677,10532.899677419355
14317,898.9314833333333,10518.027083333332
14318,1448.4312,10532.288
14319,1858.68975,10501.0475
14320,1229.3393333333333,10515.458333333334
14321,974.5265076923077,10557.332307692308
14322,1193.1214444444445,10581.254444444443
14323,1583.8776666666665,10563.806666666665
14324,1105.85925,10598.8625
14325,1057.0928,10595.669333333333
14326,1456.5478333333333,10588.418333333333
14327,736.1438375,10596.804375
14328,963.0374294117647,10621.977058823528
14329,1268.3653333333334,10601.843333333332
14331,892.3472,10654.552727272727
14332,1336.61475,10685.1125
14333,1423.2054,10662.562
14334,1233.1646875000001,10675.83125
14335,988.648043902439,10691.529024390244
14337,832.5406333333333,10695.50962962963
14338,892.55056875,10701.153125
14339,1851.7768571428571,10691.662857142857
14341,1525.8521428571428,10721.274285714286
14342,1095.14144,10731.9424
14343,935.044325,10735.9225
14344,1201.5727,10742.483
14346,1467.7327692307695,10765.465384615383
14347,1608.78825,10756.915
14348,1034.1509307692309,10787.89423076923
14349,1716.0617692307692,10785.359230769232
14350,948.7185238095238,10810.701904761905
14351,1781.124,10800.964545454546
14352,1231.8903333333335,10802.32
14353,1396.629,10800.3316
14354,1840.8624,10821.189
14355,1633.2508888888888,10822.882222222222
14356,1460.4504666666667,10822.608666666667
14357,1543.85075,10832.13875
14358,1178.6614,10852.5304
14359,1595.6968000000002,10857.547999999999
14360,1475.4838000000002,10895.438
14361,1130.0114634146341,10904.841951219512
14362,1553.209307692308,10912.97
14363,1233.4201333333333,10936.524
14364,1687.5785454545455,10929.818181818182
14365,1510.9767272727272,10953.463636363636
14367,1884.8185833333334,10967.905833333332
14368,1782.967142857143,10951.19
14369,1613.0445555555555,10975.682222222222
14371,1710.5021764705882,11006.578823529411
14372,1452.8911428571428,10985.352142857142
14373,1060.7880588235294,11058.061764705883
14374,1635.43571875,11057.555625
14375,1154.7711428571429,11090.304285714286
14376,1100.8383333333334,11127.925333333334
14377,1669.9166,11104.418
14378,1921.99675,11133.615
14379,1202.3806944444445,11152.530277777778
14380,1426.187875,11186.1665625
14381,1504.8144285714286,11188.932857142858
14382,1116.3791428571428,11213.712142857143
14383,1618.8922,11223.519
14384,1547.7942307692308,11231.210000000001
14385,1354.53,11274.34475
14386,1464.7785806451614,11270.96935483871
14387,1167.2382,11270.994
14388,1261.2927391304347,11315.80347826087
14389,1446.66515,11320.9195
14390,1346.3606,11337.601333333332
14391,1802.7250000000001,11359.220000000001
14392,1488.2973,11357.75
14394,1554.4911666666667,11367.575555555555
14395,1340.7485,11394.096428571429
14396,1414.3618823529414,11381.244117647058
14397,1635.4268,11397.08
14398,1483.317111111111,11424.513333333332
14399,1403.4306666666666,11432.898333333334
14400,1368.248375,11460.295
14401,1280.2743684210527,11459.085789473684
14402,1550.9678421052631,11485.814736842105
14403,1416.7193902439026,11514.466585365853
14404,1625.784375,11517.605
14405,1575.8668095238095,11571.905714285715
14406,1486.1768484848485,11567.119696969698
14407,1275.3582380952382,11591.845238095239
14408,1543.0152068965517,11645.052068965517
14409,1606.006,11633.385
14411,1661.6675,11700.29
14412,1208.4363529411767,11717.12705882353
14413,1599.668625,11706.67375
14414,1241.4226,11745.282666666666
14415,1656.0815,11763.39
14416,1577.0544583333333,11754.322083333333
14418,1720.7055,11800.915
14421,1667.5941176470587,11818.354705882353
14422,1577.3634333333332,11826.348333333333
14423,1339.6127916666667,11827.535416666666
14424,1928.2552,11864.426
14426,1681.3891428571428,11892.608571428571
14428,1884.4672222222225,11916.393333333333
14429,1529.0292857142858,11925.965714285714
14430,1432.5738333333334,11934.177777777779
14431,1263.576842105263,11952.034210526315
14432,1218.498125,11926.0825
14433,1888.4083333333335,11967.103333333333
14434,1817.862375,11976.52625
14441,3411.9348,10019.184
14442,3620.2357435897434,10014.201435897437
14443,3706.578409090909,10017.984227272727
14444,3894.0837249999995,10025.318575000001
14445,3796.127763157895,10035.892973684211
14451,3203.7690000000002,10049.605
14454,2737.911,10067.689999999999
14456,2058.5116666666668,10070.333333333334
14458,3660.4419199999998,10076.7908
14461,3724.22624,10096.186
14465,3585.658157894737,10085.918421052633
14466,3507.595,10083.635
14467,3816.96264,10106.1368
14468,2474.192,10101.036666666667
14471,3517.6800000000003,10152.219000000001
14472,3596.8155652173914,10163.971304347826
14476,3280.64775,10153.525
14479,3032.197,10200.153333333334
14480,3812.9526666666666,10168.931666666665
14481,3955.311871794872,10154.76641025641
14482,3469.928857142857,10169.349047619047
14487,3924.251608695652,10211.038260869565
14489,2351.3546666666666,10201.9
14490,3392.1777857142856,10220.29357142857
14492,3854.263,10218.968571428572
14494,2201.2467500000002,10211.4725
14499,3710.0867714285714,10242.193714285713
14501,3789.825857142857,10233.64
14503,3291.4504,10230.244999999999
14504,3481.2708076923077,10258.82423076923
14509,3608.8514871794873,10257.848205128206
14513,3933.0371363636364,10287.32090909091
14518,3846.408913043478,10300.302608695652
14521,3360.0328000000004,10331.6136
14522,3539.284363636363,10306.19090909091
14523,3811.6515,10339.537142857142
14526,3735.6065185185184,10315.570370370371
14527,2392.2630000000004,10336.956666666667
14529,3229.902777777778,10334.28888888889
14531,3035.6569999999997,10337.62
14534,3611.7657777777777,10344.20388888889
14535,3456.1276785714285,10368.812857142857
14539,3530.2779705882353,10408.662647058823
14540,3697.5328461538465,10365.585384615384
14541,2558.2588,10396.832
14545,3640.125409090909,10407.483181818183
14546,3416.5803333333333,10417.519629629629
14547,3750.92512,10401.8672
14551,3679.767,10470.6295
14552,3153.5809285714286,10441.820714285714
14558,3602.3678636363634,10475.298636363637
14559,2391.707,10472.28
14560,3206.7259166666668,10490.370833333332
14562,2878.93475,10487.23
14565,3284.959942857143,10485.816285714285
14566,3380.765310344828,10484.145862068965
14567,2113.9629999999997,10483.6175
14569,3530.30045,10515.429
14574,3577.8485625,10567.185
14575,1969.4936666666665,10564.07
14581,3345.3091923076927,10615.144615384615
14586,3502.2157931034485,10606.678275862068
14588,3431.1484375,10626.43375
14590,3057.7502941176467,10635.199999999999
14591,3145.900769230769,10621.638461538461
14592,3189.008142857143,10643.456666666667
14594,3254.4672333333333,10639.194
14601,3133.1685238095242,10692.494285714285
14603,3471.1532666666667,10701.461333333333
14604,3034.236166666667,10715.62611111111
14606,3353.0111785714284,10722.36642857143
14607,3104.023333333333,10751.018333333333
14611,2973.521666666667,10761.246666666668
14612,2032.875,10703.485
14614,3321.2838571428574,10809.253214285714
14616,3187.4856999999997,10777.401666666667
14617,3119.6858125,10821.74875
14620,3055.195916666667,10819.493333333334
14621,3239.4162857142856,10836.280952380952
14626,2625.7826666666665,10875.853333333334
14629,3202.659826086957,10899.134347826086
14630,3034.0277499999997,10909.835000000001
14634,3147.6039285714287,10909.528571428571
14635,3263.487235294118,10881.385294117646
14639,2835.4066666666663,10911.835000000001
14642,3247.626230769231,10967.622307692307
14646,3186.0896842105262,10979.325263157894
14647,3088.9597692307693,10983.306923076922
14648,3173.0825,11025.441666666666
14649,2866.643666666667,11017.683333333334
14650,2925.727428571429,11050.176428571429
14651,3003.951833333333,11034.675000000001
14652,3109.9995714285715,11048.842142857144
14655,3155.3578947368424,11083.167368421053
14656,3293.7811,11076.836
14657,3067.327923076923,11080.663846153846
14658,3128.46575,11116.795
14661,3033.98475,11126.5625
14664,2999.853714285714,11121.862142857144
14666,2933.197103448276,11150.55827586207
14667,3079.1904285714286,11173.634285714286
14668,2487.0563333333334,11160.159999999998
14671,3000.5446875,11200.73
14674,2836.6245185185185,11220.615555555556
14677,2892.0780555555557,11233.944444444445
14679,3034.2103076923077,11239.307692307691
14682,3100.615363636364,11258.874545454544
14683,2938.2053783783786,11292.890810810812
14684,3030.4974,11291.284
14689,3011.029105263158,11342.417894736842
14695,2174.297,11380.0
14697,2939.655083333333,11371.000416666668
14699,2830.157,11368.105555555556
14702,2985.932642857143,11437.886428571428
14703,3033.6617096774194,11415.953225806452
14707,2878.2815,11440.058888888889
14709,2792.318962962963,11459.615185185185
14712,2737.441875,11509.946875
14714,2156.84225,11557.7475
14715,2569.9624,11568.216
14716,2840.801266666667,11547.523333333334
14719,3989.0867,11592.664
14721,2871.8103333333333,11591.644444444444
14722,2769.385,11578.9336
14724,2717.9897499999997,11615.585
14725,2802.8761999999997,11625.366
14726,2914.776416666667,11643.235
14727,2194.31725,11637.8375
14728,2401.7437999999997,11662.552
14729,3060.5365,11654.811666666666
14730,3957.135,11659.616363636364
14733,2346.1198,11686.208
14734,2844.6967142857143,11683.322857142857
14736,2020.4696,11663.598
14738,2266.400909090909,11718.446363636363
14739,2934.9384545454545,11698.832727272727
14740,2071.0805714285716,11753.514285714287
14741,2206.191666666667,11712.126666666665
14742,3970.858357142857,11695.1
14744,3915.741583333333,11721.52625
14745,2419.447714285714,11736.175714285713
14746,3052.616121212121,11728.464242424243
14747,3106.3764,11762.5564
14748,2160.3918000000003,11768.526
14749,3876.2676666666666,11754.422
14750,3760.8499090909095,11785.842727272728
14751,3810.7892,11787.046666666667
14752,2486.255,11813.68
14753,3893.352684210526,11808.900526315789
14754,3833.9733,11818.986
14756,3775.6145,11835.365714285714
14757,3936.647333333334,11840.222500000002
14758,3731.65,11856.5
14759,3819.9256666666665,11853.751666666665
14760,2305.8247499999998,11853.25
14761,2245.690222222222,11866.16
14764,3796.0216153846154,11879.863076923077
14765,3857.1595454545454,11871.006363636365
14766,2352.537764705882,11893.763529411764
14768,3766.4402857142854,11913.59
14770,3913.4663333333333,11905.841111111113
14771,2129.6464,11923.787
14772,2403.4333333333334,11952.288333333332
14773,3855.0883000000003,11932.174
14774,2552.704,11923.034
14775,2451.123875,11931.8525
14776,1971.8121428571428,11942.382857142857
14778,3811.809777777778,11953.84888888889
14779,2207.129,11966.381875
14780,3765.936,11968.485
14781,2779.1631904761903,11971.840952380953
14782,2664.6103,11939.14
14783,3852.600375,11963.17
14784,2121.5826666666667,11987.336666666668
14785,4963.2703,9975.550500000001
14786,5050.979777777778,10000.496722222222
14787,5299.3361,10009.3167
14788,5797.4992,9999.133
14789,5937.31725,10015.78175
14790,4056.1284285714287,10010.20857142857
14791,4711.0722000000005,9990.4778
14792,5730.608909090909,9990.10009090909
14793,5117.046692307693,10046.431538461538
14794,5519.1894999999995,10025.84125
14795,4450.894366666666,10008.185666666666
14797,4023.7983333333336,10051.050833333333
14798,4756.788,10041.163333333334
14799,5651.099666666666,10048.263888888889
14800,5487.0471,10069.244
14801,4521.192727272727,10057.45409090909
14802,5223.43065,10051.9665
14803,5716.126111111112,10070.937777777777
14804,4438.866148148148,10083.858148148147
14805,5789.719454545455,10070.555454545454
14806,5588.4156111111115,10076.618333333334
14808,4664.0900833333335,10079.844583333334
14809,4791.410666666667,10065.78
14810,5051.239142857143,10072.545714285716
14811,5882.223857142858,10086.211428571429
14812,5333.7868,10081.436
14813,4586.291647058823,10092.291764705882
14814,4921.922555555556,10100.180555555555
14815,4027.5811724137934,10120.538620689655
14816,4983.390428571429,10097.702857142856
14817,5157.821636363637,10099.509090909092
14818,5274.585,10104.596666666666
14819,5389.1843,10109.405999999999
14820,5957.583,10147.59
14821,5081.353857142857,10105.592857142856
14822,5535.891235294118,10136.922352941176
14823,5212.298071428571,10136.279999999999
14824,4728.654555555556,10134.345555555556
14825,4847.558,10133.30125
14826,5752.8337,10136.8
14827,4380.060777777778,10150.66888888889
14828,5440.938349999999,10149.5415
14829,4461.383,10153.841071428571
14830,5035.2827,10162.268
14831,5605.649,10155.513636363636
14832,5136.760533333333,10172.885333333334
14833,5872.302181818181,10175.554545454546
14834,4954.31,10183.8725
14835,5280.31425,10186.763125
14836,5785.505272727273,10195.498181818182
14837,5694.236695652174,10190.22347826087
14838,4401.082423076923,10203.042692307692
14839,4577.338736842105,10192.791578947368
14840,4497.444111111112,10195.878888888888
14841,5000.6595,10214.2275
14842,5086.8354,10219.657000000001
14843,4732.849888888889,10218.344444444445
14844,5202.3108,10223.5075
14845,5476.31875,10209.022500000001
14846,4855.146,10222.763
14847,5409.368916666666,10215.68
14848,5618.206333333333,10224.435
14849,4656.539111111111,10214.66888888889
14850,5327.3984666666665,10228.606
14851,4791.296166666667,10235.813333333334
14852,5037.841399999999,10267.89
14853,5470.025,10270.29
14854,4969.5906,10273.055
14855,5530.424999999999,10265.71
14857,5424.717,10278.51
14858,5817.208333333333,10263.446666666667
14859,5366.83475,10278.782500000001
14860,4421.541833333333,10284.376666666667
14861,4903.486833333333,10281.036666666667
14862,5112.253947368421,10284.402631578947
14863,5787.546285714286,10287.077142857144
14864,4787.1414545454545,10300.403636363637
14865,5175.758,10274.12
14866,4573.7467,10301.498
14867,5725.773363636364,10264.866363636364
14868,5295.171736842106,10301.040526315788
14869,4626.8095,10288.715
14870,5870.509999999999,10310.278333333334
14871,4487.672153846153,10289.167692307692
14872,4337.096833333333,10307.19611111111
14873,4698.46772,10288.3004
14874,5668.166142857143,10305.432857142858
14875,5169.484272727273,10331.42090909091
14876,5751.327636363636,10337.729090909092
14877,5247.925499999999,10323.651428571427
14878,4704.780916666667,10356.783333333333
14879,5120.786181818182,10360.52909090909
14881,4840.482583333333,10339.925833333333
14882,5686.92775,10363.19375
14883,5038.651764705883,10347.502352941177
14884,5630.072,10335.322222222221
14885,4411.802590909091,10357.573636363637
14886,5938.932000000001,10362.18
14887,4342.420368421052,10370.62052631579
14888,4944.430666666667,10378.633333333333
14889,4516.241222222223,10375.622222222222
14890,5589.3779,10371.789
14891,4769.60775,10372.545833333334
14892,5856.418999999999,10377.800000000001
14893,4491.882166666667,10433.686666666666
14894,4634.6557,10394.082
14895,5506.203772727273,10382.236818181818
14896,5702.6542,10431.728
14897,5287.013380952381,10401.039523809523
14898,4881.639,10403.916923076924
14899,5826.914333333333,10387.943333333333
14900,5422.086814814816,10393.499629629629
14901,5738.4088,10414.998666666668
14902,4571.386473684211,10427.795263157894
14903,5094.099899999999,10409.731
14904,4312.675193548387,10454.096129032258
14905,4953.909733333333,10434.765333333335
14906,5948.499375,10407.8325
14907,4774.957047619047,10430.949047619048
14908,5022.757166666667,10428.006666666666
14909,5637.343,10445.708999999999
14910,5974.056142857143,10463.218571428572
14911,5219.707466666666,10447.880666666666
14912,5793.3570714285715,10461.78
14913,5470.075375,10462.2625
14914,5402.905866666667,10475.358666666667
14915,5009.64025,10493.46
14916,5325.609333333333,10484.634166666667
14917,5131.7719230769235,10484.349230769232
14918,5891.1655,10473.47
14919,4366.917823529412,10488.734705882353
14920,4895.934888888889,10508.599999999999
14921,5709.644095238095,10497.034285714286
14922,4663.331533333333,10501.450666666668
14923,4746.7432,10497.045
14924,5202.238090909091,10520.277272727273
14925,5818.9839,10507.369999999999
14926,4437.278176470588,10522.918235294117
14927,5377.6621,10529.265
14928,5948.9551875,10530.3475
14929,4776.386222222222,10533.42888888889
14931,5264.267384615384,10535.657692307692
14932,5471.223999999999,10535.5
14933,4494.263714285714,10527.518571428573
14934,5150.981615384615,10552.383846153845
14935,5445.1155,10550.79625
14936,5754.6880909090905,10548.707272727273
14937,4811.753266666667,10573.692000000001
14938,4557.9773000000005,10554.310000000001
14939,5074.0595454545455,10554.36
14940,4952.6951538461535,10553.30923076923
14941,4647.480357142857,10563.670714285716
14942,5608.206,10548.598
14943,5387.4492,10575.904
14944,5861.557444444445,10588.324444444444
14945,4330.598999999999,10581.981578947369
14946,4401.647285714285,10599.42
14947,4506.2503636363635,10610.714545454546
14948,4595.763846153846,10625.120769230769
14949,4936.577125,10607.22875
14950,4690.521,10606.693333333335
14951,5242.897904761905,10600.14619047619
14952,5936.9193749999995,10610.6575
14953,4872.023037037037,10631.70888888889
14954,5327.2285600000005,10644.0848
14955,5634.7735,10630.5675
14956,5700.0185,10610.205
14957,5172.097222222223,10629.826111111111
14958,4456.510428571429,10626.787142857142
14959,4741.254875,10644.78625
14960,4951.777,10675.741666666667
14961,5793.836217391305,10631.296956521739
14962,4298.763535714285,10655.703571428572
14963,5929.019714285714,10666.544285714286
14964,5082.943444444445,10662.55111111111
14965,4797.459500000001,10663.847777777779
14966,4224.26632,10664.872800000001
14967,5607.177500000001,10686.788333333334
14968,4422.883583333333,10679.551666666666
14969,5235.781555555555,10680.216666666667
14970,5537.215647058823,10692.635294117646
14971,5877.831249999999,10706.475
14972,4522.748407407407,10691.712592592592
14974,5770.717,10709.131875
14975,5314.276800000001,10714.215999999999
14976,5231.646636363636,10731.472727272727
14977,4421.3325,10747.721333333333
14978,4253.756090909091,10730.959090909091
14979,5582.06955,10745.4985
14980,4830.1984999999995,10726.704285714284
14981,5082.8917,10734.772
14982,5447.491222222223,10750.034444444444
14983,5526.093,10760.78
14984,5821.145846153846,10766.153076923076
14985,4642.950428571428,10766.015714285715
14986,4207.156384615385,10784.693846153845
14987,4526.141176470588,10772.855294117648
14988,4848.298083333334,10789.324166666667
14989,5682.8562,10766.552
14990,5032.72665,10787.405
14991,5107.175222222223,10799.665555555555
14992,4295.855791666667,10798.103333333334
14993,5284.883096774193,10795.778387096774
14994,4352.479600000001,10797.4475
14995,4934.958571428571,10803.884285714286
14996,5748.307529411765,10801.987647058824
14997,4707.369166666666,10813.026666666667
14998,5414.233071428572,10797.108571428571
14999,5847.447142857142,10816.767142857143
15000,4187.389428571429,10828.197142857143
15001,4156.858166666667,10825.693333333335
15002,4985.255454545454,10848.924545454545
15003,4661.994583333333,10843.538333333332
15004,5595.6155,10849.57388888889
15005,5821.6165,10872.055
15007,4452.233181818182,10848.635909090908
15008,5474.492727272727,10859.573636363637
15009,4524.418000000001,10856.485
15010,4601.9225,10859.308333333332
15011,5772.105333333333,10878.81
15012,4278.422818181818,10876.414545454545
15013,5234.817125,10888.40875
15014,5316.213681818182,10869.62
15015,5705.524625,10874.02
15017,5171.8994736842105,10906.035263157895
15018,5368.8997,10926.627
15019,5973.848333333333,10911.486666666668
15020,5036.073428571429,10930.419285714286
15021,5747.158777777779,10939.905555555555
15022,5828.171619047619,10935.04619047619
15023,4636.3005625,10924.380625
15024,5110.864888888889,10947.656666666668
15025,4468.7425454545455,10968.146363636364
15026,4217.2908333333335,10958.811666666666
15027,4289.219,10950.133636363636
15028,4795.4178999999995,10950.196
15029,4727.118923076923,10964.443846153845
15030,4945.0815999999995,10983.145999999999
15031,5439.818333333334,10980.032500000001
15032,5506.3698,10980.868
15033,4286.139571428571,10993.151428571427
15034,5386.835545454545,10992.80909090909
15035,5931.8292,10976.388
15036,4661.716,10971.633333333333
15037,5022.530266666667,11009.914666666667
15038,4175.120625,11013.63375
15039,4863.624642857142,11020.722857142857
15040,4916.731538461539,11028.643846153846
15041,4660.969545454545,11028.22409090909
15042,4778.046,11012.705
15043,5625.133421052632,11012.256315789473
15044,4385.362083333333,11021.56
15045,5111.310391304348,11033.382608695652
15046,5535.588374999999,11023.9
15047,5456.962750000001,11045.622500000001
15048,5190.017090909091,11039.40818181818
15049,5297.0403076923085,11065.82
15050,5840.586454545454,11082.826363636363
15051,4121.8694444444445,11053.81814814815
15052,5060.337909090908,11077.120909090909
15053,4439.651222222222,11090.55
15054,5750.397,11087.76
15055,5573.004380952381,11083.38238095238
15056,4516.0085,11114.4375
15057,5664.420882352941,11089.150588235294
15058,5195.604571428572,11097.604285714286
15059,4188.969370370371,11112.962222222222
15060,4845.180375,11110.285
15061,4613.971285714286,11097.060714285715
15062,5353.856095238096,11114.191428571428
15063,4745.950705882353,11122.462352941177
15064,5847.207538461539,11145.547692307691
15065,5100.014894736842,11128.857894736842
15066,5303.702466666667,11132.821999999998
15067,5470.758466666667,11129.059333333335
15068,5922.945,11141.6
15069,4074.5726923076923,11124.944615384615
15070,5535.3708,11149.884
15071,5594.615533333333,11163.002666666667
15072,4438.5206,11139.192
15073,5415.161421052631,11167.33
15074,5766.8856,11156.238000000001
15075,4921.566517241379,11157.681724137932
15076,5644.721823529412,11166.079411764706
15077,4686.481714285715,11170.987142857144
15078,4479.3058,11177.286
15079,5130.5965,11200.612142857144
15080,5890.2035,11213.3
15081,4761.0650000000005,11184.535714285714
15082,4144.050533333333,11188.088333333335
15083,4617.076933333333,11199.654666666667
15084,5070.920761904762,11198.640476190476
15085,4228.457153846154,11194.664615384614
15086,5430.29775,11225.46125
15087,5680.8054375,11226.159375
15088,4432.674166666667,11223.206666666667
15089,4973.331066666667,11228.402
15090,4513.431555555555,11219.09
15091,5537.004800000001,11216.632000000001
15092,5934.306500000001,11234.275000000001
15093,5488.126875,11243.5425
15094,4317.255685714285,11249.956
15095,4089.8309600000002,11263.192
15096,5046.0259166666665,11264.504166666666
15097,4554.6387,11249.643
15098,5557.8526249999995,11259.34125
15099,4821.8554,11255.980666666666
15100,4389.3021,11275.240000000002
15101,4167.502888888888,11266.59888888889
15102,5641.296684210526,11284.456315789474
15104,4614.5055,11283.01
15105,5856.224666666666,11276.351666666667
15106,5178.8619285714285,11269.947142857143
15109,4856.480833333334,11290.716666666667
15110,5098.755363636364,11307.04909090909
15111,5924.736833333333,11309.363333333333
15112,5442.4304375,11318.68
15113,4130.7099333333335,11326.910666666667
15114,4225.975357142857,11321.724285714286
15115,4643.962142857143,11334.634285714286
15117,4485.159750000001,11342.4375
15118,5205.413642857143,11343.636428571428
15119,4368.375761904762,11348.551428571427
15120,5894.515769230769,11360.002307692308
15121,4566.8458,11348.659333333333
15122,4898.3308421052625,11355.482631578949
15123,5541.094999999999,11385.426
15124,5172.5183,11381.818
15125,5668.8623333333335,11363.8775
15126,5425.997833333334,11390.869166666665
15127,5814.192809523809,11392.939523809522
15128,4729.261916666666,11365.989166666666
15129,5944.475157894736,11393.441052631579
15130,4275.189107142857,11390.35
15131,5056.01,11391.668095238096
15132,5731.3651875,11386.08625
15133,5242.723222222222,11401.806666666665
15134,4166.406916666667,11395.153333333334
15135,5335.288421052632,11408.081578947367
15136,4705.123666666666,11428.504444444445
15137,5620.5645,11419.555
15138,4766.4710000000005,11420.518571428573
15139,5680.480285714286,11431.585714285715
15140,5141.796214285714,11434.276428571427
15141,4313.712500000001,11437.46
15142,5830.978,11458.866666666667
15143,5568.898,11443.70875
15144,4197.807923076923,11453.574615384616
15145,4658.8885,11460.265
15146,4817.909117647059,11468.011176470589
15147,5507.8253125,11472.720625
15148,4125.3296,11440.769
15149,4399.04388,11459.3928
15150,4897.957071428572,11476.417857142858
15151,4580.101461538462,11483.48076923077
15152,5113.631727272727,11497.607272727271
15153,5856.631,11502.666363636365
15154,4303.8868,11499.4165
15155,5275.597000000001,11479.719411764707
15156,5742.992,11492.534
15157,5606.585000000001,11510.344000000001
15158,4057.7346666666667,11488.966666666667
15159,4180.469800000001,11522.9
15160,5958.5827500000005,11503.114166666666
15161,4466.898055555555,11509.41388888889
15162,4725.669285714285,11528.85
15163,4639.585454545455,11527.57909090909
15164,4507.9695833333335,11531.449166666667
15165,5683.356333333333,11527.339999999998
15166,4994.5995625,11520.18125
15167,5330.5975,11539.200833333334
15168,4096.247444444444,11539.269999999999
15170,4022.3736,11544.319500000001
15171,5394.800555555556,11531.225555555555
15172,5231.382,11547.878333333334
15173,5597.3135,11555.265
15174,5826.84115,11571.9155
15175,4334.795214285715,11568.496428571429
15176,5967.3606666666665,11574.477777777778
15177,4182.2726999999995,11588.345
15178,4803.168727272728,11580.175454545455
15179,5750.168142857144,11567.227142857142
15180,4082.8532222222225,11590.384444444444
15181,5161.1116,11590.238666666666
15182,5623.992714285714,11629.382857142858
15183,4659.59,11614.759090909092
15184,4593.383333333333,11627.075555555555
15185,4292.685583333333,11617.554166666667
15186,5930.86,11621.672
15187,4240.2028,11644.136666666665
15188,4384.3796999999995,11638.198
15189,5286.6372,11636.460000000001
15190,5363.77175,11617.722500000002
15191,5700.4076000000005,11627.448
15192,5035.233666666667,11649.738148148148
15193,5484.279611111111,11644.397222222222
15194,5788.853125,11648.26875
15195,4024.781315789474,11645.506842105264
15196,4524.087333333333,11666.775000000001
15197,4848.2574545454545,11649.426363636363
15198,5408.364473684211,11660.157368421053
15199,4139.632857142857,11665.477619047619
15200,5554.6564285714285,11693.634761904763
15201,4428.226000000001,11681.969230769231
15202,5132.9839999999995,11665.572000000002
15203,4584.204772727273,11698.412272727273
15204,4052.1485000000002,11705.499
15205,4767.5536250000005,11695.03
15206,4875.400125,11709.01875
15207,5320.2788,11699.155999999999
15208,5817.8095,11689.3475
15209,4340.12,11700.427272727273
15210,4936.9532500000005,11697.061875
15211,5426.222833333333,11716.175000000001
15213,4283.756916666666,11716.168333333333
15214,4177.573375,11721.97125
15215,4683.5145,11728.35625
15216,4480.378,11723.999285714284
15217,5098.470285714286,11722.257142857143
15218,5349.152857142857,11734.800000000001
15219,4388.1720000000005,11742.378
15220,5148.968,11742.346666666666
15221,5484.101909090909,11747.072727272727
15222,5663.319,11746.88375
15223,5048.081666666667,11757.213333333333
15224,5768.97185,11769.1445
15225,5254.659352941177,11754.909411764706
15226,4851.2568,11759.538
15227,4234.569,11765.851739130436
15228,4290.680166666666,11773.716666666667
15229,4784.354692307692,11772.331538461538
15230,5424.476285714286,11777.832857142857
15231,4421.091842105263,11779.825263157894
15232,5301.0638,11800.568
15233,4170.6988,11787.428
15234,4967.6826249999995,11776.896875
15235,4108.6278,11757.163999999999
15236,5547.667444444444,11779.371111111112
15237,4893.492714285714,11808.271428571428
15238,4067.867,11809.280833333332
15239,5467.5669,11810.816
15240,5682.852727272727,11811.787272727273
15241,4536.801363636364,11807.308636363638
15242,4625.041764705883,11817.334705882353
15243,5853.317857142857,11807.44642857143
15244,4404.612857142857,11832.830714285714
15245,5360.684,11798.149090909092
15247,5181.520090909091,11820.281818181817
15249,5087.047142857143,11810.004285714285
15251,5948.822,11828.016923076922
15252,4706.879555555556,11835.812592592592
15253,4192.3785,11843.33
15254,3998.5982916666667,11770.597916666666
15255,4462.625090909091,11866.796363636364
15256,5127.478166666667,11838.846666666666
15257,5736.015545454546,11854.955454545456
15258,4127.872571428571,11844.361428571428
15260,4069.875875,11875.685
15261,4279.028842105263,11856.89
15263,5297.786,11853.8825
15264,5186.543333333333,11890.933333333334
15265,4607.579294117647,11877.740000000002
15266,4921.895166666666,11865.316666666666
15267,4834.170235294117,11873.178235294117
15268,5071.654333333333,11887.0
15269,5547.2735999999995,11881.152
15270,4134.740666666667,11896.143333333333
15271,5249.5542000000005,11873.782
15272,4725.874153846154,11904.537692307691
15273,4783.0956,11900.648
15275,5628.402999999999,11877.271666666667
15276,5931.048636363636,11916.107272727271
15277,4341.108142857143,11925.025714285714
15279,4677.193470588236,11927.527647058823
15280,5847.557,11918.739
15281,5248.4795,11933.205
15282,4220.5387222222225,11908.592777777778
15283,4842.634285714286,11946.08357142857
15285,4911.494571428571,11949.522857142858
15286,5064.2705,11938.480000000001
15287,4557.854733333333,11935.202666666668
15288,4084.976727272727,11948.652727272727
15289,5369.7225,11962.862
15290,5299.137428571428,11940.764285714287
15291,4141.8252,11948.84
15293,5113.7338,11951.877
15294,4040.245666666667,11949.803333333331
15296,4197.268,11960.686153846153
15297,5540.937846153845,11966.821538461538
15298,3994.418428571428,11882.539047619048
15299,4621.114166666667,11971.684166666666
15301,5934.683800000001,11981.142
15302,6328.089000000001,9978.131181818182
15303,6553.116714285715,10014.703142857144
15304,6763.3048,9963.8135
15310,7853.142,9986.733999999999
15313,6041.613,9979.894083333333
15316,6791.7744999999995,10052.9975
15317,6217.16125,9999.6065
15318,6450.912,9984.858666666667
15321,6098.598730769231,10055.42576923077
15328,6005.138,10072.539285714285
15329,6729.711714285715,10051.460000000001
15331,6579.327,10116.513333333334
15332,7927.052,10069.68
15335,6264.41225,10121.135
15336,6457.7970000000005,10093.02
15341,6688.703571428572,10100.862857142856
15342,6354.9965555555555,10078.847777777779
15344,6837.029666666666,10115.423333333334
15348,6640.481,10131.312
15352,6316.356714285715,10105.137142857142
15353,6485.777833333334,10128.039999999999
15358,6326.003166666666,10170.525
15362,6020.1336666666675,10192.6
15363,6095.466133333333,10141.219333333334
15364,6513.36075,10181.0675
15366,6142.7300000000005,10183.504
15367,6447.79,10185.54
15370,6381.4195,10169.41
15371,6196.8752,10164.044
15372,6685.250125,10169.19375
15377,6605.526999999999,10211.186666666666
15379,6805.42625,10221.699166666667
15383,6756.041666666667,10230.703333333333
15387,6410.103666666667,10212.940833333334
15388,6354.1717499999995,10234.4525
15389,6305.978999999999,10233.456666666667
15396,7244.178333333333,10265.613333333333
15397,6873.2545,10236.43
15400,6502.16675,10257.210000000001
15402,6158.88,10283.633333333333
15404,6086.961666666667,10234.946666666665
15405,6712.010333333334,10276.784666666666
15406,7708.099666666666,10280.8
15409,6440.883857142857,10275.00857142857
15410,6658.965666666667,10287.003333333334
15411,6784.265600000001,10302.826000000001
15416,6374.419000000001,10291.962857142858
15418,6469.6824,10335.431999999999
15420,6524.139,10324.207142857142
15421,6208.915800000001,10318.044
15425,6891.47875,10335.1
15429,6272.0082999999995,10316.331
15432,5983.852555555556,10293.064444444444
15434,6356.71,10327.603333333334
15435,6834.502666666667,10361.656666666668
15436,6588.1042,10366.07
15439,6277.782,10385.062
15441,6176.5774,10350.612
15442,6427.105750000001,10366.115
15445,6070.652428571429,10413.737142857144
15446,6136.121166666667,10411.930833333334
15447,6370.2909,10401.52
15448,6756.565789473684,10386.691052631579
15453,6478.925555555556,10418.754444444445
15456,6590.7428,10439.902
15457,6186.157583333334,10446.993333333334
15458,6265.518333333333,10440.252222222223
15460,6875.789000000001,10440.310000000001
15461,6681.024,10444.195
15462,6715.982555555555,10498.144444444444
15464,6851.131299999999,10476.199
15466,6514.062333333332,10476.201666666666
15469,6324.033333333333,10465.655833333332
15470,6260.424285714286,10505.085714285715
15472,6113.91725,10488.48
15474,6045.821066666667,10514.598
15475,6402.6854,10522.457
15476,6528.4645294117645,10523.543529411763
15479,6209.9792,10524.651
15482,6592.3268,10555.496000000001
15484,6454.592900000001,10561.36
15486,6105.220916666666,10562.781666666668
15487,6176.416705882353,10572.806470588235
15490,6323.242666666666,10538.36
15492,6379.23325,10580.192500000001
15493,6828.78325,10558.79875
15498,6708.7444000000005,10579.668
15499,6890.494333333333,10584.533333333333
15501,6769.231357142858,10588.120714285715
15502,6325.0377499999995,10635.32
15503,6587.4735,10604.675000000001
15507,6501.71025,10622.14875
15512,6235.052363636364,10650.494545454545
15514,6902.14575,10656.6175
15516,6394.836125,10659.50625
15517,6012.857818181818,10608.975454545454
15518,6300.6014000000005,10681.842
15519,6158.1146,10673.928
15523,6815.604833333334,10675.013333333334
15524,6670.521125,10680.515
15525,6053.4986874999995,10693.486875
15526,6110.2235,10663.23375
15527,6728.875999999999,10668.560000000001
15530,6470.9087500000005,10677.9675
15532,6992.766500000001,10692.901666666667
15538,6350.8548,10721.833
15540,6268.537222222222,10724.05
15542,5973.149307692307,10716.597692307692
15547,6184.9914499999995,10756.397
15548,6137.0286,10743.75
15549,6432.971333333333,10739.446666666665
15551,6368.960764705882,10781.908823529413
15553,7798.215666666667,10773.11
15554,6082.113333333334,10755.891666666666
15555,7016.923000000001,10770.92
15556,7154.3035,10779.154999999999
15557,6517.293333333333,10789.972222222223
15559,6661.478666666667,10796.699999999999
15560,6906.8442,10767.933
15561,6574.051285714285,10772.027142857143
15563,6005.437857142858,10780.745714285715
15566,6722.480428571428,10794.062857142857
15568,6426.297857142857,10808.199999999999
15569,6790.0974166666665,10796.819166666666
15574,6275.7722,10798.380000000001
15578,6336.367285714286,10838.875714285716
15583,6601.0650000000005,10850.119999999999
15584,6135.874444444445,10853.646666666667
15585,7152.656,10840.605
15587,6093.3442000000005,10868.989
15588,6529.796333333334,10874.181111111111
15589,6659.7341428571435,10858.019285714285
15590,6241.985384615385,10858.572307692308
15592,6040.722777777777,10858.175555555556
15593,6181.306833333333,10859.968333333332
15594,6484.2388,10861.886
15596,6769.891,10881.2275
15598,6366.477428571428,10894.364285714286
15599,6856.380999999999,10883.130000000001
15600,6442.56,10919.679999999998
15601,6282.972833333333,10895.300000000001
15604,6197.600625,10918.3325
15606,6995.953,10937.15
15607,6043.034428571429,10915.500714285716
15610,6690.2382,10937.946
15611,6890.049333333333,10919.94
15613,6102.2162,10949.346000000001
15614,7186.4415,10933.505000000001
15615,6306.441333333333,10961.3175
15617,6536.0148,10964.723999999998
15618,6925.521125,10971.0025
15619,7106.456999999999,10958.36
15620,6395.640636363637,10974.475454545454
15621,5984.8123076923075,10988.102307692307
15622,6574.0104,10967.252666666667
15623,6151.7835,10972.4315
15624,6885.43075,10971.8125
15628,6787.736888888889,10990.09888888889
15629,6056.5261,11016.240000000002
15631,6677.316818181818,11006.74181818182
15632,6234.0526666666665,10989.574166666665
15633,6341.4355,11025.678750000001
15634,7167.013875,11010.10625
15635,6523.090833333333,11024.9
15636,6604.149,11017.76
15637,7035.79525,10998.585
15639,6895.028333333333,11037.189999999999
15640,6179.5316,11038.888
15642,6584.6563636363635,11071.515454545455
15643,6744.291818181819,11047.488181818182
15644,7110.9786875,11057.355625
15645,6669.354444444445,11070.938888888888
15646,6478.957625,11058.90625
15647,6636.417,11113.302727272727
15648,6964.402,11097.895
15649,6087.132421052632,11093.116842105263
15650,6438.157714285714,11114.608571428571
15651,6727.15525,11098.175
15652,7064.983470588235,11120.915294117647
15653,6243.669599999999,11100.060000000001
15654,6000.514520000001,11099.101999999999
15655,6147.067166666667,11110.168333333333
15656,6533.444833333334,11110.113333333333
15658,7282.27725,11111.485
15659,6190.758545454545,11128.822727272727
15660,6394.521166666666,11122.303333333335
15661,7186.521071428571,11140.772142857142
15662,6041.444600000001,11144.89
15663,6822.108111111111,11164.317777777778
15665,6100.837090909091,11169.885454545454
15666,6940.5953500000005,11163.364
15669,6344.922222222222,11189.5
15671,6617.37,11169.369999999999
15672,6498.061823529412,11201.194117647057
15673,6254.194142857143,11225.877142857144
15677,6110.460749999999,11226.886666666665
15678,6410.818954545454,11232.515454545455
15679,6669.337,11211.23
15680,6590.0869,11229.831
15681,7203.726888888889,11256.342222222222
15682,6795.600444444444,11245.567777777778
15683,7154.632153846153,11256.42076923077
15684,7270.6861538461535,11262.633076923077
15686,7066.822,11262.878999999999
15688,6343.150875,11277.170625
15689,6810.2644,11309.651
15691,6125.4603333333325,11288.112222222222
15692,6182.0884166666665,11274.6825
15693,7341.369500000001,11285.545
15695,6536.534833333334,11289.683333333334
15696,6664.492833333334,11320.464999999998
15697,6899.945999999999,11296.064
15698,5991.895538461538,11324.815384615385
15699,7489.04725,11315.6275
15701,6439.380928571429,11313.745714285715
15702,7297.104857142856,11315.031428571428
15703,7408.138555555556,11338.79111111111
15704,6150.268,11335.261999999999
15705,7547.328333333334,11331.269999999999
15707,7197.079461538461,11332.799230769231
15708,6322.8495,11358.539999999999
15709,7040.710181818183,11337.295454545454
15711,6809.841230769231,11363.28
15712,6913.0985,11361.55625
15713,6416.867555555556,11380.135555555556
15715,7134.996583333334,11369.849166666667
15717,7260.0845,11359.355
15719,7457.031,11385.595000000001
15721,6233.3994,11394.787
15722,6651.599625,11403.175
15723,6956.513625,11383.675
15724,7007.794099999999,11400.338
15725,6572.771875,11418.4325
15726,7340.490375,11405.89875
15727,7252.05125,11425.445
15728,7410.697,11428.139090909091
15729,7174.8412499999995,11436.3525
15731,6295.4676,11431.522
15734,7217.176666666666,11479.262222222222
15735,6081.577909090909,11437.602727272728
15738,7020.602,11473.2675
15739,7545.732285714286,11462.792857142858
15740,6735.2815,11440.65875
15741,6790.515714285714,11460.530714285715
15742,6603.596666666667,11470.585555555555
15743,6495.172888888888,11470.755555555555
15744,6896.846799999999,11441.248
15746,6674.980866666667,11473.321999999998
15747,7353.601222222222,11484.733333333334
15748,7424.022222222222,11478.513333333332
15749,7482.123500000001,11458.125
15751,6427.345954545454,11487.668181818182
15753,6838.581,11503.2225
15755,6242.496999999999,11484.505000000001
15757,6963.059625,11487.05875
15759,6892.961333333333,11501.861666666666
15761,6561.749125,11507.15125
15763,6073.7888,11518.188
15764,7128.976,11515.204000000002
15767,6246.9468,11540.246
15768,7030.7711500000005,11532.17
15769,6966.55825,11551.2175
15770,6442.991083333333,11555.100833333332
15771,7211.282333333334,11538.37
15772,7303.4158,11550.304
15774,6345.813684210527,11545.105263157895
15775,6751.60975,11565.58
15776,6503.067125,11569.583125000001
15777,7264.4622,11546.934
15779,6134.7593333333325,11549.720000000001
15780,6896.18125,11582.8225
15781,6819.1618,11554.519
15782,7072.767199999999,11573.752
15783,7125.212545454546,11585.593636363636
15784,6565.064636363636,11577.297272727274
15785,7396.107833333333,11562.131666666668
15788,6778.873888888888,11619.167777777777
15789,7210.544272727272,11595.232727272727
15792,7380.019166666666,11616.04
15793,6184.415333333333,11604.11
15794,6940.809470588235,11619.961764705882
15796,7054.52475,11627.91375
15797,7232.428222222222,11641.362222222222
15798,6240.04525,11626.085
15800,6356.322999999999,11634.656153846154
15802,6581.061666666667,11640.248333333335
15805,7177.9684,11658.514
15806,6696.232999999999,11662.196363636363
15807,6870.8845,11665.786666666667
15808,6419.019111111111,11640.235555555555
15811,6502.763076923076,11670.364615384615
15813,6792.595461538461,11667.151538461538
15814,6439.668153846154,11673.280769230769
15815,7455.5285,11694.375
15816,6305.5616875000005,11682.511875
15817,7346.335999999999,11692.16
15819,6224.848333333332,11696.743333333332
15820,6999.909600000001,11677.059
15822,6844.461,11715.196
15823,6925.368470588235,11705.481176470588
15824,6654.539,11726.16857142857
15825,6564.952875,11730.43375
15826,6379.638000000001,11735.520666666667
15827,5999.144499999999,11698.272222222222
15829,7015.992000000001,11743.223333333333
15830,7500.677833333334,11731.763333333334
15832,6198.601000000001,11768.32625
15835,7297.958166666667,11762.68
15836,7433.823333333334,11778.001666666665
15838,6294.283833333334,11785.856666666667
15839,7234.260111111111,11747.174444444445
15840,7730.43175,11764.835
15842,6627.495857142857,11793.35142857143
15845,6059.718857142857,11801.4
15846,7375.4658,11782.894
15847,6886.529799999999,11766.547999999999
15848,6959.040142857143,11798.778571428571
15851,6570.433499999999,11815.326666666668
15852,6252.7965,11828.81
15853,6303.8399,11835.526
15854,7249.761199999999,11831.098000000002
15856,6526.7822,11817.746
15857,6679.1984999999995,11823.163571428571
15859,6465.493307692308,11821.306153846155
15860,6151.074666666666,11870.686666666666
15861,7187.389666666667,11839.826666666666
15862,7296.393666666667,11868.488333333333
15864,6938.028625,11887.1975
15865,6569.418666666667,11886.011666666667
15866,6857.46,11893.81125
15867,6351.0036666666665,11872.723333333333
15869,6626.777142857143,11913.795
15870,6451.7204,11919.073999999999
15871,6519.497857142857,11914.738571428572
15872,6792.6145,11913.76
15873,7199.6606,11899.914
15874,6694.813714285714,11924.781428571428
15875,6263.805833333333,11910.114166666666
15876,5991.750333333333,11918.886666666667
15877,7030.2717999999995,11914.397
15880,6757.803888888889,11944.254444444445
15881,6058.7862000000005,11922.412
15882,7090.164142857143,11937.605714285715
15885,6962.028,11936.355
15886,6834.1115,11944.64
15887,6880.044142857143,11979.941428571428
15888,6948.387818181818,11990.605454545455
15893,9086.718499999999,9968.398000000001
15894,9231.326,10007.505666666666
15896,9415.071875,9990.367125
15897,9700.766571428572,9993.429714285714
15898,9954.401399999999,9992.362799999999
15903,9485.132300000001,10030.047999999999
15904,9557.0655,10026.2075
15905,9066.543333333333,10020.355000000001
15906,9430.133625,10050.85
15907,9784.603,10046.623300000001
15912,9593.728599999999,10064.454
15915,8919.865,10046.166666666666
15918,9645.069000000001,10039.706666666667
15920,9013.406,10068.033333333333
15921,9348.6744,10061.380000000001
15922,9550.87875,10089.880000000001
15925,9704.8868,10073.7565
15927,9944.438333333332,10097.503333333334
15929,9121.521,10081.734
15930,8768.9205,10070.185
15932,8835.1165,10086.9475
15933,9647.43375,10109.8325
15934,9865.3359,10096.895
15944,9457.924857142858,10125.714285714286
15945,9222.05825,10146.692500000001
15953,8906.094923076922,10156.576153846154
15957,9939.432285714285,10167.14
15958,9272.261666666665,10173.488000000001
15959,9792.750199999999,10171.929
15961,9524.51688888889,10190.354444444445
15963,9117.688272727273,10195.886363636364
15964,9046.430428571428,10168.507142857143
15965,9386.896466666665,10195.513333333334
15966,9620.4105,10210.666666666666
15967,9325.695666666667,10208.906666666668
15969,9867.806294117647,10208.791764705882
15973,9263.7595,10254.124
15975,8961.557999999999,10249.971666666666
15977,9335.00475,10255.27
15978,9578.36925,10250.5775
15979,9771.522,10260.449
15981,8757.116666666667,10279.636666666667
15984,9101.0605,10286.2225
15985,9668.911625,10285.24125
15986,9928.368115384616,10291.30076923077
15991,9515.611,10265.563
15993,9436.412785714287,10302.926428571429
15996,8904.487857142858,10318.781428571428
15997,9335.284333333333,10324.01
16000,9268.164,10314.785
16001,9506.122142857143,10327.128571428571
16003,9821.4904,10314.866
16005,9718.113428571427,10347.792857142858
16007,8645.6165,10336.215
16008,8972.440428571428,10328.348571428573
16010,8712.546666666667,10340.666666666666
16011,9158.205,10330.79375
16012,9218.2894,10343.872
16014,9356.716142857143,10352.772857142858
16015,9637.916727272728,10353.728181818182
16018,9425.16795,10377.5045
16019,9153.5228,10378.378
16021,9546.002666666665,10389.406666666668
16023,9632.864545454546,10413.81
16026,9805.473375,10393.4325
16028,8912.517749999999,10409.0575
16033,8996.55076923077,10420.339999999998
16035,9079.669833333333,10429.491666666667
16036,9421.7574,10437.068000000001
16038,9279.146,10446.525454545454
16041,9944.612636363636,10433.384545454544
16042,9123.846214285715,10470.17857142857
16043,9204.52194117647,10445.285294117648
16045,9464.992499999998,10480.002142857144
16046,9607.443111111112,10479.03388888889
16047,9045.593555555555,10475.480000000001
16048,9888.7014,10451.888
16049,9343.106166666666,10470.735
16050,9682.722666666667,10468.093333333332
16052,9396.234117647058,10480.973529411764
16053,8981.35411111111,10484.586666666666
16054,9742.701500000001,10485.134166666667
16063,9494.852625,10541.5375
16064,9330.218375,10550.1175
16067,9075.367214285714,10536.067142857142
16068,9781.7856,10544.075
16069,9282.890272727273,10550.465454545454
16070,9155.133,10564.243571428571
16071,9552.5951,10541.503
16072,9702.23209090909,10551.135454545454
16075,9833.008333333333,10574.706666666667
16076,9613.854466666668,10577.165333333334
16078,9900.20875,10579.4775
16082,9005.874444444444,10605.468888888889
16084,9090.607923076923,10613.943846153845
16090,9443.9306,10622.057999999999
16092,9863.844642857144,10641.521428571428
16093,9668.275,10643.9025
16095,9764.506666666666,10658.345
16100,9919.081384615385,10674.460000000001
16104,9433.609166666667,10693.488333333333
16105,9008.083999999999,10683.514
16107,9676.798055555555,10721.34888888889
16108,9333.069352941176,10689.68
16111,9972.227,10713.822
16113,8922.9122,10707.254
16114,9538.93,10728.483333333332
16117,9455.923125,10763.130000000001
16120,8988.6336,10758.872
16122,9346.076285714285,10765.6
16123,9764.512,10770.035000000002
16126,9827.71175,10785.405
16127,9565.799266666667,10804.84
16130,8928.548,10800.7025
16137,8974.751,10824.835714285715
16138,8915.612875,10856.6625
16139,9334.330636363637,10870.308181818182
16140,9117.423230769231,10867.307692307691
16142,9423.396555555555,10877.979444444445
16143,9510.149666666668,10846.62
16146,9014.1204,10869.492
16148,9634.458692307691,10873.354615384615
16149,9972.203333333333,10897.44
16151,9565.414272727272,10907.92909090909
16152,9059.657272727272,10915.576363636363
16155,9009.613800000001,10935.8
16156,9640.323538461538,10954.67923076923
16157,9278.631153846154,10946.896923076923
16159,9695.423133333334,10932.815999999999
16160,9498.504375,10926.83125
16163,9219.611727272728,10959.149090909092
16164,9896.821454545456,10986.759090909092
16166,9748.876166666667,10987.245833333334
16167,9348.462066666667,11005.206666666667
16169,9199.438692307693,11013.902307692308
16170,9536.573666666667,11028.425000000001
16171,8947.081571428573,11012.524285714286
16172,9786.7565,11021.446
16173,9461.3448125,11013.895
16176,9069.859454545454,11032.764545454545
16178,9918.9709,11038.181
16180,8910.420857142857,11046.01
16181,9378.026999999998,11067.928
16183,9597.02264516129,11059.480967741934
16184,8841.909666666666,11032.230000000001
16185,8992.148799999999,11064.967999999999
16186,9265.137357142858,11059.625714285716
16187,9927.2798,11093.503
16188,9523.521166666667,11065.373333333335
16189,9981.3724375,11055.44
16190,9432.43125,11087.02125
16193,9182.71175,11074.428750000001
16196,8794.508249999999,11078.61
16199,8883.721666666666,11117.68
16200,9669.153875,11116.29125
16201,9374.0686,11123.086
16202,9146.5667,11131.23
16203,9267.560785714286,11131.515714285715
16204,9537.9472,11117.300666666668
16207,9055.573750000001,11142.249166666666
16208,9959.474,11163.449999999999
16209,9722.915454545455,11171.04
16210,9478.710461538461,11177.432307692306
16211,9870.733454545454,11157.206363636364
16214,9101.0322,11193.380666666666
16215,9548.062,11189.783333333333
16216,9358.231857142857,11193.912142857142
16217,9654.368142857144,11185.156428571428
16218,9796.023722222222,11193.158333333333
16220,9856.8254,11231.172
16222,8951.794,11205.12
16223,9236.135666666667,11210.486666666666
16225,9309.22876923077,11248.735384615384
16228,9799.64475,11273.91625
16229,9693.91825,11251.925000000001
16230,9882.652333333333,11281.446666666665
16231,9014.375333333333,11269.553333333335
16233,9201.388882352941,11275.699999999999
16234,9945.848875,11267.589375
16235,9553.080857142859,11285.585714285715
16237,9116.2458,11281.828
16238,9343.2768,11300.789999999999
16241,9472.738052631577,11297.33105263158
16244,9707.226625,11326.32625
16250,9167.209090909091,11335.537272727273
16252,9622.327818181819,11342.526363636363
16254,9306.514928571429,11355.607857142857
16256,9507.22208,11374.743600000002
16257,9117.8828,11381.800666666668
16259,9653.420160000001,11392.340400000001
16263,9794.219266666665,11394.553333333333
16264,9354.370499999999,11415.081666666667
16265,9424.879153846154,11379.853846153846
16270,9570.32205263158,11415.047894736843
16272,8589.968499999999,11426.0275
16274,9502.9042,11447.8
16276,9198.317625,11453.061249999999
16277,9027.497666666668,11452.61
16281,9942.398000000001,11446.882857142857
16282,9974.561833333333,11474.683333333334
16285,9903.461333333333,11491.503333333334
16286,9424.347136363636,11496.909545454546
16289,9042.237363636365,11518.08
16290,9295.038705882353,11489.61411764706
16291,9621.415448275862,11511.654137931033
16295,9806.127363636364,11533.026363636363
16296,9535.331833333332,11559.056666666665
16297,9952.782944444443,11549.901666666667
16298,8928.24175,11561.564999999999
16299,9412.797933333331,11583.641333333333
16301,9211.148850000001,11609.068000000001
16302,9643.6334,11600.408
16304,9137.165190476191,11595.838095238096
16305,9300.6855,11604.536666666667
16306,9500.780368421052,11621.650526315789
16307,9731.615333333333,11600.433333333334
16308,9911.375333333333,11620.44
16309,9971.71509090909,11624.023636363636
16310,9825.4128125,11620.15625
16311,9019.225333333334,11639.351111111111
16313,9384.591916666666,11655.525
16314,9753.336057142857,11666.913428571428
16315,9658.792590909092,11684.125454545456
16316,9911.368375,11683.525
16317,9283.027636363637,11691.547272727274
16318,9356.4738,11688.631
16319,8996.537285714285,11696.91
16320,9850.045714285716,11698.425714285713
16321,9213.264666666666,11704.544444444444
16322,9050.507,11713.99
16323,9433.059346153846,11718.136923076923
16324,9566.576285714285,11704.791428571427
16325,9747.2235,11722.4375
16326,9815.155125,11743.463749999999
16327,9934.8896,11747.35
16328,9195.709285714285,11761.949999999999
16329,9581.748461538462,11769.486923076924
16330,9952.1235,11787.764
16331,9708.925266666665,11799.443333333333
16332,9784.260846153846,11806.038461538461
16333,9629.981285714286,11826.572857142859
16334,9412.644307692308,11794.517692307692
16335,9502.084222222222,11829.047777777778
16336,9980.237333333333,11846.361666666666
16337,9562.346333333333,11834.945
16338,9170.785777777777,11825.876666666667
16339,9929.372000000001,11825.188333333334
16340,9880.093625,11843.38625
16341,9357.78388888889,11842.05111111111
16342,9310.419285714286,11852.405714285715
16343,9648.1341,11892.338
16345,9963.735700000001,11893.059
16347,9428.854083333334,11914.68
16348,9802.5733,11897.0
16349,9119.510416666666,11889.301666666666
16350,9722.217826086957,11909.96652173913
16351,9568.426416666667,11916.623333333335
16352,9005.877571428571,11907.00857142857
16353,9518.270333333332,11928.152222222221
16354,9265.073615384616,11947.753076923078
16356,9950.803111111112,11964.477777777778
16359,9174.548285714287,11946.256428571429
16361,9786.3056,11973.451
16362,9331.350125,11956.59625
16363,9473.359466666667,11974.911333333333
16364,9404.591222222221,11981.031111111111
16365,9536.017833333333,11977.323333333334
16366,10813.636666666667,9988.321
16367,10871.821666666667,10016.506833333333
16368,10963.769333333334,10004.318533333333
16369,11087.232857142857,9982.478142857142
16370,10118.1,10018.576083333333
16371,10765.429999999998,10030.07
16372,10248.731666666667,10035.023333333333
16373,10039.95625,10038.82
16374,10647.02125,10035.8675
16375,11085.24875,10038.19
16376,11142.37625,10030.039999999999
16377,10324.66,10052.80909090909
16378,11180.48,10059.698571428571
16379,11265.352222222222,10048.312222222223
16380,10489.495454545455,10054.25
16382,10582.41,10073.732
16383,11024.701666666666,10064.421666666667
16384,10814.299230769231,10062.804615384615
16385,10705.261428571428,10073.841428571428
16386,10407.417,10066.729
16387,11430.728,10069.702000000001
16388,10265.03875,10082.07875
16389,10871.981111111112,10104.076666666668
16390,10128.897692307693,10104.616923076923
16391,10924.046153846155,10109.413076923076
16392,10510.754736842106,10133.237894736842
16393,10857.560000000001,10139.23
16394,10625.511111111111,10123.172222222223
16395,11117.599999999999,10108.07
16396,11294.467894736841,10102.194210526315
16397,10323.832,10134.128
16398,11197.722666666667,10129.879333333334
16399,10397.16375,10146.6025
16400,11027.938333333334,10132.039999999999
16402,10977.429,10163.472
16403,11300.354666666668,10157.565333333334
16404,10794.4725,10144.5325
16405,10716.606666666667,10130.04
16408,11355.101538461538,10144.544615384617
16409,10742.571,10192.957
16410,11576.823333333334,10204.318333333335
16411,10029.91525,10180.964166666667
16412,10376.133043478261,10196.22652173913
16413,11810.724545454546,10179.908181818182
16414,11465.101428571428,10173.169047619047
16415,11748.75,10183.194444444445
16416,10295.245714285715,10197.387142857144
16417,10864.331538461538,10197.442307692309
16418,11679.349999999999,10184.628888888888
16419,10620.24,10177.09
16420,11070.606666666667,10212.5
16421,10183.613333333333,10235.470000000001
16422,11850.020833333334,10218.826666666666
16423,11195.474285714286,10210.271428571428
16424,11425.516153846153,10219.798461538461
16425,11933.91695652174,10215.575217391304
16426,10048.72,10239.96
16427,10674.807499999999,10249.04375
16429,11004.766,10238.494999999999
16430,11137.334166666667,10255.589166666667
16431,10928.027777777777,10242.445555555554
16432,11886.834117647059,10271.71294117647
16433,11723.961666666668,10265.020833333334
16434,10964.519,10286.549
16435,10318.262222222222,10262.195555555554
16436,10239.944,10261.634
16437,10861.951333333333,10274.361333333334
16438,11463.470714285713,10283.888571428572
16439,10560.002857142857,10279.422142857144
16441,11652.402,10286.565999999999
16442,10473.432307692306,10273.556153846155
16443,11949.246666666666,10288.631666666666
16444,10788.159,10297.554
16445,11583.388148148148,10298.363703703704
16446,11284.793333333333,10275.500833333334
16447,10062.733333333334,10299.97
16448,11227.926666666666,10325.992666666667
16449,11798.844444444445,10325.705555555556
16450,10178.781818181818,10318.251818181818
16451,11849.901176470588,10343.793529411763
16452,11508.989375,10334.807499999999
16453,10487.11125,10332.73
16454,11069.18125,10330.20875
16455,11894.9775,10330.8175
16456,10863.08,10343.213846153845
16457,10283.123076923077,10326.638461538461
16458,11172.276666666667,10331.0875
16459,11963.904999999999,10351.8375
16460,10696.020714285714,10344.25
16461,10005.130555555555,10382.187777777777
16462,11299.528181818181,10384.260909090908
16463,10392.430833333334,10367.7325
16464,10070.25142857143,10378.685714285715
16465,10725.856666666667,10381.311666666666
16466,11913.80357142857,10387.735714285713
16467,11142.971666666666,10415.545
16468,10303.444,10391.941
16469,10765.900000000001,10413.218888888889
16470,10606.68090909091,10390.194545454546
16471,11574.732727272727,10386.252727272727
16472,10825.0625,10391.855
16473,11762.386842105263,10393.587368421053
16474,10112.9025,10397.5875
16475,11208.42125,10424.33375
16476,10448.9375,10397.9225
16477,10547.432499999999,10407.095
16478,11291.588,10431.514
16479,11380.604615384615,10419.476923076923
16480,10190.392,10424.867999999999
16481,10513.193636363636,10439.280909090909
16482,11693.227222222222,10436.274444444445
16483,10327.925714285713,10440.794285714286
16484,10983.25142857143,10451.952857142856
16485,11632.830000000002,10446.6
16486,10689.01625,10439.813750000001
16487,11835.9575,10453.415
16488,11050.069333333335,10460.735333333334
16489,11571.077000000001,10454.225
16490,11448.152307692308,10462.745384615384
16491,10271.5,10466.734285714285
16492,10953.248333333335,10434.963333333333
16493,11526.242999999999,10457.096000000001
16494,11895.027142857143,10461.728571428572
16495,10471.201111111111,10479.054444444446
16496,11121.800000000001,10475.68857142857
16497,10739.658333333333,10465.326666666666
16498,10955.258,10528.161
16500,10667.708,10491.188
16501,10318.970000000001,10516.62625
16502,10823.286,10488.778
16503,11264.443846153845,10507.473846153847
16504,11345.802142857143,10502.894285714285
16505,11529.244615384614,10550.876153846155
16506,11037.457894736843,10536.302105263158
16507,10760.674,10518.845
16508,11167.58090909091,10532.927272727273
16509,10873.0225,10530.835
16511,10139.686666666666,10535.082222222223
16512,10643.150000000001,10526.055454545454
16513,11845.506363636365,10524.567272727274
16514,10571.608461538463,10533.583846153846
16515,11683.262352941176,10557.412352941177
16516,10440.276,10536.281333333334
16518,11441.169375,10558.211875
16519,10720.886666666665,10577.507777777779
16520,10282.71875,10562.8225
16521,11377.164285714285,10557.567142857142
16522,10653.3825,10573.7475
16523,10848.4725,10570.70625
16524,11616.536363636364,10569.205454545454
16525,10070.60875,10572.880000000001
16526,11804.346470588236,10574.417647058825
16527,10215.83111111111,10591.64
16528,10349.81,10593.562
16529,10794.29,10605.6575
16530,10675.645,10610.269
16531,10439.112727272726,10596.667272727273
16532,10962.276249999999,10614.19875
16533,11565.971176470588,10618.344117647059
16535,10909.5,10613.6725
16536,11315.96052631579,10610.262631578948
16537,10129.875,10617.405
16538,9989.716333333332,10603.019999999999
16539,11237.8675,10617.74875
16540,11807.843333333332,10632.276666666667
16541,11908.41,10630.724
16542,11729.313333333334,10625.785
16543,11511.1,10605.924285714285
16544,11674.303,10648.481
16546,10172.7225,10674.405
16547,10659.33,10684.744999999999
16548,11275.762499999999,10681.573333333334
16549,10038.0375,10672.795
16550,10590.281818181818,10666.877272727272
16551,11498.371428571429,10676.515714285715
16552,10312.42,10694.7575
16553,11933.674,10690.428
16554,10264.772,10688.75
16555,11094.76125,10683.938125
16556,10393.384999999998,10685.849
16557,11485.413571428571,10714.492857142857
16558,10067.705454545456,10722.143636363637
16559,11299.41,10727.1125
16560,11768.561249999999,10716.804583333333
16561,11416.840833333334,10725.551666666666
16562,10587.595,10740.154999999999
16563,11007.714,10719.570666666667
16564,11207.7375,10734.42375
16565,10228.168571428572,10745.515714285715
16566,11116.546666666667,10748.83
16567,11507.301818181819,10767.007272727273
16568,11969.54375,10753.59375
16569,10070.381818181819,10773.92818181818
16570,10556.628,10764.073999999999
16571,11840.292727272727,10754.737272727272
16572,9989.278636363637,10779.336363636363
16573,10928.37125,10778.12875
16574,11009.815714285713,10784.861428571428
16575,11898.84909090909,10780.633636363636
16576,11305.314,10784.068
16577,10370.977777777778,10787.54
16578,10531.370833333332,10817.84
16579,10621.864,10803.592999999999
16580,11072.835833333333,10795.0975
16581,10450.29625,10806.85875
16582,11156.584615384616,10798.376153846155
16583,11817.3875,10799.365
16584,10702.025714285714,10814.857142857143
16585,10102.81,10825.71
16586,11680.949999999999,10822.361428571428
16587,10309.501428571428,10830.347142857143
16588,11028.671666666667,10849.209166666667
16589,10204.485384615384,10834.061538461538
16590,10407.84,10827.18375
16591,11273.423333333332,10835.324999999999
16593,10025.12,10845.60909090909
16594,11390.425000000001,10854.781818181818
16595,10610.115714285714,10846.891428571429
16596,10456.10380952381,10875.748571428572
16597,10795.075714285715,10854.339285714286
16598,11758.827142857142,10872.764285714287
16599,10369.16857142857,10872.81
16600,11191.1,10869.018
16601,10727.992857142857,10902.848571428573
16602,11246.299411764705,10894.61
16603,11827.276666666667,10908.716666666667
16604,11329.543333333333,10932.74
16605,11692.481666666667,10907.711666666668
16606,11481.265,10903.219000000001
16607,11078.302,10880.446
16608,10554.8925,10924.38125
16609,10205.66,10917.329166666666
16610,11441.673125,10914.439375
16611,10141.103,10932.346
16612,11793.736,10928.462
16613,11625.434,10925.784
16614,10339.465454545454,10939.337272727273
16615,10866.753157894736,10929.862105263159
16616,11150.171428571428,10926.24142857143
16617,10645.965714285714,10953.325714285715
16618,11008.244,10949.390666666666
16619,11137.285454545454,10984.945454545454
16620,11087.772222222222,10961.21111111111
16621,11464.791666666666,10966.283333333333
16622,10743.192500000001,10956.915
16623,11687.717499999999,10976.0525
16624,11252.298181818182,10975.495454545455
16625,10234.61,10978.73375
16626,10681.938,10997.595
16627,10319.244999999999,11005.5725
16628,11953.245,11004.82
16629,11466.519999999999,11013.64
16630,10005.18275,11002.75
16631,10832.90947368421,11011.456315789474
16632,11084.663636363637,11007.895454545454
16633,10926.943333333335,11010.546666666667
16634,10035.005000000001,11035.1725
16636,10192.644,11036.119999999999
16637,11205.045833333332,11030.895833333334
16638,11002.9775,11057.285
16639,11498.29,11052.301666666666
16640,10884.622,11051.774
16641,10735.406315789474,11058.48105263158
16643,10645.92818181818,11068.913636363637
16644,10497.135,11088.16642857143
16645,11933.5,11082.078
16646,11242.615555555554,11084.638888888889
16647,10072.5,11083.975
16648,11385.854545454546,11079.216363636364
16649,10203.244,11104.204000000002
16650,10152.916666666666,11082.083333333334
16651,11321.316666666666,11100.025
16652,10826.364444444444,11095.286666666667
16653,10386.81125,11097.75125
16654,11570.489090909092,11110.08909090909
16655,11445.131875,11111.115
16656,10011.894533333334,11133.700666666668
16658,11678.43,11125.142222222223
16659,10528.725714285714,11139.51
16660,11230.436666666666,11143.435
16662,11847.596,11117.155999999999
16663,10436.752777777778,11148.342222222222
16665,11162.418333333333,11140.045
16666,10371.269,11176.744
16667,10716.415555555555,11158.114444444444
16668,11467.644736842105,11167.092631578947
16669,11908.218571428572,11162.545
16673,10786.1075,11192.05375
16674,11825.502,11180.98
16675,11642.9815,11184.860499999999
16676,11760.193333333335,11172.19
16677,10601.64090909091,11201.435454545455
16678,11104.98,11212.20875
16679,11344.42,11206.0225
16681,11715.271428571428,11197.42
16682,10511.302857142857,11210.074285714287
16684,10330.39,11202.843333333332
16686,11535.673333333334,11218.546666666667
16689,11604.194615384615,11251.669230769232
16690,11018.551538461537,11248.139230769231
16691,10145.848181818183,11243.707272727273
16692,10878.414,11250.807
16693,10037.730000000001,11265.671999999999
16694,11699.70888888889,11263.136666666665
16695,11769.972,11260.114
16696,11480.895,11240.29375
16697,11133.375,11272.18375
16699,10286.523,11280.175
16700,10435.724444444444,11253.311111111112
16701,11950.800000000001,11265.597368421053
16703,11084.341666666667,11280.845000000001
16704,11199.450625,11274.90625
16705,10576.212222222222,11277.891111111112
16706,11387.28,11261.859999999999
16707,11429.492,11292.206
16708,10442.15,11306.5275
16709,11542.15625,11295.62875
16711,10309.421666666667,11307.79
16712,11632.048571428571,11312.552857142857
16713,11805.5,11283.846666666666
16714,11001.82111111111,11312.40888888889
16715,11899.01,11324.263333333334
16716,11337.128571428571,11355.734285714285
16717,10089.6,11328.3545
16718,11834.323999999999,11331.938
16719,10573.324285714287,11331.965714285714
16720,10240.332222222223,11328.077777777777
16721,11558.06,11355.942500000001
16722,10888.178333333333,11344.2325
16723,11478.863333333333,11341.38
16724,11973.136666666665,11342.820666666667
16725,11688.76,11350.552727272727
16726,10431.371818181819,11354.47
16727,11072.93923076923,11348.558461538461
16728,11590.33,11368.713333333333
16729,11919.04625,11379.0925
16730,10672.476363636364,11351.296363636364
16731,10166.828333333333,11342.806666666665
16732,11291.381666666668,11369.988333333333
16733,10494.260714285714,11346.186428571427
16734,10621.2075,11363.2225
16735,10218.17375,11405.12625
16736,10737.855789473684,11383.558947368421
16737,11390.1625,11386.4
16738,11618.417777777777,11378.563333333334
16739,11515.225,11402.71
16740,11750.085,11381.665
16741,10953.61875,11375.75625
16742,11148.798421052632,11400.507894736842
16744,11053.695555555554,11400.574444444444
16745,11679.324444444444,11422.475555555555
16746,10024.008545454546,11408.936818181819
16747,10991.094545454545,11461.064545454547
16748,10544.492,11447.091
16749,10601.116666666667,11457.506666666668
16750,10308.349166666667,11452.019166666667
16752,10772.184444444445,11447.868333333334
16753,10402.79388888889,11460.667777777777
16754,10863.36125,11470.023125
16755,11299.080714285714,11471.919285714286
16756,10766.216666666667,11525.963333333333
16758,11171.781111111111,11501.687777777777
16759,11457.7575,11531.82
16761,10110.773571428572,11522.643571428573
16762,11287.16909090909,11528.588181818182
16763,11664.476086956522,11551.051739130435
16764,11102.674285714285,11546.402142857143
16765,10883.965714285714,11558.965
16766,11566.185,11567.565
16767,10635.748333333333,11565.921666666667
16768,10232.748333333333,11554.916666666666
16769,11483.4,11584.102
16770,11343.918,11558.895999999999
16771,10073.607894736842,11584.442105263157
16772,11160.88625,11597.335
16773,10110.29,11597.96
16774,10727.285,11584.818
16775,11389.287,11583.583999999999
16777,10808.629285714285,11615.950714285715
16778,11286.681666666665,11625.526666666667
16779,11698.809090909092,11626.469090909091
16780,10036.775555555556,11623.405555555555
16782,10882.26,11622.246666666666
16783,11542.7825,11638.7125
16784,11055.460000000001,11630.822
16785,11772.470000000001,11639.24
16786,10352.608571428573,11637.031428571428
16788,11845.3775,11654.075
16789,10055.523333333333,11667.63
16790,10597.329999999998,11642.208
16792,10692.638571428572,11669.470000000001
16793,10516.617999999999,11667.875
16794,10761.776666666667,11668.996666666666
16795,10810.367857142857,11674.936428571427
16796,11156.976666666667,11665.49
16797,10172.957647058824,11683.302352941177
16798,11081.556,11667.673999999999
16800,11968.911,11663.179
16801,10461.405,11674.748333333331
16802,10412.31375,11679.63125
16803,11096.028888888888,11712.42111111111
16804,11303.442500000001,11694.560000000001
16805,10904.668,11725.769333333334
16806,11486.657777777778,11706.555555555555
16807,11749.77,11708.7875
16808,10222.6,11704.516666666668
16809,10583.192,11720.975999999999
16810,10334.697368421053,11732.181052631578
16812,10078.641666666666,11728.756666666668
16813,10674.064,11736.483
16814,11242.061111111112,11750.15111111111
16815,11047.046666666667,11739.333333333334
16817,10972.655999999999,11740.351999999999
16818,10264.575,11735.4
16820,11592.70375,11756.58625
16821,11413.643333333333,11768.25888888889
16822,10465.771818181818,11765.721818181819
16823,10724.996666666666,11766.955
16824,11756.664,11776.77
16825,10382.698571428571,11763.205714285714
16826,10551.396,11779.25
16828,10040.564999999999,11798.955
16829,10098.832222222223,11799.25
16830,10303.34,11798.11
16831,11138.399000000001,11798.155
16832,11832.737500000001,11805.115
16833,10802.61,11794.563333333334
16834,11038.524000000001,11807.088
16835,10147.905714285715,11802.937142857143
16836,10401.225,11849.653333333334
16837,10460.2275,11835.3525
16838,10951.785454545454,11821.917272727273
16839,11806.442222222222,11841.46111111111
16840,10851.186666666666,11831.431666666665
16843,11527.675454545453,11830.456363636364
16845,11160.522,11869.083999999999
16846,11080.026666666667,11842.566666666666
16847,10064.822352941177,11852.51294117647
16848,11618.046666666667,11828.532222222222
16849,10166.738571428572,11860.555714285714
16850,11307.422222222223,11851.431111111111
16851,11847.970000000001,11857.933333333334
16852,10540.696666666667,11849.300000000001
16853,10606.86375,11841.09
16854,11922.907058823528,11848.949999999999
16855,10273.555,11852.023333333333
16856,11370.133333333333,11855.516666666668
16858,10913.2025,11870.1525
16859,11477.8925,11884.13375
16860,11651.6375,11877.655
16861,10379.695,11893.42875
16862,10192.13,11896.413333333332
16864,10245.7325,11895.7325
16865,11292.476363636364,11927.254545454545
16866,10495.0525,11897.845
16869,11603.475,11911.968333333332
16871,11404.073999999999,11912.155999999999
16872,10604.065,11908.15
16873,11215.310000000001,11907.32
16874,11013.076666666666,11908.676666666666
16875,10812.046666666667,11925.506666666668
16876,10081.5375,11924.14375
16877,10458.79,11935.736666666666
16878,11552.806923076922,11964.021538461539
16879,11686.361,11925.561
16880,10135.82,11936.275
16881,11131.675,11935.255000000001
16882,10019.795999999998,11951.651999999998
16883,10965.1125,11945.9625
16884,10281.904999999999,11940.82
16886,10871.928333333333,11945.656666666668
16888,10349.061666666666,11951.961666666668
16889,11952.291538461539,11959.738461538462
16890,10231.34,11974.14
16891,11077.508749999999,11972.15
16892,11209.171666666667,11964.518333333333
16893,10167.288571428571,11988.775
16894,13079.771111111111,10021.345388888889
16895,13217.587777777779,10015.128111111111
16896,12456.57,10006.856166666666
16897,13860.14,9999.94475
16898,12969.473076923077,10003.75853846154
16899,12694.628,9995.3166
16901,13765.174444444443,10036.33888888889
16902,13635.094666666666,10048.216666666667
16903,13584.60125,10034.48875
16904,12492.651999999998,10058.0
16905,12697.105,10053.7575
16907,12758.524285714286,10051.24
16908,13324.163333333334,10077.97380952381
16909,13474.165,10029.0575
16910,12674.6775,10068.067500000001
16911,13856.410999999998,10057.205
16912,12997.122857142856,10063.572857142857
16914,12618.979000000001,10067.833
16915,12436.978333333333,10094.394999999999
16916,13548.350909090908,10076.927272727273
16917,12867.982857142857,10073.092857142856
16919,12634.733333333332,10103.449999999999
16920,13764.148666666668,10115.989333333333
16923,13903.145357142857,10111.635714285714
16924,12765.587272727273,10134.538181818181
16926,12481.16,10147.724999999999
16927,13415.1625,10140.9025
16928,13853.985263157892,10144.776315789473
16929,13702.024782608696,10159.799565217392
16930,12905.273333333333,10169.785
16932,12415.458999999999,10174.302
16934,12579.17857142857,10165.878571428571
16935,13317.513333333334,10194.3175
16938,12803.5775,10206.98
16940,12619.590000000002,10214.763333333334
16941,12676.436,10225.866
16942,13034.143448275861,10218.856551724139
16943,12491.671666666667,10246.398333333333
16945,12359.071176470588,10242.132352941177
16946,13530.523333333333,10272.063333333334
16947,13843.608095238096,10224.480952380953
16949,12767.512222222222,10243.956666666667
16950,13945.86625,10261.07
16951,12156.1175,10241.24125
16952,12564.030909090909,10283.612727272728
16953,13758.932666666666,10218.571999999998
16955,13597.548333333334,10288.386666666667
16956,12899.163846153846,10276.683846153845
16957,13707.2125,10269.358333333334
16958,12185.05,10310.93
16959,13154.6,10281.74142857143
16960,13427.367999999999,10301.444
16962,12740.634,10308.018
16963,13823.291000000001,10290.595
16964,12014.421666666667,10312.635
16965,13665.1725,10306.8575
16966,12077.797999999999,10314.149000000001
16967,13279.225,10332.255
16970,12725.89,10355.40375
16971,13787.426923076922,10344.360769230769
16972,12326.558333333334,10360.865
16973,13858.759166666669,10381.82
16975,13718.064000000002,10383.93
16976,12200.814,10380.64
16977,12426.007000000001,10366.42
16978,12027.736666666666,10389.786666666667
16979,13825.98,10421.884285714286
16980,13593.457,10408.414999999999
16981,13311.335,10423.550000000001
16982,12340.976666666667,10427.88
16983,12454.978333333333,10433.691666666668
16984,13748.710000000001,10445.22857142857
16985,12012.576666666668,10449.622777777777
16986,12176.032857142856,10436.357142857143
16987,12990.935000000001,10452.348
16988,13624.045,10456.6
16989,12283.47,10436.5175
16990,13455.83,10436.85
16991,12543.825714285715,10440.354285714286
16992,12360.732222222221,10482.768888888888
16993,12625.2675,10475.1075
16994,12481.04,10489.5275
16995,13276.03,10488.3525
16996,12262.232222222221,10486.175555555556
16998,13946.311666666666,10492.86
16999,13398.835714285715,10496.311428571427
17001,13838.656190476191,10503.442380952381
17002,12332.068333333335,10520.275
17003,12411.7,10517.955
17004,12740.95125,10500.42375
17005,12127.574545454547,10491.603636363636
17006,12207.97125,10513.81375
17007,13246.200909090909,10530.34090909091
17008,13573.496666666666,10521.115555555554
17009,12057.83,10490.502857142857
17010,13889.24076923077,10539.686923076923
17011,12282.986666666666,10529.215
17012,12604.346666666666,10541.832222222221
17014,12172.439999999999,10563.775
17016,13042.435,10541.5625
17018,12012.148333333333,10562.189166666665
17019,12244.150714285714,10581.682142857142
17020,12437.994999999999,10585.275
17021,12096.548181818182,10587.712727272727
17026,12659.800666666668,10623.211333333335
17027,12066.591666666667,10626.756666666666
17028,13011.994615384614,10617.237692307692
17029,12282.014615384616,10636.977692307692
17030,13864.038,10606.817
17031,13445.96,10624.130000000001
17032,12352.736666666668,10659.91888888889
17034,13143.622222222222,10627.521111111111
17035,12428.131428571429,10647.844285714285
17036,13065.07625,10658.07625
17037,13210.0425,10655.3475
17038,12012.73625,10663.02375
17039,12969.02,10686.159230769232
17040,13850.010909090908,10673.127272727272
17042,13732.76,10666.17
17043,12498.85,10687.415
17044,12174.149333333333,10642.525333333333
17045,12577.394545454545,10669.54
17047,13334.572857142857,10649.391428571429
17048,12129.258,10670.045999999998
17050,13944.9575,10684.608
17051,12062.154999999999,10708.33
17054,12812.444444444445,10716.573333333334
17055,13169.805,10722.811666666666
17056,13992.791818181817,10727.373636363636
17058,12716.901,10737.5625
17059,12164.9,10755.0325
17060,12611.446,10745.919
17063,13329.665,10762.79
17064,12942.936666666666,10764.221666666666
17066,13045.875,10788.198333333334
17067,12532.892307692307,10771.974615384617
17068,12278.06,10791.588333333333
17069,12810.503571428571,10781.869285714287
17070,12170.716666666667,10794.286666666667
17071,11973.95,10833.32
17072,12475.894285714285,10795.252857142857
17073,12112.474761904761,10809.586666666666
17075,13000.294,10829.867999999999
17077,12203.795555555556,10838.49111111111
17078,13324.24142857143,10851.551428571429
17079,12054.99142857143,10850.136428571428
17081,12624.608571428571,10832.016428571427
17083,12880.339166666667,10838.186666666666
17084,12260.158,10864.812
17085,13109.122,10867.234
17086,12163.344615384616,10879.463846153845
17087,13266.873333333331,10882.013333333334
17088,12523.577000000001,10886.808
17090,13018.531052631579,10902.412105263158
17091,12816.9845,10899.545
17093,12031.171428571428,10921.990000000002
17096,12708.611428571428,10898.151428571427
17097,13524.483636363637,10922.347272727273
17098,12260.770833333334,10928.498333333335
17099,12113.76,10918.758333333333
17100,12740.765833333333,10963.298333333332
17101,12628.28294117647,10944.54705882353
17102,12317.273333333333,10969.550000000001
17103,12409.810833333335,10957.520833333334
17104,13246.772,10971.516
17105,13123.5625,10945.74
17106,13345.694285714286,10967.56
17107,12480.022,10957.178
17108,13581.8125,10986.71
17110,12871.289,10994.028
17111,12980.832,10972.678
17113,13069.881,10984.647
17115,13530.578571428572,10998.017142857143
17116,12142.655,11013.466875
17117,12910.869999999999,11040.008
17120,12362.151666666667,11031.62
17121,12306.443636363636,11052.733636363637
17122,13207.4,11064.6575
17124,13267.720000000001,11071.945
17125,13114.88,11078.013333333334
17129,13465.925,11094.4225
17131,12231.847,11098.721
17132,13056.398333333333,11125.553333333335
17134,12928.187,11121.133
17137,13007.883333333333,11164.691666666666
17138,13153.58,11120.744999999999
17140,12222.555,11182.0275
17141,13401.443333333335,11154.286666666667
17142,11998.037272727273,11164.679545454546
17145,12894.283333333333,11187.69
17146,13219.92,11198.416666666666
17147,13435.932499999999,11202.675
17149,12075.00125,11210.89375
17150,12229.011666666667,11224.721666666666
17151,12984.295,11244.725
17152,12139.477499999999,11245.7935
17153,12562.6425,11238.67
17154,12056.543333333333,11254.265
17155,12279.900869565216,11281.76695652174
17156,12936.555,11256.938333333334
17157,12664.1725,11291.91875
17158,13449.196666666665,11282.898333333333
17160,12004.81857142857,11302.72
17162,12553.80111111111,11331.934444444445
17164,12384.060000000001,11308.01
17165,12161.33625,11322.8825
17169,13424.975,11319.27
17170,12979.779999999999,11332.182857142858
17171,12607.466666666667,11331.449999999999
17172,12716.565,11346.095000000001
17174,12346.005000000001,11372.383
17176,12847.10142857143,11353.761428571428
17177,12903.898000000001,11362.176
17179,13350.545999999998,11387.314
17181,12179.997777777777,11389.786666666667
17182,13099.465833333334,11384.1475
17183,12991.221428571429,11388.33142857143
17184,12782.300000000001,11382.773333333333
17186,13198.586666666668,11388.470000000001
17189,13882.0375,11410.9525
17190,12688.700909090909,11391.025454545454
17191,12257.808333333334,11411.925833333333
17193,12928.06125,11432.6125
17194,12877.640769230768,11439.057692307691
17196,13087.198571428571,11421.217142857144
17197,12453.98,11408.264285714287
17199,12314.3225,11425.115
17200,12532.056666666665,11417.995
17201,13037.776923076923,11425.046923076921
17202,12602.505,11431.806666666665
17203,12745.3675,11457.130000000001
17206,13111.14,11458.07
17208,12296.217142857144,11475.448571428571
17209,12418.5325,11459.08
17210,12794.648181818182,11480.096363636363
17211,12092.6875,11472.47875
17213,12970.854444444445,11488.625555555556
17215,12674.178,11496.922
17216,13040.385,11489.232
17217,12484.158333333333,11500.89
17218,12902.348,11501.824
17222,12724.542,11515.432
17223,13164.285999999998,11519.904
17224,12371.045714285716,11513.14
17225,12487.58,11552.494999999999
17226,13023.912,11539.725999999999
17227,12423.234,11551.606
17228,13362.720000000001,11551.02
17229,11992.895263157896,11540.633684210527
17230,12747.948124999999,11564.260625
17232,13559.904999999999,11554.335
17234,13147.066666666666,11555.523333333333
17235,12201.4,11558.2925
17236,12922.686666666666,11573.91
17238,12367.122,11581.92
17239,12838.546842105263,11563.476315789472
17240,12575.343333333332,11575.050000000001
17241,12177.78,11575.514
17242,12305.22,11593.053333333335
17243,13286.7925,11592.7475
17246,12674.439999999999,11607.122
17247,13015.037692307691,11584.706153846153
17248,13077.873333333335,11588.75
17252,13670.733333333332,11618.331666666667
17253,13769.694285714286,11613.104285714286
17254,12972.747777777777,11622.886111111111
17256,13968.1775,11613.585
17257,13118.410000000002,11624.840000000002
17258,13793.832,11647.15
17259,12732.713333333333,11626.323333333334
17260,12593.42,11652.284166666666
17262,12913.106666666667,11637.813333333334
17263,13401.159999999998,11622.76
17264,12505.36,11633.472222222223
17265,12780.953076923075,11634.903846153846
17266,12858.198571428571,11635.934285714286
17269,13263.87,11631.492
17270,13713.61,11644.835
17271,12272.91,11657.2
17272,12389.336666666668,11692.893333333333
17273,12708.9,11673.655
17277,12044.174736842106,11664.87947368421
17278,13388.7325,11668.3525
17279,13624.221666666666,11670.203333333333
17281,13262.596,11714.592
17282,13095.035714285714,11711.014285714287
17283,12935.4075,11712.057499999999
17284,12490.261666666665,11712.8275
17285,12775.136666666667,11709.463333333333
17286,13429.931666666665,11717.591666666667
17287,13497.83,11711.985
17288,13351.0475,11717.4425
17289,12315.505,11729.1525
17290,13664.014285714287,11725.697142857143
17292,13756.49,11715.925714285713
17293,13811.564999999999,11695.375
17295,12831.913333333332,11725.080000000002
17296,13928.732857142857,11727.33142857143
17297,12585.06,11745.116666666667
17298,13860.692500000001,11732.695
17299,13604.9125,11740.5125
17302,13235.781666666668,11786.023333333333
17303,13305.633333333333,11774.13
17306,13803.16857142857,11766.364285714286
17307,12067.513571428572,11760.964285714286
17308,12440.85,11767.925000000001
17309,13403.070666666667,11792.024666666666
17310,13757.74,11780.83
17311,12481.544545454544,11797.010909090908
17312,13361.38375,11802.845
17314,13682.083333333334,11821.976666666667
17315,12186.786666666667,11769.153333333334
17316,13626.866666666667,11837.863333333333
17317,13729.262222222222,11840.980000000001
17318,13802.599999999999,11830.147777777778
17319,13873.946666666665,11811.17
17320,12291.518333333333,11829.580833333333
17322,13241.024,11828.482
17324,13336.164,11834.514
17325,12606.074545454547,11815.525454545454
17326,12036.5725,11824.875
17327,13505.656666666668,11844.92
17331,13951.685999999998,11853.026
17332,12169.765,11869.97625
17333,13746.161666666667,11874.036666666667
17334,12063.686666666666,11874.71
17335,12304.856666666667,11887.263333333334
17339,12403.733333333332,11884.506666666668
17340,12279.68,11922.58
17342,12485.620833333334,11930.164166666667
17343,13803.416666666666,11922.164999999999
17344,13623.014666666666,11907.183333333332
17345,12337.478571428572,11919.277142857143
17346,12590.92090909091,11913.458181818183
17347,13924.246428571429,11916.622142857143
17348,12414.86875,11938.55375
17350,13838.793,11963.433
17351,12187.32875,11940.455
17352,13719.94,11949.293333333335
17353,12693.508333333333,11953.635
17355,12004.055,11913.648333333333
17356,13777.800000000001,11972.315
17357,14062.815833333334,9991.5315
17358,14468.938888888888,10006.835888888889
17359,15076.518571428573,10005.742107142856
17360,14300.047142857144,10002.779285714287
17361,15259.108125,9997.61640625
17363,14227.946666666665,10021.646666666666
17364,15911.825714285715,10052.47
17365,15665.61642857143,10019.235857142858
17366,15827.7375,10028.33625
17367,15972.257142857145,10037.148095238095
17368,15736.67695652174,10033.508391304347
17369,15354.435555555556,10039.527296296297
17370,14371.362727272726,10028.39090909091
17371,14192.458571428573,10038.29142857143
17372,15033.92090909091,10048.324545454547
17373,14116.311666666666,10072.443333333335
17374,14263.487500000001,10061.395
17375,14351.6875,10080.215
17376,14979.41875,10051.24
17377,15435.042,10074.194666666666
17378,14173.588,10087.878
17379,14873.18,10070.915384615384
17380,15015.630000000001,10094.474285714286
17381,14256.994285714287,10121.762142857142
17382,14929.168333333333,10100.004166666668
17383,14669.103076923077,10102.554615384615
17384,14417.376842105261,10124.733684210527
17385,15563.595294117647,10120.369411764706
17386,15485.793,10130.184
17387,14332.449999999999,10125.41
17388,14553.220625,10150.000625
17389,14818.213,10116.425
17390,15193.194705882353,10137.895882352941
17391,14192.518,10146.42
17392,15386.994782608695,10137.886086956521
17393,14467.421111111113,10145.842222222222
17394,14014.95909090909,10135.346363636363
17395,15048.214285714286,10146.69
17396,14977.281666666668,10131.789999999999
17397,15283.243870967743,10136.614516129031
17398,14633.972352941177,10156.298235294118
17399,14770.251999999999,10142.805
17400,14859.720000000001,10161.83857142857
17401,15678.0725,10171.135
17402,14937.87,10178.443636363636
17403,14802.621428571429,10199.691428571428
17404,14290.770555555555,10198.585
17405,15429.015909090907,10210.689545454547
17406,14058.521666666667,10202.309166666668
17407,15856.5,10206.081666666667
17408,15953.084166666667,10214.9275
17409,14371.98259259259,10221.944444444445
17410,15564.182631578946,10216.705263157894
17411,14646.238181818182,10222.262727272728
17412,15274.644166666667,10239.3675
17413,15072.352499999999,10223.6625
17414,14461.387499999999,10230.349166666667
17415,15130.2275,10246.2375
17416,15208.33,10229.225
17417,14076.420555555556,10264.355000000001
17418,14153.789375,10237.67375
17419,14712.117272727273,10243.058181818182
17420,15643.787222222221,10256.593888888889
17421,15483.753636363637,10273.35
17422,14003.883333333333,10279.279333333334
17423,15366.784736842104,10280.537894736843
17424,14520.712,10287.676666666666
17425,15944.18142857143,10314.852857142858
17426,14450.194,10301.026000000002
17427,14198.599999999999,10314.32
17428,15843.402631578949,10315.864210526315
17429,14092.779333333334,10337.59
17430,15913.289999999999,10344.781428571428
17431,15438.830666666667,10325.075333333334
17432,15518.22,10351.755625
17433,14789.475625,10352.28875
17434,14596.14294117647,10353.531764705884
17435,14848.936666666666,10380.08
17436,14418.644,10371.595333333333
17437,14490.08769230769,10372.119230769229
17438,15273.943333333333,10386.50962962963
17439,15340.698666666667,10375.135333333334
17440,14335.93857142857,10362.102142857142
17441,15390.814285714285,10361.562857142857
17442,14615.657500000001,10393.8275
17443,14211.624444444444,10402.475555555555
17444,14283.651000000002,10394.265
17445,14084.237142857144,10399.08
17447,14734.420666666667,10411.516
17448,14554.943333333335,10419.981111111112
17449,14025.140000000001,10413.274545454546
17450,15048.344117647059,10425.625294117648
17452,14974.546363636364,10419.128181818181
17453,14142.645454545454,10435.228181818182
17454,14354.866,10451.313
17455,15735.113333333333,10447.823333333334
17456,14068.786363636364,10474.500909090908
17457,14950.529999999999,10469.236
17458,15075.789375,10485.265
17459,15235.1145,10461.109
17460,14737.340952380951,10500.138095238095
17461,15191.598,10505.338666666667
17462,14846.557727272728,10505.809545454546
17463,15479.935555555558,10507.887777777778
17464,14997.98777777778,10509.787222222223
17465,14131.894375,10528.301875
17466,14487.738333333333,10517.445
17467,14394.6975,10509.07125
17468,14214.479523809525,10526.326190476191
17469,15131.24,10528.0725
17470,14066.62625,10545.7175
17471,15087.228000000001,10545.330666666667
17472,15553.522142857142,10564.702142857142
17473,14634.0048,10568.819599999999
17474,15674.501363636366,10560.265
17475,15274.257931034483,10563.882413793104
17476,14374.774,10585.052
17477,14702.475833333332,10572.513333333334
17478,13996.323333333332,10585.997777777779
17479,14791.351666666667,10574.044166666667
17480,14178.136363636364,10598.547272727274
17481,14300.730714285713,10588.677142857143
17482,15853.558333333332,10608.084444444445
17483,14090.265294117647,10611.91
17484,15103.4915,10614.217
17485,15341.165789473685,10623.89947368421
17486,14416.565833333334,10631.619166666665
17487,15625.420588235296,10635.92294117647
17488,15157.03476190476,10653.533333333335
17489,14770.31142857143,10640.409285714286
17491,15546.546666666667,10640.573333333334
17492,15952.77894736842,10642.596842105262
17493,14075.9825,10659.869166666665
17494,14696.64125,10660.611875
17495,14617.466,10683.766
17496,14364.896666666667,10679.547777777778
17497,15515.933333333334,10679.686666666666
17498,14468.260952380951,10672.042380952382
17499,14844.541333333333,10682.618666666667
17500,14957.929999999998,10674.327857142856
17501,14191.829565217393,10689.09608695652
17502,14297.221818181819,10705.129090909091
17503,15585.568125,10722.8375
17504,14737.185000000001,10727.122
17505,15356.445652173914,10710.54
17506,14792.321666666665,10710.773333333333
17507,15922.365555555556,10705.914444444446
17508,14056.266875000001,10724.9525
17509,15968.61875,10732.829375
17510,15257.464074074074,10734.388888888889
17511,15699.29,10708.954
17512,15126.932272727274,10741.127727272727
17513,14944.0,10763.290769230769
17514,14571.889090909091,10752.832727272727
17515,15674.645384615385,10799.229230769231
17516,14680.615909090908,10768.899545454546
17517,14861.25,10792.732727272727
17518,15054.316538461539,10803.342307692308
17519,14594.882727272727,10818.623636363636
17520,15586.486666666666,10812.183333333332
17521,14716.654615384616,10810.194615384615
17522,14906.214347826086,10851.53
17523,14522.323571428571,10811.728571428572
17524,14380.547142857144,10778.777142857143
17525,14040.326153846154,10838.149230769232
17526,14453.055909090908,10813.693181818182
17527,14237.957647058824,10827.974117647058
17528,15202.59125,10826.7325
17529,15418.490333333333,10848.656666666668
17530,15520.302083333334,10864.102916666667
17531,14380.648000000001,10847.288
17532,15952.17,10864.338181818182
17533,15843.9952,10843.5752
17534,14666.500625,10874.1675
17535,14523.9575,10882.97
17536,15144.68,10852.18
17537,14815.62576923077,10878.811538461538
17538,15631.767777777777,10878.458148148147
17539,14449.42090909091,10892.06
17540,15251.133157894736,10919.973684210527
17541,14166.882857142857,10920.295714285714
17542,14928.780869565218,10931.906086956522
17543,15150.405882352941,10905.585294117647
17544,14104.661666666667,10934.6175
17545,14492.675555555556,10930.453333333333
17546,14275.509090909092,10926.07909090909
17547,15914.6715,10934.892
17548,14694.115,10938.272
17549,13985.924736842106,10916.737368421052
17550,15369.991,10935.2205
17551,15980.671176470587,10953.740588235294
17552,15185.06625,10963.603125
17553,15714.09375,10941.835625
17554,15823.961538461539,10961.957692307693
17555,14246.91,10971.31857142857
17556,14571.848333333333,10975.712083333334
17557,13968.59375,10984.75375
17558,15418.717368421052,11005.453157894735
17559,15689.821999999998,11004.299333333332
17560,14795.773333333333,10992.46761904762
17561,14111.1075,11001.206666666667
17562,15753.800000000001,11005.791666666666
17563,14857.045714285716,11000.032857142856
17565,14628.009090909092,11012.528181818181
17566,15901.626153846155,11001.446153846153
17567,15331.392000000002,10999.547999999999
17568,14451.883333333333,11023.729
17569,14190.379230769231,11008.703076923079
17570,15821.284166666666,11021.609166666667
17571,14755.186923076923,11052.575384615386
17572,14698.579285714284,11011.715
17573,14969.553076923077,11026.541538461539
17574,15047.883333333333,11029.557999999999
17575,15189.398181818182,11044.274090909092
17576,14050.333333333334,11064.362222222222
17577,14537.853333333333,11056.060833333335
17578,14212.895,11065.192
17579,15093.894999999999,11064.05388888889
17580,15258.438095238096,11033.244761904763
17581,14857.317857142858,11073.31142857143
17582,15966.523000000001,11066.503
17583,14681.574615384616,11079.503076923078
17584,15785.097222222223,11091.637222222222
17585,15327.767826086956,11098.169130434782
17586,14604.232173913042,11079.475217391304
17587,15659.561599999999,11083.5448
17588,14910.967999999999,11081.381
17589,15572.159000000001,11074.714666666667
17590,15148.014210526317,11133.945263157895
17591,14400.164444444445,11100.02
17592,14301.176923076922,11103.22230769231
17593,15490.892499999998,11120.5815
17594,14910.375,11176.015
17595,15715.045,11130.923333333332
17596,15416.972500000002,11107.476666666667
17597,15898.768181818183,11113.813636363637
17598,14360.267826086956,11166.847391304347
17599,14565.086923076924,11166.446923076923
17600,14035.519999999999,11166.573333333334
17601,14772.9724,11174.222
17602,14297.4925,11175.645625000001
17603,15549.058235294116,11176.42588235294
17604,14114.564761904761,11181.654285714285
17605,15410.846,11173.717
17606,14873.693333333335,11176.626666666669
17607,14256.357142857143,11226.618571428571
17608,15847.530999999999,11213.987
17609,15324.320357142857,11218.053214285714
17610,14621.827647058824,11229.791764705882
17611,14798.141666666668,11251.471666666666
17612,14140.203333333333,11240.723333333333
17613,14451.064705882352,11247.53294117647
17614,15164.236875,11236.40375
17615,14518.936666666666,11266.232666666667
17616,14818.091333333334,11270.69
17617,14724.214285714286,11256.247619047619
17618,15083.106315789475,11283.364736842104
17619,15242.79357142857,11268.067142857142
17620,14557.654999999999,11287.793333333333
17621,15585.543913043479,11277.450869565217
17622,14387.84823529412,11275.996470588236
17623,14664.775263157893,11302.726315789472
17624,15384.979166666666,11293.285000000002
17625,14081.936000000002,11301.66
17626,15803.813793103447,11284.668965517241
17627,14607.546666666667,11303.294166666667
17628,14881.525555555556,11312.061111111112
17629,15185.851904761905,11322.916666666666
17630,14330.465,11323.569375
17631,14264.496896551724,11344.846551724138
17632,14595.895,11355.653999999999
17634,14394.918125,11384.054375
17635,14938.323999999999,11373.260666666667
17636,15479.694444444445,11370.186666666666
17637,15127.9440625,11387.010625
17638,15370.279166666667,11390.085
17639,14794.691538461539,11384.901538461538
17640,14196.283076923077,11403.57923076923
17641,14834.424615384614,11409.457692307693
17642,14890.308333333332,11423.232777777777
17643,14026.708999999999,11400.859
17644,14760.738666666668,11406.248
17645,15834.928235294119,11411.45117647059
17646,14086.22125,11414.92125
17647,15214.75,11413.458181818181
17648,15048.93923076923,11400.898461538462
17649,15962.756666666668,11422.666666666666
17650,15662.721764705884,11431.29882352941
17651,14956.037692307691,11442.641538461537
17652,15728.647500000001,11439.9005
17653,14289.728125,11441.80875
17654,15593.358461538463,11418.73076923077
17655,15484.654285714287,11474.93142857143
17656,14717.814000000002,11467.845
17657,15564.363684210524,11471.108421052631
17658,15101.960000000001,11451.326000000001
17659,15039.681666666665,11452.865
17661,14048.818333333335,11475.206666666667
17662,15177.70375,11467.8075
17663,15322.009166666665,11450.991666666667
17664,14484.385833333334,11488.185
17665,15969.9425,11489.376
17666,15001.76,11496.496666666666
17667,14198.98,11490.292142857143
17668,15149.7125,11495.0
17669,14429.626923076923,11515.658461538462
17670,14542.761875,11492.16375
17671,15385.005,11496.055
17672,14780.024090909092,11499.948636363637
17673,15602.800000000001,11499.896666666667
17674,15039.1775,11515.66375
17675,15327.241904761906,11514.837142857143
17676,15160.322857142857,11523.264285714287
17677,14636.66,11515.235
17678,15094.444375,11536.66875
17679,15387.036666666667,11536.596666666666
17680,14318.073,11538.608
17681,15653.263333333332,11544.390555555556
17682,14871.209047619048,11552.817619047619
17683,14981.341111111113,11567.333333333334
17684,14365.10125,11551.84125
17685,14541.451666666668,11576.104166666666
17686,14731.83052631579,11585.773157894737
17687,15103.15,11603.976666666667
17688,15194.30111111111,11598.493333333334
17689,14815.461904761905,11605.184761904762
17690,15554.575454545453,11603.055454545454
17691,15336.552631578947,11602.434736842106
17692,15479.083157894738,11599.533157894737
17693,15900.240909090908,11610.62
17694,15405.246,11620.73
17695,14655.9275,11601.79625
17696,15761.25857142857,11624.434285714287
17697,15141.782000000001,11630.438
17698,14853.014285714287,11656.095714285713
17699,14106.643333333333,11665.108888888888
17700,15388.648000000001,11671.774000000001
17701,14411.16625,11660.99625
17702,15498.564285714285,11671.0
17703,15208.03476190476,11683.130000000001
17704,14179.815714285714,11677.856666666667
17705,15130.847272727273,11686.620909090909
17706,15688.979285714286,11675.70857142857
17707,14241.58125,11687.6175
17708,15578.97125,11675.476875
17709,15003.439615384616,11701.805384615385
17711,15073.249,11696.279
17712,15308.502,11693.140000000001
17714,14298.560000000001,11727.175
17715,14846.625833333334,11731.512499999999
17716,14377.357,11726.588
17717,14106.055714285714,11735.342857142856
17718,13995.259,11727.907
17719,15409.746000000001,11717.302
17720,14631.6575,11727.692500000001
17721,15516.735454545455,11734.988181818182
17723,15184.112272727272,11745.065454545454
17724,15461.992000000002,11734.753999999999
17725,15964.825833333334,11742.267916666666
17726,14462.785,11748.882000000001
17727,15441.395,11786.681999999999
17728,15344.047692307691,11756.384615384615
17729,14052.002857142857,11784.034285714286
17730,15868.327,11758.092
17731,14324.872352941176,11776.576470588234
17732,15567.79052631579,11778.946842105262
17733,15233.476315789472,11779.867368421053
17734,15292.217499999999,11787.02
17735,14245.92125,11806.4925
17736,14617.05,11790.842
17737,15710.542380952382,11785.178095238094
17738,15920.979000000001,11805.179
17739,14161.923333333332,11791.375555555556
17740,14398.325454545457,11805.129090909091
17741,14990.835,11793.2925
17742,15846.86,11818.108
17743,14536.914117647058,11804.961176470588
17744,15766.252857142857,11813.707142857142
17745,15026.941666666666,11824.193333333335
17746,14675.030833333332,11830.748333333335
17747,14574.516666666668,11815.87
17749,15510.832142857142,11826.761428571428
17750,14057.90875,11860.71625
17751,15366.56111111111,11838.658888888887
17752,15295.974444444444,11849.767777777779
17753,14946.326363636363,11837.572272727273
17754,15422.778333333334,11845.221666666666
17755,13988.248749999999,11827.52875
17756,15065.951666666666,11862.636666666667
17757,15987.795999999998,11848.901
17758,14759.181111111111,11866.470555555556
17760,15622.061333333333,11860.186
17761,15805.8225,11863.439
17762,15549.110714285713,11874.323571428571
17763,14428.879230769231,11862.744615384614
17764,15123.055454545452,11859.260909090908
17765,15178.940476190477,11868.807142857144
17766,14134.1725,11855.506666666666
17767,15904.511999999999,11871.956
17768,14208.64,11866.97
17769,15954.336666666668,11897.441666666666
17770,15672.928750000001,11888.18625
17771,15366.0725,11890.6275
17772,15740.849999999999,11892.243846153844
17774,14297.328181818184,11916.201818181818
17775,14170.874,11906.302
17776,15485.110625,11912.283125
17777,14243.976923076923,11918.477692307692
17778,14496.457272727273,11908.738181818182
17779,14645.696923076923,11920.682307692306
17780,14963.1825,11918.38875
17782,14089.311666666666,11911.446666666665
17783,15426.530666666666,11936.148
17784,15351.516666666666,11925.90111111111
17785,14148.700909090909,11959.38
17786,14369.899090909092,11949.138181818182
17788,15849.095238095239,11954.212857142857
17789,15303.388333333332,11954.46388888889
17790,14446.1175,11961.43375
17791,14532.464000000002,11952.8345
17792,13989.566923076924,11931.729230769231
17793,14086.08111111111,11980.684444444445
17794,15548.889166666668,11965.624166666666
17795,15909.753333333332,11963.74
17796,15099.380384615386,11970.548846153846
17797,16319.034666666666,10001.066133333334
17798,16897.57,10025.274857142856
17799,16978.488666666664,10002.425799999999
17800,16523.909210526315,10053.249736842105
17801,16370.807999999999,10041.506
17802,16795.192,10073.246000000001
17803,16902.451818181817,10103.457272727273
17804,16251.315454545454,10092.1
17805,16969.975,10091.8225
17806,17069.926470588234,10097.037647058823
17807,16138.839999999998,10089.724166666667
17808,16069.768,10121.888
17809,16435.7775,10117.678125
17810,16180.837894736842,10135.11
17811,16362.30875,10142.15375
17812,17042.2,10137.265
17813,16449.120000000003,10172.954444444444
17814,16870.244444444445,10167.99111111111
17815,16615.936666666665,10166.278333333334
17816,16968.635000000002,10190.619999999999
17817,16321.875833333334,10181.734166666667
17818,16756.608666666667,10180.173333333334
17819,16252.008666666667,10192.82
17820,17028.845,10215.0925
17821,16499.298181818183,10221.709090909091
17822,16319.439333333334,10243.575666666668
17823,16892.147142857142,10226.630714285713
17824,17058.995,10253.401428571427
17825,16436.688823529414,10248.523529411765
17826,16719.415555555555,10255.002222222223
17827,16483.041,10284.035
17828,16792.64933333333,10284.452
17829,16980.738,10279.957999999999
17830,16881.182,10289.295999999998
17831,16394.96176470588,10297.773529411765
17832,16080.585500000001,10314.092
17833,16623.441176470587,10327.048823529412
17835,16696.699375,10337.075
17836,17042.447142857145,10325.732857142857
17837,16852.22,10367.611904761905
17838,16927.167,10373.451
17839,16563.81125,10359.915
17840,16995.238,10370.460000000001
17841,17013.306875,10410.63875
17842,16738.95,10405.381333333333
17843,16294.46411764706,10414.711176470588
17844,16658.672857142858,10405.42857142857
17845,16793.966428571428,10429.052142857143
17846,16417.467142857142,10459.260952380953
17847,16113.744761904763,10455.33619047619
17848,16906.709,10438.041000000001
17849,16489.281666666666,10456.3225
17850,16990.03769230769,10471.622307692307
17851,16017.636875,10456.810625
17852,17035.39388888889,10462.271666666666
17853,16351.878947368421,10478.76157894737
17854,16590.117692307693,10505.02846153846
17855,16920.423000000003,10503.598
17856,16845.683333333334,10490.657222222222
17857,16977.123333333333,10546.971111111112
17858,16740.702222222222,10559.775000000001
17859,16852.38142857143,10583.06142857143
17860,16241.973333333335,10599.871111111112
17861,16794.63666666667,10628.972222222223
17862,16698.915263157895,10642.145263157896
17863,16946.155454545453,10636.250909090908
17864,16884.00733333333,10644.867999999999
17865,16119.1055,10645.3865
17866,16994.177333333333,10664.140666666666
17867,16063.385789473685,10676.333157894736
17868,16416.47,10662.76375
17869,16287.2475,10680.635833333334
17870,16874.0072,10701.052
17871,16470.133333333335,10733.176666666666
17872,16041.855714285715,10750.449999999999
17873,16212.908888888887,10729.55
17874,16347.699444444446,10754.172222222223
17875,16920.769565217393,10743.611739130434
17876,16586.307272727274,10737.944545454546
17877,16818.05956521739,10810.661739130435
17878,16653.351666666666,10813.803333333333
17879,16879.61268292683,10830.413414634146
17880,16224.85,10806.146666666667
17881,16024.24,10820.539999999999
17882,16274.509166666665,10825.573333333334
17883,16441.71,10842.622666666666
17884,16417.145,10867.99625
17885,16813.5785,10873.07
17886,16632.8,10874.073684210525
17887,16210.674545454547,10880.645454545454
17888,16373.946923076923,10918.626153846155
17889,16302.962083333334,10901.95125
17890,16161.844444444445,10937.155
17891,16502.493846153844,10932.083846153846
17892,16874.44606060606,10928.797272727272
17893,16094.113333333333,10947.308888888889
17894,16444.204615384617,10975.802307692307
17895,16828.97433333333,10985.187666666667
17896,16534.640666666666,10994.119999999999
17897,16029.719166666668,10995.197916666666
17898,16237.336,11007.869
17899,16806.439166666667,11033.215833333334
17900,16333.395,11002.73
17902,16505.803333333333,11033.19
17904,16880.7096,11071.388799999999
17905,16340.806,11102.158
17906,16645.445,11088.846666666666
17907,16218.234347826088,11104.207826086957
17908,16140.122222222222,11140.196666666667
17909,16249.145999999999,11165.456
17910,16200.894,11192.074
17911,16577.535,11175.08
17913,16474.97117647059,11166.85
17914,16672.281666666666,11181.68
17915,16881.93,11178.26
17916,16398.167999999998,11213.408
17917,16611.010000000002,11216.598000000002
17918,16552.920000000002,11231.060000000001
17919,16481.144545454546,11238.777272727273
17920,16641.9525,11267.725625
17921,16814.7575,11298.7
17922,16871.82625,11281.602499999999
17923,16141.515,11273.005
17924,16559.356,11299.937333333333
17925,16722.606470588235,11279.250588235294
17926,16230.881,11309.439
17927,16008.539411764705,11311.011764705883
17928,16164.13,11338.95875
17929,16447.22842105263,11309.724736842105
17931,16200.454000000002,11354.478
17932,16409.79625,11364.54625
17933,16519.716923076925,11372.103846153846
17934,16667.983333333334,11379.644166666667
17935,16591.091428571428,11371.842857142856
17936,16839.268,11373.7952
17937,16084.494545454545,11404.186363636363
17938,16623.119310344828,11456.00448275862
17939,16722.955,11434.5475
17940,16482.583,11445.6165
17941,16800.591923076925,11465.76923076923
17942,16701.574444444446,11496.406666666668
17943,16338.485,11513.125
17944,16617.947692307695,11530.742307692308
17945,16693.062307692308,11548.255384615386
17946,16118.808461538461,11542.49923076923
17947,16795.96769230769,11546.01
17948,16439.4525,11558.8275
17949,16497.472857142857,11592.008214285714
17950,16296.305,11604.963749999999
17951,16016.112857142856,11603.703571428572
17952,16197.560625,11629.90125
17953,16106.881538461537,11629.967692307693
17954,16646.55875,11614.4325
17955,16412.913684210525,11638.774210526315
17956,16335.535172413794,11688.014482758621
17957,16665.711785714284,11690.197857142857
17958,16496.734375,11688.43875
17959,16419.39,11708.804
17961,16661.47730769231,11753.106923076924
17962,16128.717857142856,11762.72
17963,16744.31677419355,11768.580322580645
17964,16551.320833333335,11819.842499999999
17965,16750.87142857143,11839.205714285714
17966,16054.706,11823.719000000001
17967,16220.7505,11835.545999999998
17968,16050.99,11883.1125
17969,16150.880909090909,11856.23181818182
17970,16270.403157894736,11873.095263157895
17971,16383.994285714285,11865.678095238094
17972,16119.997,11899.304
17973,16719.20739130435,11902.314782608695
17974,16310.531428571428,11906.967142857144
17976,16654.67576923077,11931.471153846154
17977,16529.555882352943,11939.581176470589
17978,16146.11125,11965.5125
17979,16233.031818181818,11959.973636363635
17981,1704.7223333333332,11953.550000000001
17982,1467.195037037037,12001.68037037037
17983,1321.711090909091,12007.762727272728
17984,1967.8945,12035.806666666665
17985,1693.502888888889,12050.528888888888
17986,1610.4548666666667,12030.159333333335
17987,1340.0795,12051.455
17988,1406.8311034482758,12068.853448275862
17989,1687.3145,12144.130000000001
17990,1763.0763333333334,12106.125
17991,2438.703666666667,11995.256666666666
17993,3930.69235,11977.36
17994,2045.1234545454545,12004.872727272728
17995,2291.1595,11980.668333333333
17996,2705.7066,12008.276
17997,3841.0588421052635,12059.224736842105
17998,3776.1680833333335,12057.797916666668
18001,3735.029461538462,12073.372307692307
18002,2690.7296666666666,12113.846666666666
18005,3903.2855,12088.615
18006,2378.6635,12102.143333333333
18007,2217.451833333333,12116.818333333335
18009,2660.876333333333,12140.473333333333
18012,3857.417,12146.206
18014,2392.086333333333,12185.31
18017,3886.223769230769,12314.216153846153
18018,2406.0494,12288.083999999999
18019,3825.228388888889,12350.233333333334
18021,2408.3326666666667,12407.826666666666
18023,3846.2682307692307,12407.113846153847
18024,3811.6633333333334,12424.483888888888
18025,3882.969625,12425.195625
18027,3865.478142857143,12622.579285714286
18029,3829.904,12672.75
18030,3896.455,12705.91125
18031,3936.283391304348,12729.668260869565
18032,3838.485666666667,12725.391666666668
18033,3885.205583333334,12796.4475
18034,3933.569384615385,12817.379230769231
18035,3874.582357142857,12868.164999999999
18036,3950.595631578947,12876.887894736841
18037,3855.89185,12913.53
18038,3908.8591666666666,12949.851666666667
18039,3883.0889,12975.814999999999
18040,3972.164,12968.605714285715
18041,3959.908142857143,13028.957142857142
18042,3897.930052631579,13042.1
18043,3954.230384615385,13074.985384615384
18044,3910.555642857143,13109.580714285714
18045,3955.803,13123.376666666665
18046,3970.2234166666663,13158.097500000002
18047,3922.613083333333,13172.126666666665
18048,3955.5457142857144,13207.875
18049,3910.731173913043,13238.097826086956
18051,3872.642,13302.807
18052,3953.224857142857,13303.877142857144
18053,3910.201,13320.01625
18054,3957.493777777778,13364.442222222222
18055,4327.205947368421,11964.033157894737
18056,4453.4496818181815,11985.552727272727
18057,5157.822,11991.157777777778
18058,5858.8744,11984.616
18059,5281.016833333334,11997.398333333333
18060,5399.972642857143,12021.358571428571
18061,4830.888333333333,12026.973333333333
18062,5462.603499999999,12022.778
18063,4939.769857142857,12022.618571428571
18064,4695.871954545455,12018.96590909091
18065,5906.9600666666665,12044.220666666666
18066,5614.423,12004.636
18068,5643.0723333333335,12059.253333333334
18069,5306.925857142857,12065.047142857144
18071,4492.579466666667,12052.059333333335
18073,5849.370857142857,12053.835714285715
18075,4569.635705882353,12047.326470588236
18076,5204.990000000001,12042.198333333334
18077,5444.792090909091,12086.551818181819
18078,5561.704714285714,12087.684285714286
18079,4906.581181818182,12069.875454545456
18080,5800.1668,12072.225
18081,5097.161214285714,12063.893571428573
18082,5018.8425,12080.1625
18083,3975.7754,12093.11
18085,4775.162928571429,12095.599285714286
18088,5360.073666666666,12085.869166666665
18089,5612.942666666667,12125.537333333334
18091,5181.245583333333,12103.296666666667
18093,5678.229933333334,12116.763333333334
18096,4117.280583333333,12137.861666666666
18097,4362.037625,12140.32625
18098,5844.3824,12126.806666666667
18099,5288.3908571428565,12126.558571428572
18101,5775.394666666667,12161.63
18102,4009.9600000000005,12163.621666666668
18103,5079.855833333334,12160.123333333335
18105,5474.192235294117,12148.009411764706
18106,4551.536357142857,12158.822857142859
18107,4713.3786666666665,12175.118333333334
18108,5408.636428571429,12162.328571428572
18109,4240.705846153846,12180.636923076923
18110,4313.5347647058825,12176.65
18111,5002.95925,12167.48
18112,5232.007666666667,12169.993333333334
18113,5669.4718571428575,12195.052857142857
18114,4482.467375,12168.635624999999
18115,4620.063666666667,12183.718888888889
18117,5885.3095,12192.83875
18118,4810.7018333333335,12165.191666666666
18119,5710.836833333334,12175.89
18120,4369.402333333333,12176.32
18121,4166.114058823529,12194.818823529413
18123,4433.538705882353,12196.17294117647
18126,4566.7675,12215.83375
18127,4886.281705882353,12191.137647058824
18128,4724.4824285714285,12249.965
18129,4412.525166666666,12239.51
18130,5557.287272727273,12211.23090909091
18131,5410.605333333333,12244.756666666668
18135,5489.371583333334,12220.675833333333
18136,4816.653,12226.269999999999
18137,5613.674,12204.595833333333
18138,5369.49925,12224.0775
18139,4222.2686,12238.876
18140,4534.199444444444,12252.650000000001
18141,5842.229,12252.721818181819
18142,4456.972666666667,12253.295
18143,4644.483625,12256.4125
18144,5696.730454545454,12248.25
18145,5923.3502,12267.776000000002
18146,5775.005249999999,12263.921666666667
18149,5351.030400000001,12279.958
18150,5865.329666666667,12282.21
18152,4515.60075,12299.032500000001
18155,4389.017833333333,12284.8525
18158,5459.65109090909,12287.398181818182
18159,5276.634272727272,12328.94090909091
18160,5672.349636363636,12292.373636363634
18161,5569.104181818182,12305.191818181816
18163,5168.7935,12322.14125
18164,5059.2553333333335,12319.555
18165,5530.376125,12313.71625
18166,5738.2613,12311.151
18167,5358.556111111111,12323.431111111111
18171,5394.3712,12340.092999999999
18172,5485.012333333333,12342.548333333334
18173,5663.041666666667,12351.023333333333
18174,5793.625571428572,12340.378571428571
18175,4034.054736842105,12348.929473684211
18176,5449.298,12345.67
18177,5718.5425,12362.72875
18178,5105.570857142857,12381.459285714285
18179,5871.99928,12367.778
18180,5604.863454545454,12377.853636363638
18181,5958.875272727272,12374.781818181818
18183,5517.569666666666,12379.226666666667
18184,5228.4505,12372.206666666667
18187,5674.208571428571,12392.92
18188,4085.2540434782604,12396.569130434782
18189,5793.73675,12409.753125
18190,4015.352684210526,12402.607368421053
18191,5347.3226,12385.195
18192,5143.6677500000005,12425.47875
18193,5244.534285714285,12415.221428571429
18194,5935.4606,12410.186
18195,5301.287285714286,12421.691428571428
18196,5578.9653124999995,12419.43625
18201,5500.783692307692,12433.295384615385
18203,5432.326333333333,12418.62
18204,5775.704000000001,12435.17
18205,5037.56815,12408.107
18206,4971.052357142857,12448.399285714286
18207,5664.611352941176,12453.382941176471
18208,4719.892777777778,12456.34
18209,5882.575923076923,12463.384615384615
18210,5253.1955,12473.49
18211,4025.04946875,12482.1446875
18212,5566.982,12473.306
18213,5816.942,12493.324545454547
18215,5953.8915,12476.710625
18216,5422.078416666666,12494.509166666665
18217,4659.58225,12493.655
18219,4919.8910000000005,12498.568
18220,5148.14775,12467.865
18222,5322.264777777778,12479.945555555554
18223,5498.716,12471.825
18224,5622.047571428571,12500.487142857144
18225,4470.1026,12515.333
18227,5056.182466666666,12512.454666666667
18228,5230.452571428571,12524.6
18229,5570.124,12521.8325
18230,4978.846,12522.774285714286
18231,4725.387846153846,12522.630000000001
18232,4348.645,12519.432727272728
18233,5490.170666666667,12539.75111111111
18234,5152.664909090909,12517.168181818182
18235,5370.717,12537.981428571427
18236,5847.2835,12561.228
18237,4436.037875,12544.0575
18238,4292.008333333333,12563.008518518518
18239,5303.3755,12556.062222222223
18240,4076.9354285714285,12542.437142857143
18241,5631.677454545455,12567.67818181818
18242,5568.319588235295,12586.162941176472
18243,5750.8756,12528.490666666667
18245,4376.9875,12572.047999999999
18246,5260.976583333333,12581.6875
18247,5681.146125,12563.29625
18248,5933.400272727273,12565.526363636365
18250,5072.886833333333,12595.891666666668
18251,4136.778166666667,12587.119583333333
18252,4020.9746666666665,12608.778888888888
18253,5399.721375,12608.229583333334
18254,5791.703590909091,12601.839545454544
18255,5205.391,12616.2075
18256,4437.364285714286,12609.285714285714
18258,4228.78805,12620.1975
18259,5496.295444444444,12615.032222222224
18260,5880.110166666666,12624.713333333333
18261,5452.928,12608.595
18262,4594.616999999999,12620.273333333333
18263,5759.703133333333,12651.565999999999
18264,4805.3814736842105,12660.225263157894
18266,5445.239333333334,12659.0
18267,4363.842722222222,12662.772222222222
18268,5950.4925,12678.21
18269,4103.268866666666,12666.673333333334
18270,4498.579451612903,12671.953870967742
18271,5688.889,12670.692000000001
18272,4296.032928571429,12676.301428571429
18273,5862.321666666667,12682.74
18274,5556.034500000001,12683.870454545455
18275,4887.0703,12677.153
18276,5464.564,12702.345000000001
18277,5035.58,12701.502
18278,4227.985055555556,12691.705
18279,5793.55725,12700.65
18280,5855.321,12729.22
18281,5923.2444444444445,12728.00888888889
18282,4389.9105,12728.26
18283,4021.1547931034484,12686.300000000001
18284,4670.2831875,12712.01
18285,5508.086,12711.243333333332
18286,5639.1776666666665,12725.982222222221
18287,4297.776684210527,12745.244210526316
18288,4184.049176470588,12746.614705882354
18289,5714.184666666666,12749.604444444445
18290,5757.1016666666665,12746.8025
18291,4958.741714285715,12750.774285714286
18292,4818.055,12751.798888888889
18293,4124.77325,12765.356
18294,4483.910619047619,12775.231904761904
18295,5014.430285714286,12789.869999999999
18296,4011.2773333333334,12778.678333333331
18297,5293.581,12793.126
18298,4410.133352941177,12799.336470588236
18299,4635.01372,12816.87
18300,4223.060444444444,12804.97
18301,4769.87385,12816.4645
18302,4103.225833333334,12822.778333333334
18303,5208.965125000001,12825.83
18304,4919.201428571428,12825.617142857143
18305,4707.5199999999995,12820.828
18306,5176.4555,12823.4625
18307,5396.917733333334,12822.273333333334
18308,4020.18875862069,12840.61172413793
18309,5110.018333333333,12832.486666666666
18310,5267.365428571429,12849.897142857142
18311,4998.306428571428,12866.89
18312,5077.0435,12865.19
18313,5160.387222222223,12883.24
18314,4274.2058,12849.3148
18315,5309.3384,12882.160666666667
18316,5441.931785714286,12889.889285714287
18317,4121.323399999999,12881.2465
18318,5758.0013,12876.914
18319,4955.413,12893.264
18320,4445.762166666666,12878.219166666668
18321,4749.770333333333,12892.452666666668
18322,4349.713611111111,12894.791666666666
18323,5743.883277777778,12919.816666666668
18324,4675.8414999999995,12925.071666666665
18325,4034.7329999999997,12927.23
18326,4535.011789473684,12900.901052631578
18327,4413.4771,12931.614
18328,5246.04925,12930.4425
18329,5686.7595,12936.305
18330,5849.982294117647,12934.961176470588
18331,4093.9658181818186,12950.714090909092
18332,4569.9425,12943.2375
18333,4740.37975,12945.1975
18334,5179.25525,12968.119999999999
18335,4292.944039999999,12954.9472
18336,4933.221333333333,12965.011111111111
18337,5748.449388888889,12985.228888888889
18338,4496.751857142857,12963.205238095237
18339,4171.29825,12973.4475
18340,5677.519888888888,12990.006666666666
18341,4396.589764705882,12978.390588235296
18342,5945.83675,12971.2575
18343,4565.7249,12995.242999999999
18344,4107.2882,13004.797
18345,4519.4545,13009.058333333334
18346,5504.63,13001.952857142858
18347,5823.8341,13009.0
18348,4748.677555555555,13000.236666666668
18349,4625.9726,12998.126
18350,5622.210285714286,13022.714285714286
18351,4380.504,13015.58375
18352,4448.4241999999995,13010.106
18353,4876.151111111111,13010.425555555556
18354,4325.746416666667,13015.669166666667
18355,4932.1016,13019.083999999999
18356,5038.775375,13012.4975
18357,4276.209777777778,13029.652222222221
18358,4825.653714285714,13027.002857142857
18359,5067.975333333333,13041.715555555556
18360,4038.039423076923,13049.868076923078
18361,5567.192333333333,13017.386666666667
18362,4149.676928571428,13050.504285714285
18363,4672.095181818182,13040.103636363638
18364,4423.08275,13065.821249999999
18365,4615.538545454546,13060.513636363636
18366,5148.5575,13069.29
18367,4478.232666666667,13044.986666666666
18368,4546.5141,13061.445
18369,5755.951210526316,13064.524736842106
18370,5452.653153846153,13065.218461538461
18371,4260.7255,13084.33
18372,4795.6995,13098.975
18374,4936.668181818181,13068.642727272729
18375,5370.653928571429,13061.92
18376,5582.699777777778,13091.792222222222
18377,4335.603416666667,13080.910000000002
18378,5187.729076923077,13110.553846153847
18379,5250.506,13087.717142857144
18380,5858.002545454546,13092.740909090908
18381,5655.642576923076,13101.793461538462
18382,4505.625583333333,13108.139166666666
18383,4585.9596,13110.278
18384,4743.979476190476,13091.719523809523
18385,4858.399,13108.392222222223
18386,4976.967333333333,13111.648333333333
18387,4188.663875,13109.930625
18388,5505.989222222222,13095.253333333334
18389,4410.509714285714,13115.442857142858
18390,4293.164,13143.149166666668
18391,5405.110615384615,13130.68076923077
18392,5074.5160000000005,13118.322142857143
18393,5321.28925,13128.665625
18394,5742.561909090909,13131.056363636364
18395,4679.503466666666,13139.106666666667
18396,5592.939888888889,13135.405555555555
18397,5261.098,13140.07909090909
18398,4369.4255,13147.09875
18399,4044.7062857142855,13167.50857142857
18400,5030.354318181818,13174.43
18401,5505.104,13173.172
18402,5115.163928571428,13166.125
18403,4505.311000000001,13176.856666666667
18404,5702.041294117647,13178.208235294118
18405,5834.253111111111,13166.90111111111
18406,5615.7739411764705,13175.985882352941
18407,4255.920611111111,13187.798888888889
18408,4417.847461538461,13187.109999999999
18409,4552.031133333334,13183.906666666668
18410,4104.44195,13185.280499999999
18411,4166.41015,13179.770499999999
18412,5306.581615384615,13199.636923076923
18413,5369.469772727273,13201.342727272726
18414,4833.500454545454,13189.887272727274
18415,4347.973285714285,13217.907142857144
18416,5208.006333333334,13208.693333333335
18417,5024.9645,13205.307499999999
18418,5771.1425,13199.134999999998
18419,5568.083333333333,13220.136666666667
18420,4776.119941176471,13215.003529411764
18421,5904.902599999999,13205.957999999999
18422,4043.8565,13223.18
18423,4709.4553636363635,13216.180909090908
18425,4438.005526315789,13240.186315789475
18426,4914.756428571428,13223.072857142857
18427,5443.605375,13231.5075
18428,5665.047111111111,13229.585555555555
18429,4577.899214285714,13248.16857142857
18430,4310.7815,13237.6425
18431,5116.7065,13232.191
18432,5853.76475,13237.1225
18433,4006.8605000000002,13249.183333333334
18434,5259.310750000001,13228.6975
18435,5947.47825,13237.98
18436,4228.1783076923075,13254.922307692306
18437,5751.8478749999995,13249.8525
18438,4720.6468,13258.7
18439,5821.7846,13267.224666666667
18440,5162.7275,13265.708333333334
18441,4151.660857142857,13262.329047619049
18442,5004.4906,13266.873333333333
18443,5341.834538461539,13259.22153846154
18444,5636.344733333333,13270.347333333333
18445,5107.372833333334,13286.907500000001
18446,5709.607538461539,13293.922307692306
18447,4846.6289333333325,13256.674666666666
18448,5545.225875,13273.385
18449,4463.2555555555555,13289.433333333332
18450,4781.2471000000005,13286.732999999998
18451,4069.53025,13265.279999999999
18452,4379.129833333333,13305.173333333332
18453,4938.85795,13294.713500000002
18454,5390.8998125,13293.52875
18455,5933.951791666666,13293.316250000002
18456,4870.957923076923,13310.174615384614
18457,5248.135166666667,13311.784999999998
18458,4218.0796666666665,13310.069166666666
18459,4283.162166666666,13321.051666666666
18460,4157.685375,13332.71625
18461,5880.008666666666,13315.083333333334
18462,5502.72475,13322.315833333334
18463,4568.067210526316,13313.374736842105
18464,4668.814217391305,13309.082173913044
18465,5025.731285714285,13338.492857142857
18466,4052.40325,13331.173333333332
18467,5800.006,13333.730714285715
18468,5177.61325,13324.3875
18469,4808.912153846154,13337.606153846154
18470,5610.536999999999,13349.24947368421
18471,5933.733,13361.317142857142
18472,5410.231333333333,13349.832
18473,4126.1028,13359.636999999999
18474,5700.742214285715,13350.75857142857
18475,4599.044333333334,13356.244444444445
18476,4307.8194,13364.177
18477,4435.601857142857,13355.502857142857
18478,4888.20975,13363.25125
18479,5316.857153846154,13377.21346153846
18480,4226.88035,13362.583999999999
18481,4500.667083333334,13371.7725
18482,4742.551363636364,13364.18
18483,4715.127666666666,13404.653333333334
18484,5482.004285714285,13385.397142857142
18485,5051.126,13391.5725
18486,4412.943,13387.89
18487,4014.0363846153846,13399.859999999999
18488,5651.2237000000005,13415.560999999998
18489,5872.7925263157895,13387.92894736842
18490,4189.115125,13421.04625
18491,4253.2472,13406.006
18492,5387.627823529411,13405.121176470588
18493,5124.816000000001,13418.826000000001
18494,5747.8015000000005,13396.31
18495,5204.249818181818,13383.051818181819
18496,4368.818066666667,13424.9
18497,4832.35,13411.076923076924
18498,5549.860416666666,13410.675833333333
18499,4659.477714285714,13412.834285714285
18500,5251.9675,13429.873333333335
18501,4551.6791111111115,13434.057777777778
18502,4087.5632777777773,13432.902777777777
18503,4997.679444444444,13398.108888888888
18504,4320.014833333334,13432.101666666667
18505,5831.343,13422.895999999999
18506,4254.663666666666,13442.62
18507,4442.6611764705885,13450.799411764705
18508,4781.443,13444.223333333333
18509,4959.4354,13446.395999999999
18510,5599.3145625,13452.119375
18512,5923.1264375,13433.415
18513,4620.366599999999,13449.446000000002
18514,5189.3765,13461.24875
18515,5490.020882352941,13464.730588235296
18516,5791.783857142857,13453.185714285715
18517,4149.773,13473.20925925926
18518,4718.669272727273,13467.949090909091
18519,5688.535625,13457.00375
18520,4890.713222222223,13461.068333333335
18521,4251.659647058823,13482.417058823528
18522,5730.5869,13488.711
18523,4508.283083333333,13476.333333333334
18524,5052.004625,13468.203125
18525,5291.8031176470595,13464.204705882354
18526,4324.728421052631,13496.585263157895
18527,5407.3573750000005,13495.424375
18528,5119.501076923077,13509.193076923078
18529,5543.4560833333335,13492.261666666667
18530,5870.59575,13499.5625
18531,5352.777636363636,13508.339999999998
18532,4600.951400000001,13512.007333333333
18533,5178.14125,13521.7975
18534,4216.194071428571,13520.595714285713
18535,5651.441529411765,13525.944705882353
18536,4696.6946,13514.328
18537,4936.628650000001,13534.971
18538,4823.274833333334,13500.650833333333
18539,4387.752363636363,13517.248181818182
18540,4449.8876666666665,13522.202222222222
18541,5587.678615384615,13545.916153846154
18542,5799.376714285715,13532.985714285713
18543,5838.152666666666,13537.223333333333
18544,5942.988384615384,13552.674615384614
18545,4497.402555555555,13539.797777777778
18546,5272.175631578947,13559.12
18547,5729.207,13546.992727272725
18548,4806.4917000000005,13553.785999999998
18549,5518.536866666666,13543.604
18550,5404.587071428571,13558.112142857144
18551,4650.762916666667,13569.29
18552,4715.870199999999,13567.806
18553,4345.530038461538,13574.152692307693
18554,4428.978999999999,13578.869999999999
18556,4540.059272727273,13584.356363636361
18557,5363.117857142856,13583.955714285714
18558,5531.991333333333,13597.925555555556
18559,5005.413315789474,13565.67894736842
18560,5791.523647058823,13591.953529411765
18561,5205.348333333333,13587.65111111111
18562,5087.399789473685,13589.157894736842
18563,4776.128375,13611.532500000001
18564,5933.0335625,13611.786875
18566,5875.466214285714,13617.342142857144
18567,4852.8664,13616.729000000001
18568,4917.261111111111,13595.07111111111
18569,4144.8856428571435,13611.840714285714
18570,5014.377461538462,13630.184615384615
18571,5680.4256875,13622.386875
18572,5460.662777777778,13647.743333333334
18573,4264.584,13630.423636363637
18574,4883.697571428572,13651.732857142857
18575,4950.091,13659.794166666667
18576,5281.945166666667,13606.916666666666
18577,5820.119636363636,13648.443636363636
18578,5345.25125,13646.82
18579,5136.979,13625.042000000001
18580,4615.1981428571435,13633.482857142857
18581,5511.8389230769235,13670.824615384616
18582,4217.40944,13660.4084
18583,4692.559230769231,13640.361538461539
18584,5316.547,13662.923333333332
18585,4819.657300000001,13668.746
18586,5655.008500000001,13683.074999999999
18587,4746.6328,13685.395999999999
18588,5400.325363636363,13663.98090909091
18589,5737.235612903226,13698.13870967742
18590,5587.514333333333,13660.138333333334
18591,5143.230461538462,13711.24923076923
18592,5397.480615384615,13719.686923076923
18593,5307.756777777778,13713.752222222223
18594,4885.645333333333,13697.053333333335
18595,5017.278714285714,13690.92857142857
18596,5215.6418125,13688.835625
18598,5087.1064,13697.802
18599,5869.628,13697.137142857142
18601,5921.633722222223,13705.495555555557
18602,5544.697,13733.261904761905
18603,4403.577222222222,13749.805
18604,4172.519466666667,13739.997333333333
18605,4222.2122,13724.170999999998
18606,5814.571,13746.306923076922
18607,4945.242222222222,13743.584444444445
18608,5233.593,13758.961666666666
18609,5304.507655172414,13781.382758620688
18610,5880.7002999999995,13760.228500000001
18611,4456.8792,13760.672
18612,5013.400000000001,13746.372727272728
18613,5073.2676,13770.918
18614,5371.861666666667,13759.63
18615,5180.27725,13778.035
18616,5454.884266666666,13767.132000000001
18617,5959.371,13764.803125
18618,5776.1780625,13798.595625
18619,4236.276083333333,13796.2575
18620,4357.3314,13800.155999999999
18621,5507.296923076923,13800.55923076923
18622,4298.693818181818,13808.225454545456
18623,4537.940875,13822.0725
18624,4763.1492,13826.37
18625,5627.9175,13813.529583333335
18626,4474.730045454546,13830.345000000001
18627,4855.5173,13831.645
18628,4413.413619047619,13840.985714285714
18629,5941.901466666666,13844.190666666665
18630,5353.7328823529415,13850.64294117647
18631,4307.791066666667,13859.971333333333
18632,5518.084714285715,13864.51
18633,4796.59512,13882.742
18634,4714.924294117647,13892.800588235294
18635,4904.090833333334,13892.891666666665
18636,5895.756222222222,13894.818888888889
18637,4586.515806451613,13908.015483870968
18638,5657.425333333334,13933.063888888888
18639,4356.379444444444,13922.919259259259
18640,4754.23875,13962.635
18641,5055.204,13965.996
18642,4984.1575454545455,13929.254545454545
18643,5923.353428571429,13961.515714285715
18644,5851.731307692307,13946.666923076924
18645,4273.136571428571,13946.029047619048
18646,4682.004714285714,13973.651428571427
18647,6343.8911,11992.426
18648,6522.925375,11988.09375
18649,7034.1515,12003.614285714286
18650,7546.372888888889,11955.296666666667
18651,7226.734200000001,11988.522
18652,6111.950142857143,12005.438571428573
18653,7326.665888888889,11973.271111111111
18655,6838.772800000001,12013.233
18656,7436.644777777778,11962.977777777778
18657,7485.908888888888,12021.346666666666
18658,7662.689333333333,11995.056666666665
18659,7155.0235,12046.68
18662,6530.709666666667,12042.13
18663,6889.392625,12041.72125
18664,6256.7119375,11998.10125
18665,7386.430363636363,12067.191818181816
18666,6168.625727272727,12063.608181818183
18667,6781.219,12032.924285714285
18669,6429.3758,12039.914
18671,6970.991400000001,12056.645999999999
18673,6723.668571428571,12052.091428571428
18674,6466.675375,12064.5275
18675,7337.83725,12056.955
18677,6331.2082666666665,12070.494
18678,6645.778545454546,12066.556363636364
18680,6237.433,12087.550000000001
18681,6522.0445,12101.588333333333
18682,6851.199125,12076.59125
18683,6097.3418571428565,12086.647857142858
18684,6590.142615384615,12087.135384615385
18686,7605.647999999999,12121.495
18688,6426.304857142857,12102.11
18691,6797.860272727273,12124.811818181817
18693,6020.7924,12026.071333333333
18694,6725.987357142857,12121.457857142857
18695,6922.1284,12116.819
18696,7189.969333333333,12102.57
18698,7049.946777777778,12104.480000000001
18699,6198.566714285715,12139.907142857144
18700,6363.4612307692305,12130.425384615384
18701,7123.682,12113.425
18702,6550.25,12162.382222222222
18703,7049.082666666666,12148.303333333335
18704,7437.021000000001,12134.0475
18706,6287.2955,12140.679285714286
18707,6429.554,12155.456
18708,6490.495571428571,12154.938571428573
18709,6678.469599999999,12152.171
18710,5988.5740625,12094.6825
18711,6613.7882222222215,12144.644444444444
18712,6064.2972666666665,12154.454
18713,6788.124,12182.292222222222
18714,7475.8488333333335,12177.205
18715,7018.533,12174.065
18717,6155.503500000001,12172.434
18718,6945.124428571428,12182.352857142858
18720,7417.4490000000005,12187.17
18721,6875.818705882353,12187.383529411763
18723,6272.089615384615,12201.106153846154
18724,7248.529500000001,12172.763333333334
18725,6120.244625,12226.5875
18726,7073.77425,12195.369999999999
18727,6458.828727272727,12212.673636363637
18728,6822.584,12226.95
18729,5977.375222222222,12186.612592592592
18730,6365.4447,12205.256
18731,6696.760200000001,12207.904666666667
18733,6329.240428571428,12211.375714285716
18734,6410.518333333333,12257.0725
18735,6510.921875,12234.4625
18736,6597.743913043478,12234.622173913043
18737,7115.419,12228.9175
18738,6227.1839,12221.929
18739,6192.86875,12242.8375
18740,7020.68175,12250.205
18741,6971.550454545454,12234.157272727274
18742,6033.8515,12247.889
18743,7436.986599999999,12246.678
18744,6692.7908181818175,12279.097272727273
18745,7268.097400000001,12265.578
18746,6252.034799999999,12266.083999999999
18747,7133.603999999999,12275.493333333332
18748,6520.979857142856,12280.471428571429
18749,6775.7405,12277.5975
18750,6141.875666666667,12282.726666666667
18752,6581.144,12308.402222222221
18753,7192.3240000000005,12275.204000000002
18754,6356.479153846154,12286.122307692307
18755,6637.495333333333,12294.836666666668
18756,6832.244076923076,12289.92076923077
18757,7433.3395,12342.5775
18758,6046.002,12314.876666666665
18759,6723.236375,12321.54625
18760,6885.372666666666,12309.944444444445
18761,7062.873699999999,12293.107
18763,6275.574,12307.04111111111
18765,7365.709307692308,12341.306153846155
18767,6469.217789473684,12316.894736842105
18769,7023.1701111111115,12348.047777777778
18770,6131.584000000001,12345.284285714286
18771,6232.7045,12354.08375
18772,7177.580333333333,12341.33
18773,6645.7417000000005,12340.297
18776,6855.1404999999995,12377.265
18778,7541.826333333333,12371.4
18780,6326.7996,12344.015
18781,7116.749428571428,12361.382857142857
18782,6545.645285714286,12349.034285714286
18783,6608.075222222223,12381.391111111112
18784,6286.809941176471,12395.224705882354
18785,6399.1858999999995,12370.679
18787,6969.2415,12372.53
18788,6750.529882352941,12378.074705882353
18789,6461.649666666667,12380.116666666667
18791,6902.561083333334,12398.054166666667
18794,6214.5314285714285,12388.31
18795,6520.786857142857,12404.574285714287
18797,6098.458642857143,12403.855
18798,7160.261285714286,12422.342857142856
18799,6692.676733333333,12393.377333333334
18803,7081.394,12392.575714285715
18804,6361.807,12422.83125
18805,6980.541125,12438.7475
18808,6008.498652173914,12374.320869565217
18809,6633.674,12439.117142857143
18810,6831.420666666666,12433.923333333332
18811,6163.794777777777,12431.892222222223
18812,6444.113375,12436.05625
18813,7351.4712500000005,12430.98
18814,7416.000666666666,12421.803333333333
18817,7246.123666666666,12409.203333333333
18819,6901.853714285715,12455.067142857142
18821,6234.865818181818,12448.62
18823,7223.955199999999,12462.886
18824,6022.668833333333,12462.943888888889
18825,6555.526857142858,12437.95857142857
18826,7028.579,12466.08
18827,7104.96975,12480.775
18828,6289.6779,12449.51
18830,6410.97,12481.2
18831,6742.0205,12473.80642857143
18832,6188.0075,12500.671
18837,6661.0545,12484.3225
18839,6339.321571428571,12494.815
18840,6489.236769230769,12507.404615384616
18841,7295.87275,12495.411250000001
18842,6263.5696875,12527.895
18843,6596.763857142857,12505.367142857142
18845,7382.2405714285715,12527.618571428571
18846,6967.842000000001,12499.055
18847,6104.334333333333,12526.685
18848,6783.2880000000005,12522.825
18849,6830.877909090909,12521.74181818182
18852,6026.884875,12528.735
18853,6323.731166666667,12567.803333333335
18854,6649.3265,12554.8025
18855,6718.376833333333,12538.093333333332
18859,7204.764,12534.155714285715
18861,6402.938866666666,12555.848
18862,6565.6416,12554.157000000001
18863,7333.806666666666,12563.283333333333
18864,6701.3685000000005,12575.895
18865,5987.964999999999,12569.6
18866,6930.977222222222,12563.21
18869,7157.957666666666,12594.613333333333
18870,6484.44223076923,12585.465384615383
18871,6044.752125,12585.58625
18873,6188.57575,12595.655
18876,6124.992857142856,12572.699999999999
18879,6754.9635,12606.735
18885,6833.79475,12623.385
18888,6575.997636363637,12603.205454545456
18890,6402.693352941176,12633.097058823529
18891,6263.0054,12628.074
18892,6061.99875,12617.3925
18898,6598.044333333334,12649.728333333333
18902,6776.565500000001,12670.5725
18905,6143.5212,12674.728666666666
18907,6841.9929999999995,12705.726666666667
18909,6053.1915,12710.244999999999
18910,6542.999615384615,12698.02
18912,6184.558666666667,12734.343333333332
18914,6465.3722727272725,12704.898181818182
18920,6575.526333333332,12764.006666666666
18922,6887.773875,12718.3225
18923,6664.818,12754.355
18925,5994.7313,12772.113000000001
18926,6486.912846153846,12773.859999999999
18931,6302.7051,12749.107
18932,6956.6448,12769.5
18935,7845.060750000001,12761.0375
18943,6225.079777777778,12789.86888888889
18945,7755.966666666667,12786.261666666667
18950,7457.967666666666,12822.353333333333
18951,6874.2950909090905,12806.582727272727
18952,6557.9673999999995,12835.096000000001
18954,6812.5048,12818.102
18956,6133.8059,12825.92
18957,7758.1065,12836.217499999999
18961,6051.75625,12849.67625
18962,6252.701125,12850.52
18963,6627.807000000001,12856.765
18964,6394.824,12842.487
18966,6785.369333333333,12877.303333333335
18967,6866.794875,12890.13375
18968,7081.623142857143,12879.105714285715
18969,6495.706875,12884.7625
18971,6133.107333333333,12884.6
18972,6672.364666666667,12900.356666666667
18974,6192.413444444444,12904.04
18976,6356.2390000000005,12883.069285714286
18977,7682.945,12886.26
18980,6771.1449999999995,12932.162857142857
18982,6084.111666666667,12935.676666666666
18983,6321.060333333334,12920.496666666666
18984,7589.21875,12963.455
18985,6552.4572941176475,12935.70294117647
18986,6929.885846153847,12942.414615384616
18988,7309.522,12934.04
18989,6470.6196,12954.958
18990,7268.714,12962.001428571428
18993,7808.490000000001,12972.613333333333
18994,7732.53825,12963.9875
18996,7213.99225,12962.8375
18998,6631.055777777778,12975.298333333332
18999,7129.7694,12981.395
19000,6375.575,12982.244999999999
19001,7085.383363636364,13010.032727272726
19002,6203.990470588235,13007.788235294118
19003,6322.49588888889,13011.764444444445
19004,6029.284352941177,13000.941764705884
19005,6756.298857142858,13015.08
19006,7017.36275,13015.665
19007,7597.027,13021.915
19008,7663.135666666666,13017.58
19010,6590.837692307692,13037.67153846154
19011,6274.9061249999995,13053.94
19013,6672.176846153846,13052.014615384616
19014,6966.369000000001,13037.778999999999
19018,6120.682428571429,13056.575714285715
19019,6866.655428571429,13042.402857142859
19020,7393.2034,13078.878
19022,6927.780400000001,13100.229
19023,7323.973857142858,13074.322857142857
19024,6060.7438,13080.768666666667
19025,6741.409,13082.686
19026,7806.502666666667,13062.841666666667
19027,7478.6915,13117.57
19029,7177.6784,13090.98
19030,6985.448727272727,13106.987272727272
19031,6216.450083333333,13093.528333333334
19032,6504.556875,13099.9025
19033,6770.613375,13122.40375
19035,7095.824090909091,13119.333636363635
19036,6693.581958333333,13133.01375
19037,6581.131733333333,13129.006
19038,6125.320500000001,13153.619166666665
19039,6456.740125,13109.83375
19040,6078.946,13156.85
19041,6199.7725,13161.985
19042,7627.459,13161.806666666665
19044,7709.248,13166.846666666666
19045,6412.184928571428,13171.920714285716
19046,7559.268,13193.349999999999
19047,6343.493238095239,13164.52761904762
19051,6727.323083333333,13195.7525
19053,7364.576333333333,13206.61
19054,6798.542909090908,13205.768181818183
19055,6250.765172413793,13186.18275862069
19056,6509.184916666666,13186.6925
19059,7305.8722,13214.552000000001
19061,7168.180307692308,13228.877692307693
19062,6416.656615384616,13219.92076923077
19063,6677.096826086957,13247.378260869566
19065,6932.814666666666,13245.39
19068,6785.74175,13257.225
19069,6829.3892857142855,13282.41857142857
19070,7742.767333333333,13268.526666666667
19071,7052.6865,13266.70625
19073,6500.708588235294,13262.581176470589
19074,6257.619181818182,13264.47909090909
19075,6370.809125,13269.205
19076,7245.591166666666,13260.463333333333
19077,7318.41025,13277.455
19079,6979.1376,13310.3
19080,7977.255999999999,13298.380000000001
19081,7847.782999999999,13299.945
19082,6213.234666666667,13289.186666666666
19083,6299.201647058823,13301.070588235294
19084,7202.1025,13327.391666666668
19085,7629.262333333333,13304.293333333335
19086,6445.040555555555,13322.894444444444
19087,6537.813181818181,13318.351818181818
19088,7072.109642857143,13330.4
19089,7364.865222222222,13319.512222222222
19090,7705.598125,13312.93125
19091,7433.16,13308.004444444443
19092,6906.9596363636365,13316.005454545455
19096,7105.2133,13346.749
19097,6700.254083333333,13333.353333333333
19098,7021.748699999999,13354.460000000001
19099,7867.808999999999,13359.466
19100,6280.5575,13358.72
19101,6326.1403,13349.004
19102,6828.038846153847,13355.753076923078
19103,7660.7885,13355.4525
19104,6628.452777777778,13348.886666666665
19105,7498.146571428571,13356.380000000001
19106,7150.501875,13368.15
19107,6557.444,13381.951428571429
19109,7276.8292,13349.374
19110,7422.4625,13387.39
19111,7830.912133333333,13387.425333333334
19112,6379.870625,13368.21875
19113,6503.7811,13386.226999999999
19114,7931.1826,13392.367999999999
19115,6768.639142857143,13376.817142857142
19116,6954.805272727273,13376.16909090909
19117,6289.52425,13394.11
19118,6447.834571428571,13387.034285714286
19119,6064.1386875,13386.410625
19120,6872.255166666667,13396.926666666666
19122,7730.573714285715,13382.237142857144
19123,7091.604625,13430.817500000001
19124,7227.9742857142855,13392.296428571428
19125,6989.758833333333,13424.0
19126,7336.967333333333,13375.388333333334
19127,7528.027666666666,13406.756666666668
19128,6814.662625,13427.779999999999
19130,7439.1473750000005,13451.8775
19131,6931.547714285714,13426.288571428571
19133,7383.856428571429,13452.42
19134,7690.83925,13415.9025
19135,6138.1616,13403.024
19136,6448.517769230769,13451.478461538461
19137,6605.641666666666,13456.086666666666
19138,7279.912545454546,13459.720000000001
19139,6508.102833333333,13443.848333333333
19140,7650.3355,13444.93625
19141,6007.34526923077,13365.43923076923
19142,6862.601,13450.935
19143,7823.647733333333,13465.516666666666
19144,6732.3648571428575,13452.97
19147,7144.770181818181,13451.721818181819
19148,7723.277999999999,13458.598333333333
19149,7949.146909090909,13461.02909090909
19150,7596.891555555556,13480.035555555556
19151,6996.297545454546,13492.334545454545
19152,7509.965200000001,13487.414
19153,6076.7531,13480.014000000001
19154,6670.817571428571,13444.31
19155,7209.863285714286,13481.187857142857
19156,6925.348444444444,13480.964444444446
19157,7094.2139,13475.675
19158,7692.7458,13493.670000000002
19159,6398.755,13482.323333333334
19160,6847.6449999999995,13488.05
19161,6699.3223684210525,13522.51157894737
19162,6156.4054,13495.192000000001
19163,7854.966833333333,13495.67
19164,7757.5702,13486.800666666668
19165,7264.2773333333325,13499.193333333335
19166,6795.202857142857,13501.737142857144
19167,6212.087666666666,13501.706666666667
19168,6512.674666666667,13527.346666666666
19171,6623.929736842105,13526.20947368421
19172,7359.791636363636,13510.232727272727
19173,7166.36225,13517.78
19174,7671.1795,13534.710000000001
19175,6458.805846153846,13533.577692307694
19176,6895.006,13532.85
19178,6549.452249999999,13534.2525
19179,7049.64209090909,13532.378181818181
19181,7459.936416666666,13545.025833333333
19183,6259.806666666666,13530.853333333333
19184,7871.5203125,13559.124375
19185,6768.984714285713,13553.795714285716
19186,7766.903538461538,13533.902307692308
19188,7329.893875,13542.63625
19189,6142.923363636364,13549.244545454545
19190,7951.0845,13541.446666666669
19191,7579.363444444443,13560.59888888889
19192,7144.104600000001,13570.106
19194,6204.565066666666,13574.486666666666
19195,7297.954,13584.23
19196,6020.2084,13484.257999999998
19199,6360.639,13621.78
19200,7702.929399999999,13586.052000000001
19201,6596.068625,13571.35875
19202,7666.145666666667,13577.357777777777
19203,6921.428583333333,13592.670833333332
19204,7380.085285714286,13602.781428571428
19206,7090.044400000001,13607.583999999999
19209,6820.113333333334,13584.769999999999
19210,7253.7411111111105,13620.356666666667
19211,6047.153857142856,13581.317142857142
19212,7547.016384615385,13610.084615384616
19213,7001.1175,13585.731666666667
19214,6148.2835,13615.8875
19215,6710.765166666667,13600.295
19216,6858.9754,13626.092
19217,7464.765666666666,13614.981666666667
19218,7583.6785,13623.485
19219,6104.0242,13628.535999999998
19220,7178.431230769231,13617.396923076923
19222,7307.63825,13632.2175
19223,7948.422875,13633.09
19224,7658.1106666666665,13652.181111111111
19225,7891.272142857143,13635.090714285714
19226,6283.204,13626.294666666667
19227,7831.006461538462,13645.072307692308
19228,6564.6395,13640.9725
19229,7744.22375,13643.793333333333
19230,6914.185666666667,13658.460833333333
19231,6213.098571428572,13638.944285714286
19232,6998.0935714285715,13663.622857142856
19234,7058.78775,13634.285
19235,6726.5758000000005,13662.776000000002
19236,7352.74425,13653.0925
19237,7505.425666666667,13670.235555555555
19238,6619.72275,13677.605
19239,6080.743909090909,13675.24909090909
19240,7139.075111111111,13672.775555555556
19241,6137.86075,13698.6125
19242,7202.4605,13679.06375
19243,6358.93175,13663.8775
19244,6259.41025,13687.694166666668
19245,7417.854700000001,13697.929
19246,7544.362999999999,13709.227142857142
19247,6782.220666666667,13703.215555555556
19248,7096.554545454546,13717.189090909089
19249,7921.7795,13709.4575
19250,5998.133578947369,13696.506842105264
19251,7822.454076923077,13716.532307692307
19253,7713.0889090909095,13720.656363636364
19254,6839.053615384615,13728.890000000001
19256,6320.7096249999995,13731.12875
19257,6185.7208125,13717.521875
19258,7030.967,13712.0375
19259,6723.695307692308,13738.244615384614
19260,6960.0148461538465,13711.467692307691
19261,7586.893142857143,13720.441428571428
19262,7346.354799999999,13733.351999999999
19263,6115.357818181818,13740.67
19264,7181.256333333334,13776.01
19266,7018.305,13745.383333333333
19269,7500.494636363635,13762.338181818182
19270,7270.152181818182,13748.947272727273
19271,7615.687333333332,13764.188333333334
19272,6405.405,13763.4
19273,7670.322714285714,13776.288571428571
19274,6650.98525,13771.8875
19275,7755.764,13788.603333333333
19276,7962.158111111111,13770.887777777778
19277,6269.835666666666,13779.873333333331
19278,6477.9685714285715,13779.66
19279,6978.222769230769,13785.002307692308
19280,6928.215,13769.9775
19281,6090.107666666667,13792.406666666668
19282,7878.533142857143,13776.674285714285
19283,7315.253125,13793.46875
19284,6426.3045,13783.125
19285,6737.358666666667,13797.254444444443
19286,7047.84575,13826.83375
19287,7384.832142857143,13809.047142857144
19288,6355.607,13813.501999999999
19289,7828.323166666666,13826.673333333332
19291,6844.905636363636,13823.475454545456
19292,7892.581222222222,13841.757777777779
19294,7989.063,13830.556
19295,7557.2555999999995,13843.878
19296,6418.445625,13855.442500000001
19297,6022.9149230769235,13833.51846153846
19298,6700.929,13847.5825
19299,6284.085333333333,13838.19
19300,7603.263285714286,13851.497142857143
19301,7203.567749999999,13858.984166666667
19302,7260.176833333334,13874.4125
19303,6480.1215,13884.29375
19304,7748.344666666667,13879.809333333335
19305,7001.311461538461,13874.646923076923
19306,7663.526285714286,13865.467857142856
19307,6533.679857142857,13884.537142857142
19308,6295.44025,13877.795
19309,7509.21665,13887.7095
19310,6063.416777777778,13892.611111111111
19311,7408.433846153846,13881.416923076922
19312,6815.149375,13915.6975
19313,5977.6567000000005,13902.952
19314,7333.358166666666,13896.048888888889
19315,7896.358357142856,13918.302142857143
19317,6132.0036,13916.833999999999
19318,7447.5964,13945.8
19319,7480.311666666666,13953.676666666666
19320,7659.9411875,13948.863125
19321,6279.8240000000005,13932.755000000001
19322,6448.270444444444,13941.973333333333
19323,7012.6425,13934.94
19324,6516.8005,13952.56
19325,6215.4538,13942.336
19326,7339.356600000001,13957.045999999998
19327,7826.109777777778,13964.013333333332
19328,7930.136083333334,13967.223333333333
19329,6881.4572499999995,13968.4475
19330,7392.2567500000005,13953.145
19331,7030.3853,13974.832
19334,8943.9355,12009.135
19335,9220.97075,12005.21125
19336,9145.079,11997.843333333332
19340,9607.00075,12033.8425
19341,9312.584333333332,12037.236666666666
19343,9048.658888888887,12052.512222222222
19347,9863.337833333333,11984.475
19349,9457.50576923077,12051.26846153846
19350,9201.814600000002,12052.73
19351,9665.59225,12043.4975
19357,9329.852333333334,12072.716666666667
19358,9806.565875,12074.0225
19359,9956.180833333334,12057.3925
19362,9731.577066666669,12052.047333333332
19365,9179.025454545454,12110.661818181818
19368,9552.5155,12086.825
19375,9691.025714285714,12132.587142857143
19378,9896.815777777778,12117.433333333334
19384,9977.1429,12116.138
19386,9835.0065,12135.7425
19387,9064.2178,12120.51
19390,9620.892600000001,12144.566
19394,9422.79875,12133.8825
19399,9142.841,12168.963333333333
19402,9340.433157894737,12160.134210526316
19404,9487.654888888888,12149.599999999999
19411,9657.919249999999,12194.9825
19412,9759.721000000001,12184.1325
19416,9924.1975,12194.3525
19418,8983.135666666667,12188.92
19419,9713.217454545455,12215.049090909091
19422,9394.469125,12225.561249999999
19423,8398.342,12205.445
19425,9151.856,12221.67125
19427,9532.136083333333,12224.708333333334
19428,9837.603583333334,12235.050000000001
19430,9262.835285714285,12248.407142857144
19432,8907.798999999999,12234.805
19434,9606.664666666666,12257.451666666668
19436,9096.791285714286,12235.494285714287
19437,9324.01688888889,12241.33111111111
19438,9756.010624999999,12252.758749999999
19444,9672.627666666667,12260.666666666666
19449,9910.8041,12270.801
19452,9569.757272727273,12284.17090909091
19453,8766.7485,12291.835
19459,9454.25757142857,12291.294285714286
19460,9521.761785714287,12312.087142857143
19461,8190.3640000000005,12320.913333333332
19464,9928.458375,12323.50125
19465,9212.210642857144,12333.145714285714
19468,9660.59325,12341.7675
19469,9594.352666666666,12335.455555555556
19473,9716.350555555555,12383.384444444446
19475,9288.9529,12358.922
19476,9944.89075,12360.9325
19478,9486.783578947368,12371.541052631579
19486,8212.586333333333,12392.463333333333
19488,9797.050599999999,12392.408
19490,9228.73,12385.804
19491,9600.259363636364,12406.48
19496,9925.5815,12423.41
19497,9647.148,12443.264285714287
19502,9592.759733333334,12470.603333333333
19511,9711.68075,12524.425
19516,9770.365600000001,12532.742
19519,9010.846142857143,12535.087142857143
19520,9314.956,12547.386666666667
19523,9099.905,12533.15
19527,9452.0155,12574.7575
19536,9264.863666666666,12593.656666666668
19538,9868.690333333332,12615.226666666667
19539,10003.16325,12607.66
19540,9567.302285714288,12611.722857142857
19542,9518.8505,12628.395
19545,9230.859444444444,12638.254444444445
19547,9386.02,12639.189999999999
19556,9294.173,12647.983333333332
19562,9593.02325,12689.0725
19565,9642.723266666666,12689.590666666665
19566,9700.22388888889,12690.086666666666
19567,9122.868333333332,12724.183333333334
19569,9556.9145,12715.662
19572,9285.07,12743.01
19573,8621.813666666667,12737.913333333336
19575,9703.998833333333,12759.845000000001
19576,9200.596,12754.243333333332
19577,8277.082166666667,12781.914999999999
19579,9839.295214285714,12753.473571428573
19583,9524.433666666666,12786.799166666666
19584,9267.801,12787.189999999999
19589,9736.731,12838.003333333332
19590,8390.8305,12794.1375
19593,9650.06825,12817.5125
19594,9848.707285714287,12825.378571428571
19595,9012.492875,12814.14875
19596,9374.99,12829.529999999999
19603,8647.404888888888,12852.506666666666
19604,9539.2915,12851.427
19605,8712.5016,12860.936
19607,9908.001,12874.693333333335
19608,9345.757000000001,12860.279999999999
19609,9449.963666666667,12890.61
19610,9802.471111111112,12880.736666666668
19611,9211.736833333334,12887.821666666669
19613,8542.634222222223,12881.681111111111
19616,8449.1894,12909.295
19617,9018.244666666667,12880.643333333333
19618,9159.89711111111,12910.934444444445
19621,8147.88,12935.973333333333
19623,8713.5282,12955.316
19626,9577.738000000001,12952.7
19628,8335.1606875,12971.55125
19629,8400.328529411765,12959.64705882353
19630,9073.604,12957.915
19631,9175.0638,12981.345333333333
19632,8139.092000000001,13020.967499999999
19638,8583.787999999999,12999.433333333334
19639,9336.807499999999,13001.115
19641,8211.848666666667,13012.373333333331
19642,9965.181666666667,13023.015555555556
19644,9501.865333333333,13035.656666666668
19646,8592.00325,13069.066666666666
19648,9363.132,13065.757777777779
19650,8250.306857142858,13075.1
19651,8482.597875,13075.230416666667
19652,9186.859,13066.63
19653,9657.026833333333,13088.08
19654,9429.755714285715,13063.087142857143
19656,9246.498222222222,13094.096666666666
19659,8317.8431875,13100.801875
19660,9366.793833333333,13142.761666666667
19661,9565.960333333334,13118.896666666667
19662,8193.445666666667,13126.613333333333
19663,9428.783,13128.505000000001
19667,8294.396,13160.79142857143
19668,8496.508666666667,13164.843333333332
19669,9220.519333333334,13151.392222222223
19673,8223.210000000001,13171.704285714284
19674,8371.3835,13182.189285714285
19676,9296.274076923077,13192.370769230769
19677,9403.078599999999,13210.87
19678,9340.359444444444,13207.851111111111
19680,9712.925333333333,13201.946666666665
19681,8014.2185,13238.64
19683,8688.6445,13226.6025
19685,8050.3365,13246.86
19686,9551.387875,13245.71125
19688,9447.733833333334,13258.141666666668
19689,9277.4785,13278.746428571429
19691,8396.50305,13267.623499999998
19694,9590.573222222221,13296.013333333332
19695,9462.7305,13324.43
19696,8162.595,13288.2925
19697,9665.915555555555,13335.926666666666
19698,9385.673166666667,13315.621666666666
19699,9908.050000000001,13312.39
19701,9837.407166666666,13322.973333333333
19702,8061.82125,13325.705
19704,8660.271,13350.095
19705,9526.9242,13370.288
19706,9288.103428571429,13350.517142857143
19708,8333.701625,13330.43375
19709,8257.42742857143,13339.345714285713
19710,9191.675,13369.2
19711,9392.721,13377.880000000001
19712,8118.879999999999,13364.949411764706
19714,9895.194,13386.1
19715,8380.9617,13369.427
19716,8433.15525,13370.17375
19718,9481.2905,13369.71
19719,8475.37490909091,13375.375454545456
19720,8551.5285,13386.127499999999
19721,8186.886199999999,13384.034
19722,8248.749800000001,13391.895999999999
19723,9594.3338,13394.556
19724,8366.2645,13428.78875
19726,9806.1505,13405.42
19727,8123.468846153846,13439.826153846154
19728,8024.376076923077,13405.460000000001
19730,9647.002285714287,13421.455714285714
19732,8211.681416666666,13437.061666666666
19733,8327.011199999999,13440.073999999999
19734,8597.440571428571,13421.77
19735,8421.4632,13447.723999999998
19736,8471.5612,13430.007999999998
19738,9764.202666666666,13440.926666666666
19739,8767.262454545455,13450.38
19740,8210.948,13471.55
19741,9457.94475,13475.38
19742,9715.873428571429,13472.36
19743,8017.9246,13486.534
19744,9196.989333333333,13444.5
19745,8624.354000000001,13478.688
19746,8377.423416666667,13487.658333333333
19747,9388.736142857144,13484.051428571429
19748,9569.5586,13477.698
19749,8539.621076923078,13483.472307692307
19751,8106.776555555556,13480.611111111111
19752,8168.050444444444,13497.487777777778
19754,9814.175888888889,13502.353333333333
19755,8279.907636363636,13501.376363636366
19756,9103.756888888889,13502.75888888889
19757,9696.820571428572,13506.862857142858
19758,8445.042333333333,13495.473333333333
19760,9771.508,13502.55
19761,9014.867083333333,13516.646666666667
19762,9647.5518,13509.973999999998
19763,8849.228875,13500.5375
19766,9316.268875,13531.65
19768,9904.276428571427,13539.671428571428
19769,9844.802333333333,13511.713333333333
19771,8535.986571428572,13555.907142857144
19772,9577.237666666668,13549.946666666665
19773,8247.514000000001,13542.4975
19774,8592.673769230769,13551.090769230768
19775,8406.9516,13549.282000000001
19777,9081.350428571428,13553.325714285715
19782,9724.715857142857,13560.199999999999
19783,8478.417166666666,13583.71
19784,8126.6563750000005,13561.0875
19787,8496.716,13585.315
19788,9334.985999999999,13578.513333333334
19789,8209.135666666667,13614.286666666667
19790,9447.3295,13590.065
19792,8161.110222222222,13592.664444444445
19793,9816.121000000001,13605.1075
19795,8707.6,13584.300000000001
19796,8762.325666666666,13578.623333333335
19800,8369.960000000001,13608.353333333333
19801,9751.7207,13612.135999999999
19802,8914.198,13614.75
19803,9663.4686,13620.991
19806,8025.736066666666,13551.173333333334
19807,8563.860166666667,13622.153333333334
19808,8429.4328,13624.491999999998
19809,9300.2438,13634.967999999999
19811,8830.85775,13648.585
19813,8106.323916666667,13647.530833333332
19815,9779.622833333333,13664.521666666667
19816,9474.6435,13664.3125
19817,8348.069,13643.935000000001
19818,8980.557400000002,13658.836
19819,9854.6037,13646.597
19820,8255.882285714286,13674.827142857144
19825,8617.461,13649.797142857144
19827,8028.4645,13628.61
19828,9315.5426,13721.673999999999
19830,9141.3648,13674.888
19831,9223.23525,13676.4025
19834,8192.3763,13690.249
19836,8068.302000000001,13690.358571428573
19837,9497.805833333334,13699.865
19838,9065.129583333333,13696.0725
19839,9964.413384615385,13706.398461538462
19840,8316.685333333333,13712.683333333334
19843,9722.62309090909,13694.607272727271
19844,9819.468705882353,13712.61588235294
19845,9903.576833333333,13739.663333333332
19846,8503.505052631579,13692.826842105263
19847,8645.2394,13735.124
19848,9648.385625,13724.725
19849,8879.801333333335,13716.706666666667
19853,9543.62625,13772.7925
19854,8800.191666666668,13741.896666666667
19855,8249.8385,13727.92875
19856,9770.7644,13746.496
19858,9024.044888888888,13740.75
19859,8290.6962,13753.826000000001
19860,8851.5124,13738.844000000001
19861,8725.609,13734.5325
19862,9851.171428571428,13766.057142857142
19863,8435.95625,13784.76375
19865,8112.261454545455,13746.138181818182
19866,8014.794384615385,13713.803846153847
19868,8619.630333333333,13803.186666666666
19869,9682.7245,13757.016666666668
19870,8216.266166666666,13792.475
19871,8691.7296,13778.938
19872,8351.7884,13780.84
19873,9492.56425,13790.131249999999
19874,9426.998142857143,13798.168571428572
19875,8557.5845,13790.82
19876,9613.3345,13803.844375
19877,8966.7748,13798.735999999999
19878,9169.220599999999,13807.11
19879,9790.062090909092,13805.51909090909
19880,8523.865099999999,13814.331
19881,9694.467,13834.855
19882,9373.295333333333,13828.366666666667
19883,8755.7165,13830.663333333332
19885,8659.1435,13856.127499999999
19886,9126.445,13844.12
19888,8579.690714285714,13853.781428571428
19889,8400.694181818182,13858.134545454546
19890,8189.7002999999995,13859.261999999999
19891,9781.61375,13855.9875
19893,8982.769666666667,13875.636666666667
19894,9276.36225,13871.77
19895,8875.687399999999,13875.662
19896,9418.502428571428,13870.265714285715
19897,8129.2880000000005,13891.607999999998
19898,9197.2168,13890.434
19899,9064.589923076923,13889.41076923077
19900,8348.783800000001,13905.569
19901,9535.75188888889,13901.404444444444
19904,9887.527894736842,13908.024736842106
19905,8069.933142857143,13911.459285714285
19906,8485.645461538461,13921.303076923077
19907,8821.2705,13944.094000000001
19908,9795.569,13925.634210526316
19909,8397.587428571429,13951.404285714287
19910,7983.5313750000005,13909.791875
19911,9438.875222222223,13953.67888888889
19912,9552.258230769232,13946.295384615385
19913,8673.6479,13943.346
19914,8350.710166666666,13961.243333333332
19915,8032.559625,13974.575
19916,8977.94642857143,13967.227142857142
19917,8563.9846,13946.884
19919,9137.267,13966.0025
19920,9948.288470588235,13971.07705882353
19921,8330.1055,13978.91
19923,8102.274571428571,13975.646428571428
19924,10611.8725,11984.274375
19926,11741.667777777777,11995.771111111111
19927,10731.138333333334,12006.138333333334
19928,11448.599375,11988.033125
19929,10084.93,12003.684000000001
19930,10963.215,12014.655999999999
19931,10813.502727272727,11994.19090909091
19932,10280.063,12018.191
19933,11240.785,12032.14125
19934,10360.016666666666,12026.573333333334
19935,11116.223157894736,12031.09105263158
19936,10655.649166666668,12034.230000000001
19937,10452.229285714286,11999.860714285713
19938,11652.003333333334,11992.94
19939,10867.347692307692,12048.248461538462
19940,10585.75,12043.588333333333
19941,11824.7225,11987.307499999999
19942,11580.858333333332,12041.99
19943,10263.075,12059.185
19944,11284.856666666667,12040.99
19945,11350.425000000001,12063.600416666666
19946,10540.502857142857,12059.165714285715
19948,10915.036363636364,12088.846363636363
19949,11653.4775,12093.8325
19950,10206.76,12057.526
19951,11718.623846153845,12066.037692307691
19952,10789.327500000001,12065.842499999999
19953,10981.689,12088.841
19954,10361.954000000002,12072.064
19955,11436.278125,12068.7
19956,10627.441,12083.663
19957,10105.57111111111,12073.631111111112
19958,11055.73,12075.402
19959,11254.33,12076.051666666666
19960,10492.795555555556,12063.493333333334
19961,10730.6425,12083.61
19963,10159.0125,12087.125
19964,11577.036923076921,12125.044615384615
19965,10250.5,12098.434444444445
19966,10688.795714285714,12092.25
19967,11506.971,12107.518
19968,11387.917500000001,12122.259166666669
19969,10611.858,12135.776
19970,11111.437692307692,12101.833846153846
19971,10046.145882352941,12101.253529411764
19972,10208.253333333334,12137.265833333333
19973,10523.18125,12131.145
19975,11205.66,12094.512307692308
19976,11886.519999999999,12122.753333333334
19977,10431.267142857143,12094.327142857142
19978,11155.948333333334,12149.878333333334
19979,10371.685714285715,12143.33857142857
19980,10814.467142857144,12124.341428571428
19981,10147.724285714285,12143.874285714284
19982,10265.942500000001,12154.61
19983,10701.5125,12151.7575
19984,11675.208461538461,12145.258461538462
19985,10024.913333333334,12146.324999999999
19986,11247.4025,12126.905
19987,10317.16,12118.2575
19988,11938.221666666666,12157.705
19989,11298.776,12134.392
19990,11470.42,12157.568000000001
19991,10759.1675,12162.305
19992,11774.265,12151.836666666668
19993,11061.324545454547,12162.322727272725
19995,10423.736,12160.564
19996,10508.0625,12175.284166666666
19997,10854.384285714286,12160.422857142858
19998,10969.996,12183.805
20001,11837.364444444444,12185.992222222223
20002,11272.477333333334,12185.296
20003,10917.276666666667,12191.855000000001
20004,10119.825555555555,12200.191111111111
20005,10604.795555555556,12199.773333333333
20006,10289.144285714287,12192.794285714286
20007,10367.266,12197.122
20008,10804.291333333333,12200.114
20009,11720.904285714287,12202.32142857143
20010,11067.905,12216.23
20012,11178.422727272728,12225.262727272728
20013,11928.686666666666,12229.300000000001
20014,11447.072222222221,12216.913333333334
20015,11113.664999999999,12237.5425
20016,11747.82125,12241.2025
20017,11506.361111111111,12237.406666666668
20018,10916.076666666668,12246.737777777778
20019,10803.0625,12269.503333333334
20020,11675.075,12270.82
20021,10098.776249999999,12259.05
20022,10560.733,12260.514
20024,11618.866666666667,12244.903333333334
20026,11832.225714285714,12273.194285714286
20027,10231.09,12246.83846153846
20028,11558.495882352941,12264.13
20029,10163.288,12283.742
20030,11929.918333333333,12288.735
20031,10977.583333333334,12277.778333333334
20032,11107.66,12293.705555555556
20033,10324.5525,12294.3925
20034,11028.846666666666,12292.013333333332
20035,10250.634166666667,12295.784166666666
20036,10698.514,12316.005000000001
20037,11731.931818181818,12304.947272727271
20038,11478.4205,12311.969000000001
20039,11372.157647058822,12311.430588235295
20041,11279.738461538462,12302.823846153846
20042,10932.336363636363,12310.620909090909
20043,10646.0425,12312.48375
20044,10854.787272727273,12315.691818181816
20045,11115.367142857143,12345.50857142857
20047,10198.14,12346.4775
20048,10029.082684210525,12317.495789473685
20049,11856.052666666666,12349.527999999998
20050,10146.702222222222,12364.764444444445
20051,10323.17090909091,12350.726363636362
20052,10974.02,12365.98
20054,11529.093571428572,12363.590714285716
20055,11764.50625,12358.29375
20056,11181.54142857143,12343.254285714285
20057,11310.568,12375.95
20058,11698.323636363637,12356.373636363634
20059,10867.242,12367.486
20061,10604.296666666667,12372.858333333332
20062,11627.164285714285,12369.325714285715
20063,11946.197777777777,12380.28888888889
20064,11037.38875,12374.385
20065,10913.680833333334,12392.306666666665
20066,10347.4875,12383.775
20067,11365.4725,12380.085
20068,10516.186666666666,12396.697777777777
20069,11685.388571428572,12399.64
20070,11865.130454545455,12408.436363636363
20071,11195.871666666666,12409.651666666667
20073,11765.565555555555,12416.583333333334
20074,10225.378181818181,12399.164545454545
20075,11117.873333333331,12406.710000000001
20077,10816.483636363637,12391.890000000001
20078,10086.64,12403.17
20079,10283.510833333334,12407.387499999999
20080,10398.27,12411.857
20083,10033.3125,12414.77375
20084,11000.210000000001,12416.485
20085,10632.555454545454,12422.698181818181
20086,11573.348,12418.784
20087,10338.730000000001,12425.695
20088,11612.508,12416.926
20089,10831.284,12452.216
20090,10195.8875,12436.3525
20091,10765.696666666667,12425.570833333333
20093,11488.8525,12437.238333333335
20094,11958.855,12442.515
20096,10141.542,12438.321
20097,10903.877777777778,12445.856666666667
20098,11151.196,12455.138
20099,11272.6,12445.61
20100,11707.61625,12476.9225
20101,10459.860909090909,12456.52909090909
20102,11225.897142857142,12474.872857142856
20104,10263.879,12481.605
20105,11019.84,12473.009999999998
20107,11857.471000000001,12479.161
20108,11405.159411764706,12489.744117647058
20109,11523.936363636363,12489.978181818182
20110,10585.005714285713,12520.417142857143
20111,10374.91,12495.265
20112,10519.172222222223,12499.128333333334
20113,11184.225999999999,12497.310000000001
20114,10753.992,12493.804
20115,10830.048333333334,12505.615833333335
20116,11555.445,12514.135
20117,10099.494999999999,12489.3
20118,10905.865714285714,12513.705
20119,11891.723333333333,12511.031666666668
20120,10449.47153846154,12514.93
20121,10663.975,12502.38
20122,11484.6,12517.720000000001
20123,11785.655999999999,12501.942
20124,11643.845000000001,12528.611666666666
20125,11253.49857142857,12520.452857142856
20127,11333.463333333333,12517.873333333331
20128,10010.280666666667,12492.546666666667
20129,10713.195,12525.99
20130,11976.135555555556,12529.353333333333
20131,10067.434444444445,12523.117777777778
20132,11746.754,12532.973
20133,11082.4725,12545.4975
20134,10762.522857142858,12557.304285714286
20135,10965.8625,12540.2825
20138,10181.881428571429,12544.184285714287
20139,11625.066,12561.034
20140,11460.086,12568.678
20141,11833.03,12578.76
20142,11929.057142857142,12561.934285714287
20143,11696.472857142857,12569.012857142856
20144,10900.42,12579.688
20145,10723.761428571428,12593.823571428571
20146,11766.502857142857,12586.996428571429
20147,11250.767142857143,12582.11
20148,11516.8025,12581.828333333333
20149,10377.452000000001,12583.081
20150,10671.84090909091,12576.983636363637
20152,10524.693333333335,12573.825555555555
20153,11038.114736842104,12594.105789473684
20154,11150.632222222222,12592.263333333332
20156,10289.960000000001,12589.22
20159,11937.449,12614.4
20160,11478.311428571427,12634.047142857144
20161,10686.419,12631.958999999999
20162,10805.321,12637.269
20163,11515.7875,12637.5975
20164,11678.848571428573,12636.917142857143
20165,11738.813333333334,12639.854444444445
20166,10590.216666666667,12614.131111111112
20167,10877.553636363637,12640.589090909092
20168,10975.622857142856,12639.985
20169,10243.476666666667,12657.696666666665
20171,11888.065882352941,12661.646470588235
20172,11088.426666666666,12641.215555555556
20173,10510.292,12651.27
20174,11006.996666666666,12668.480000000001
20175,11179.097692307692,12655.114615384615
20176,11360.80642857143,12646.025714285714
20177,11574.96875,12663.75625
20178,10564.05625,12662.3625
20180,10390.588333333333,12648.416666666666
20183,11818.636666666667,12674.243333333332
20185,11294.29,12678.795
20186,11062.313333333334,12684.38
20187,10453.095833333333,12663.095000000001
20189,11685.751818181818,12692.18
20190,11758.494444444445,12697.173333333332
20192,11173.570000000002,12708.542857142858
20193,11395.719166666668,12720.315
20194,11117.5725,12703.86
20196,11534.784545454546,12733.818181818182
20197,10623.555,12727.029999999999
20198,11055.74,12725.223999999998
20200,10292.414,12714.558
20202,10974.709333333334,12708.584
20204,11857.771111111111,12743.002222222223
20205,10352.33,12742.470714285713
20206,10713.2125,12716.31
20207,11934.609565217392,12738.338695652174
20208,11372.226,12759.292
20209,11143.835,12751.5725
20210,10916.7825,12724.8275
20211,10386.669230769232,12746.505384615386
20212,10775.958,12756.8
20213,10538.904545454545,12740.69
20214,11072.65,12767.116666666667
20215,11446.949166666667,12748.336666666668
20216,11621.208333333334,12749.512499999999
20217,10491.611818181818,12761.784545454546
20218,10253.146666666667,12747.64
20220,11681.548333333334,12752.245833333334
20221,10864.363846153847,12758.516153846153
20222,10647.4425,12776.375833333334
20223,11793.04294117647,12780.756470588234
20225,11005.806,12789.932
20226,11259.313,12767.804
20227,11712.619999999999,12810.205714285714
20228,11074.35,12797.1775
20230,11159.531666666668,12797.631666666666
20231,10557.523,12813.5515
20232,10937.558461538461,12811.966923076923
20233,10822.873333333333,12814.578333333333
20234,11547.872666666666,12834.372
20235,10038.9,12829.815
20236,9962.917,12799.380000000001
20237,10994.87,12841.1
20239,10180.27,12811.865
20240,11624.855714285715,12840.112857142858
20241,10713.466,12829.399000000001
20242,11172.016666666666,12851.08
20243,10101.3975,12853.3375
20244,10687.952,12896.939999999999
20245,10546.125,12874.75
20246,10611.792222222222,12871.08
20247,10654.684285714287,12879.460000000001
20248,10807.496923076922,12877.316923076924
20250,10744.686363636363,12904.768181818183
20251,11113.732857142857,12865.765714285715
20252,11341.595714285713,12881.39857142857
20253,10254.435,12890.160000000002
20254,11790.674444444443,12880.996666666666
20255,11032.576666666666,12910.0
20256,10145.735,12912.681666666665
20257,11912.576923076924,12889.282307692307
20260,11517.715625,12939.969375
20262,11953.6425,12935.0175
20265,11129.67375,12929.79125
20266,11070.36,12943.261428571428
20267,10192.675714285713,12955.514285714287
20268,11619.237222222222,12943.139444444445
20269,11862.363846153847,12953.32923076923
20270,10845.83,12936.42
20271,11378.982222222221,12950.437777777777
20273,10351.767142857143,12960.250714285716
20275,11442.344444444445,12982.657777777778
20276,11023.2925,13006.6425
20278,10804.915,12995.86
20279,11575.12,12994.102222222222
20280,11759.322727272727,12976.846363636363
20281,10880.957333333332,13013.597333333333
20282,11673.674285714285,12986.025714285714
20283,10965.822222222221,13004.712222222222
20285,11310.6975,13006.3475
20286,10380.307692307691,13021.729230769231
20287,10036.991666666667,13025.108333333332
20288,10617.617777777778,13025.046666666667
20289,11730.148333333333,13035.053333333331
20290,11142.676,13063.0
20291,11187.279166666667,13061.478333333333
20292,11917.67,13044.1
20293,10674.551578947368,13059.196315789473
20294,11411.360833333334,13074.611666666666
20295,10585.294444444446,13065.400000000001
20296,10060.517142857143,13072.74
20297,10976.8025,13064.3875
20298,10490.269999999999,13069.038333333332
20299,10192.277333333333,13088.199333333332
20300,10246.953636363636,13076.831818181818
20301,11253.766,13095.266
20302,10781.511428571428,13080.754285714285
20303,11662.0025,13080.402499999998
20305,11871.751666666665,13107.098333333333
20306,10338.42076923077,13103.150000000001
20307,10434.996666666666,13090.51
20308,11480.145263157896,13113.768421052631
20309,10274.39,13120.82
20310,11202.216666666667,13129.013333333334
20311,11821.215555555556,13115.238888888889
20313,11245.454285714284,13145.932857142858
20314,11658.975,13146.412499999999
20316,10703.205555555556,13134.782222222222
20318,10646.376153846153,13185.067692307694
20319,11117.112,13142.460000000001
20320,11411.6575,13155.977499999999
20321,11847.262666666667,13173.068
20322,10500.634444444446,13147.593333333332
20323,10742.2875,13163.51625
20325,10391.634444444446,13156.407777777778
20326,10968.15818181818,13177.4
20327,10426.6775,13200.28
20328,10802.202857142856,13206.652857142859
20329,11732.446666666665,13201.4825
20330,11445.794,13218.106
20331,11160.543333333333,13208.516666666668
20332,11268.918333333335,13199.199999999999
20333,11338.029999999999,13203.036666666667
20334,9988.617999999999,13210.908000000001
20335,11380.408333333333,13223.784999999998
20336,10064.275555555556,13216.08888888889
20337,11697.635714285714,13228.172857142856
20338,11518.769199999999,13232.0636
20339,11932.118571428571,13221.392857142857
20340,11015.099166666667,13237.722500000002
20341,10745.19125,13240.98
20342,11803.19642857143,13239.253571428571
20343,11252.3775,13258.74375
20344,11647.219000000001,13276.914999999999
20345,11734.643333333333,13265.005
20346,10885.096666666668,13272.006666666666
20347,10257.776666666667,13279.949999999999
20348,10831.21125,13269.14875
20349,11866.884666666667,13273.767333333333
20350,10329.193333333335,13283.403333333334
20351,11197.952857142856,13288.885714285714
20352,11472.018571428573,13278.131428571429
20353,11709.77,13288.74
20354,10945.585,13276.0
20355,11781.9175,13322.66375
20356,11112.995454545455,13272.40909090909
20357,10491.986666666666,13304.69
20358,11003.602222222222,13291.775555555556
20361,11838.915,13319.545
20362,10094.906666666668,13315.823333333334
20363,10372.704285714284,13318.901428571427
20364,11554.62,13312.003636363637
20365,10613.7825,13334.54125
20366,10188.316,13349.498000000001
20367,11920.454666666667,13320.842
20368,11146.466666666667,13318.723333333333
20370,11243.083999999999,13331.560000000001
20371,10037.039999999999,13360.814285714285
20373,10396.61,13375.2
20375,10292.004,13375.554
20376,10551.662999999999,13363.681
20377,11634.830714285714,13359.167857142858
20378,11832.6,13371.351428571428
20379,11932.600555555555,13399.122777777777
20380,10491.098461538462,13386.058461538461
20381,11758.06,13365.9875
20382,11315.036666666667,13401.0
20383,10699.7875,13430.34
20384,10900.688571428573,13406.544285714286
20385,11827.267,13423.407000000001
20387,10416.803333333335,13416.333333333334
20389,10247.358461538463,13452.460000000001
20391,10888.44,13443.398333333333
20392,11865.61,13457.542222222222
20394,11327.292857142858,13451.56857142857
20395,11440.945,13455.293333333333
20396,11147.518,13463.795999999998
20397,11470.36,13462.83125
20398,11019.598571428573,13457.11
20400,10624.7025,13455.4625
20401,10828.79,13475.80125
20402,10946.755384615386,13485.925384615384
20403,10458.92375,13454.205
20407,10578.227499999999,13471.3175
20408,11249.588181818182,13484.57090909091
20409,11402.40375,13484.74375
20410,10151.420999999998,13459.578
20412,10668.457142857142,13493.289285714285
20413,11534.171428571428,13501.765714285715
20414,10083.005000000001,13482.175
20415,11099.601428571428,13501.082857142857
20416,11607.82,13510.66375
20417,10407.94,13502.815
20420,11366.792,13524.807999999999
20421,11457.626666666665,13510.053333333335
20422,10279.257142857143,13512.869999999999
20424,10545.958666666667,13526.700666666668
20425,11667.412,13518.910999999998
20426,11829.645,13530.16
20427,11922.415,13520.65
20428,10762.199166666667,13503.818333333335
20429,10470.074285714287,13532.025714285714
20433,10147.17,13550.699999999999
20434,11187.401249999999,13514.9725
20435,10316.994,13552.723999999998
20436,10967.01,13530.204285714284
20437,10826.565454545454,13542.514545454545
20438,11263.88125,13565.08125
20439,11755.814166666665,13558.705833333333
20440,10897.497,13527.84
20441,11564.463333333333,13571.271111111111
20442,11340.836666666668,13580.785000000002
20443,11708.063750000001,13574.475
20444,10075.769999999999,13569.58
20445,10697.98,13567.121538461537
20446,11487.068888888889,13575.396666666667
20447,11853.238000000001,13574.98
20448,10766.261999999999,13569.823999999999
20449,10208.006666666666,13573.46
20450,10594.102307692307,13580.627692307693
20451,10882.905999999999,13587.073999999999
20452,11420.020714285714,13569.972142857141
20453,11171.07,13580.3125
20455,11030.385,13597.39
20456,10505.659230769232,13605.423076923076
20457,11231.286666666667,13607.693333333335
20458,11655.436470588234,13599.220588235294
20459,11912.845000000001,13610.4275
20460,11057.106666666667,13574.803333333335
20461,10976.24142857143,13602.948571428571
20463,10267.875,13594.55375
20464,10404.816666666668,13593.646666666667
20465,10810.586666666666,13616.694444444445
20466,11108.545454545454,13578.560909090907
20469,11814.307142857142,13628.045714285716
20470,10681.07,13626.343333333332
20471,9998.203125,13570.055
20472,11976.310000000001,13579.095000000001
20473,11537.047142857144,13629.145714285714
20474,11420.567142857142,13627.967142857144
20475,10602.37,13614.165
20476,10839.614285714286,13644.466428571428
20477,11158.9,13659.35
20478,10950.174444444445,13629.33
20479,11301.116,13640.367999999999
20480,10268.619090909091,13664.05
20481,10750.873333333333,13645.726666666667
20482,11246.39,13631.274
20483,11093.591428571428,13638.756428571429
20485,11937.781666666668,13653.628333333334
20486,11585.226363636364,13662.382727272727
20487,10040.013333333334,13653.25
20488,10126.511333333334,13666.021999999999
20489,11478.486666666666,13653.074999999999
20490,11731.790666666666,13658.269333333334
20491,10687.788,13663.02
20492,11881.58,13656.896923076923
20494,11015.508333333333,13666.974166666667
20495,11354.006666666668,13666.1
20496,10911.224545454546,13667.313636363637
20498,10558.065384615385,13682.318461538463
20499,11412.685714285715,13706.029999999999
20500,11062.958461538461,13695.333076923076
20502,11812.185000000001,13682.455
20503,11240.655999999999,13677.082
20504,11496.542,13745.562
20505,10206.21375,13695.12125
20506,10474.7825,13709.43
20507,10674.562857142857,13705.541428571427
20508,10629.664444444445,13719.792222222222
20509,11676.5825,13706.5175
20510,10087.241250000001,13714.221249999999
20511,11138.360909090909,13729.979090909093
20512,11897.970000000001,13718.891428571427
20513,10909.812727272727,13715.685454545455
20514,10404.24,13715.662
20515,10992.631666666668,13712.111666666666
20516,10767.222,13717.044
20517,11339.58,13735.169411764706
20518,10013.869999999999,13669.2
20519,11577.01625,13736.844375
20520,11216.213333333333,13737.642222222223
20521,11723.378260869566,13758.579130434782
20522,10334.153333333334,13724.986666666668
20523,10818.33,13758.22909090909
20524,10123.443333333335,13757.146666666667
20525,11831.768,13740.838
20526,10161.123333333335,13744.17
20527,11040.410952380953,13761.265714285715
20528,10233.698571428571,13757.130000000001
20529,11887.25,13789.29
20530,10287.28125,13774.1725
20531,11293.837777777779,13777.644444444444
20532,10564.396666666666,13783.620833333334
20533,10688.435454545455,13791.45909090909
20534,10969.838333333333,13775.79
20535,10879.054285714286,13773.184285714286
20536,10439.71,13796.508333333333
20537,10352.211428571429,13789.074285714287
20538,11792.497142857143,13778.264285714287
20539,10138.039999999999,13819.86294117647
20540,11221.926000000001,13807.76
20541,10867.876666666667,13834.712222222222
20542,11090.534285714286,13809.167142857143
20543,10952.92857142857,13821.48
20544,10205.87294117647,13815.034705882354
20545,10496.988333333333,13823.206666666667
20546,11021.995454545455,13834.854545454546
20547,11644.454285714284,13815.440714285714
20548,10418.473333333333,13848.237777777778
20549,11187.0375,13850.736666666666
20550,10251.960000000001,13832.66142857143
20551,11296.631333333333,13851.136666666665
20552,11788.877857142857,13865.065714285713
20553,11126.01818181818,13864.717272727274
20554,10981.375,13869.70625
20555,11038.845454545455,13882.918181818182
20556,10792.267142857143,13879.815714285713
20557,11462.554166666667,13883.574166666667
20558,10354.18142857143,13877.414999999999
20559,11620.74,13886.111538461539
20560,10030.10009090909,13884.199545454547
20561,11239.228,13917.61
20562,11879.506363636363,13901.353636363638
20563,10745.073999999999,13911.679999999998
20564,11147.469090909091,13905.063636363637
20565,11377.393636363637,13906.910909090908
20566,10921.395263157896,13906.94157894737
20567,10270.268888888888,13913.386666666665
20568,11003.988333333333,13937.134166666665
20569,10426.043333333333,13900.400000000001
20570,11322.770666666667,13942.964
20571,10841.300000000001,13934.179166666667
20572,10322.378888888888,13955.54111111111
20573,10611.189565217392,13931.110869565216
20574,10086.473,13944.813
20575,11532.938636363637,13951.344545454545
20576,10720.616,13949.001999999999
20577,10782.393333333333,13977.025555555556
20578,11723.234583333333,13974.085416666667
20579,11601.908461538462,13983.182307692306
20580,11995.53,12009.383749999999
20581,12396.898571428572,11988.14
20582,13267.06,12024.503333333334
20583,12251.4925,11987.2875
20584,12502.787777777778,11991.252222222223
20585,13946.976999999999,11998.648
20587,13426.275,12016.163333333332
20588,13715.060000000001,12033.956
20590,13906.216153846153,12050.08
20591,12309.992307692308,12042.651538461538
20592,12442.536666666667,12036.086666666668
20593,12619.657857142856,12029.875714285716
20594,13335.826666666666,12033.156666666668
20595,12821.556666666665,12024.923333333332
20597,13807.087777777777,12051.437777777777
20598,12384.0525,12040.27625
20600,12181.22909090909,12015.695454545454
20601,13470.623333333331,12045.526666666667
20603,12506.748000000001,12068.326000000001
20604,13246.83,12076.12
20609,12253.185,12097.843333333332
20610,12339.897777777778,12101.786666666667
20611,12579.724166666667,12093.0075
20612,13398.228,12091.155999999999
20613,12669.871176470588,12091.805294117647
20617,13836.175,12116.625
20618,13294.43375,12127.16625
20619,13717.174444444445,12108.586666666666
20620,12512.998571428572,12122.117142857142
20621,13965.496666666666,12146.343333333332
20622,12143.206666666667,12144.94
20623,13489.276666666667,12146.144999999999
20624,12433.77,12113.972727272729
20627,13350.687692307692,12146.606153846154
20628,12697.681666666665,12145.88
20629,12352.4,12154.9375
20632,13876.375,12162.57875
20633,12588.014210526315,12166.266315789473
20634,13536.495,12169.990000000002
20642,12376.845000000001,12207.34
20643,13694.529999999999,12192.744999999999
20644,13202.25,12189.521666666667
20645,13450.73090909091,12191.762727272728
20646,13315.368888888888,12189.893333333333
20647,12677.32,12210.55
20652,13941.936000000002,12217.328
20653,12611.818,12249.016
20654,12286.856666666667,12235.373333333335
20655,13533.872,12240.119999999999
20656,13415.028,12235.798
20657,13657.375,12234.835
20658,13382.002499999999,12231.74
20660,13274.539999999999,12265.948
20661,13315.592142857144,12275.416428571427
20662,13886.635,12238.689999999999
20663,12499.122,12277.328
20664,13950.699999999999,12273.68
20665,13397.5975,12267.53125
20666,13187.685000000001,12248.41
20669,12034.0325,12266.657500000001
20670,12728.9,12270.796666666667
20671,12313.216666666667,12294.303333333335
20673,12422.77875,12284.20125
20675,13506.71,12306.123333333331
20676,12244.725625000001,12292.143125
20677,12174.735,12302.91
20678,13893.99142857143,12311.91
20681,12077.05,12323.004444444445
20682,12728.85,12319.808571428572
20683,12676.7275,12318.088749999999
20684,13217.446153846153,12328.821538461538
20685,13355.865,12328.9775
20686,13868.429999999998,12343.497142857143
20687,12602.044285714286,12324.235714285713
20688,13439.378181818181,12336.685454545455
20689,13955.176666666666,12351.013333333334
20690,12540.54111111111,12324.393333333333
20691,12476.613333333333,12342.768333333333
20692,13136.710000000001,12350.552857142857
20693,12005.610909090909,12359.422727272728
20695,13488.678333333335,12358.019999999999
20696,12127.67,12363.376
20697,13796.421428571428,12357.279999999999
20698,13348.412222222221,12370.58
20699,12441.645,12379.2075
20700,12746.51,12391.072857142857
20701,13063.173999999999,12379.774000000001
20702,12563.648888888889,12399.87777777778
20703,12266.151428571427,12391.385
20704,13438.2175,12397.063750000001
20706,12626.16076923077,12394.80153846154
20708,12981.35625,12411.68375
20709,12811.803333333335,12410.029999999999
20710,13164.52,12407.445
20711,12137.90909090909,12425.074545454547
20712,13826.885555555556,12421.756666666666
20713,12685.615714285714,12417.685714285715
20714,13650.141666666668,12418.32
20715,13746.145,12413.4925
20716,12441.524000000001,12437.136
20717,13296.0925,12438.54
20718,13073.717777777776,12446.062777777777
20719,12532.035714285714,12446.96357142857
20721,12384.975,12429.74
20722,13154.422105263156,12476.105789473684
20723,13236.830000000002,12441.470000000001
20724,13566.435999999998,12464.206
20725,13491.224545454546,12437.210909090909
20726,12789.545999999998,12456.878
20727,12023.55,12467.45
20728,12337.765,12466.6625
20729,12229.107142857143,12476.068571428574
20730,13379.793333333333,12487.605555555556
20731,12927.405,12495.605
20732,13654.476666666667,12475.99
20733,13231.51,12502.455555555556
20735,12640.79125,12500.173125000001
20736,12303.25,12520.253333333334
20737,13888.355000000001,12485.617777777778
20738,12739.6125,12499.69375
20739,12858.86875,12533.8025
20740,13324.03,12520.608
20741,13500.1875,12527.924285714285
20742,12568.001666666665,12549.196666666665
20743,12360.7725,12543.345
20744,12807.617,12540.5455
20745,13906.362352941176,12552.135294117646
20746,12224.668181818182,12548.194545454548
20747,12049.637272727274,12545.630909090909
20748,12748.468333333332,12553.795
20749,12636.577142857144,12568.777142857143
20750,12971.266428571429,12558.592857142856
20751,13355.946363636363,12563.575454545453
20752,12394.691666666666,12575.248333333335
20753,13267.610384615384,12570.656538461539
20754,13970.811818181817,12574.469090909091
20756,13406.646470588235,12589.445294117648
20757,12123.900000000001,12588.713333333333
20758,13086.9225,12586.53875
20759,12264.710909090909,12611.389090909091
20760,12891.255000000001,12607.26
20762,12322.9675,12604.785
20763,13013.79882352941,12613.508823529412
20764,12587.213333333333,12619.761666666667
20765,11995.878461538463,12645.39346153846
20766,13295.667272727273,12614.080909090908
20767,13453.339999999998,12604.519999999999
20768,12747.871428571429,12627.835714285713
20769,13948.898333333333,12627.668333333333
20770,12190.725454545456,12657.469090909091
20771,13254.913636363635,12651.137272727274
20772,12497.244,12644.833999999999
20773,13419.926315789475,12657.713684210526
20774,12591.38,12678.166666666666
20775,12402.66857142857,12645.256428571429
20776,12798.098,12654.828
20777,12665.220000000001,12664.646153846154
20778,13339.301428571429,12673.314285714285
20779,13794.8725,12687.283333333333
20780,12073.361428571428,12681.413571428571
20781,12865.343636363636,12685.673636363637
20782,12922.916666666666,12700.24
20783,13291.235,12712.145
20784,12391.967777777776,12709.65111111111
20785,12487.549999999997,12719.71
20786,13216.676499999998,12711.332
20787,12438.048461538461,12733.289230769231
20788,12817.599375,12729.964375
20789,13265.3,12746.448
20790,13087.8775,12746.583125000001
20791,12361.872500000001,12746.875
20792,13667.911666666667,12729.128333333334
20793,13314.593333333332,12765.563333333334
20794,13178.626470588235,12760.422352941176
20795,12087.20388888889,12752.824444444444
20796,12534.39,12729.71
20797,12277.548260869564,12757.84652173913
20798,12830.283333333333,12798.586666666668
20799,12362.236,12792.562
20801,13003.367142857143,12796.58142857143
20802,12742.583,12796.42
20803,13708.289230769231,12799.796153846155
20804,12945.056666666665,12797.015555555556
20805,12143.153333333332,12802.695333333333
20806,13953.746000000001,12816.187333333333
20807,13773.037857142857,12822.300714285713
20808,12005.864666666666,12818.103666666666
20809,12216.862631578948,12849.908421052633
20810,13152.601,12832.936
20812,12309.297894736843,12839.73052631579
20813,12731.124166666666,12874.4825
20814,12380.644545454545,12867.339090909092
20815,13689.996666666666,12864.796666666667
20816,13747.584285714285,12872.631428571429
20817,13915.685999999998,12873.935000000001
20818,12117.073333333334,12875.541666666666
20819,12631.25857142857,12851.14619047619
20820,13103.965,12883.01
20821,12063.863076923077,12882.356923076924
20822,13032.207777777778,12891.185555555556
20823,12833.847142857145,12911.501428571428
20824,13553.0525,12919.94375
20825,13799.73923076923,12917.415384615384
20826,13397.388333333334,12917.4
20827,13672.587272727273,12922.978181818182
20828,13360.843333333332,12927.743333333332
20829,12321.916,12929.350666666667
20830,12156.693333333335,12927.63
20831,13192.506666666666,12950.536666666667
20832,13738.086470588236,12944.57411764706
20833,13798.49375,12959.95875
20834,12671.242307692308,12934.43076923077
20835,12595.027,12934.390000000001
20836,13438.832,12952.828
20837,13596.325454545457,12925.345454545453
20838,12091.208,12943.520666666667
20839,12408.277499999998,12965.180833333334
20840,13915.529999999999,12947.298333333332
20841,12247.185384615384,12984.630000000001
20842,13034.313157894738,12979.13105263158
20843,12846.204285714284,12985.09
20844,12694.41,12988.530999999999
20845,12172.1325,13012.796
20846,12443.310000000001,12998.902
20847,13102.933076923076,12982.380769230771
20848,12512.136,12995.436
20849,13368.9335,12998.6545
20850,13440.657272727274,13010.055454545452
20851,13542.429473684211,12990.657894736842
20853,13796.768421052631,13023.476315789472
20854,12597.353333333333,13020.716666666667
20855,13713.555625,13013.155625
20856,12943.894545454545,12987.533636363636
20857,13214.888,12994.884
20858,13498.372857142856,13029.317142857142
20859,12466.902,13060.212
20860,12735.141428571429,13055.125714285716
20861,12000.275,13079.23
20862,12095.556,13050.464
20863,12900.2775,13049.2575
20864,12514.526,13078.145999999999
20865,12824.367142857143,13069.050000000001
20866,13153.1875,13051.315
20867,13615.418571428572,13078.635714285714
20868,12668.042727272727,13078.807272727274
20869,13409.078,13075.8
20870,13233.663333333332,13060.788333333332
20871,13526.428666666667,13088.756666666666
20872,12953.572222222221,13109.023333333333
20873,13017.805882352943,13073.444117647057
20874,13103.404999999999,13069.703333333333
20875,13324.347368421053,13090.891578947369
20876,12370.152857142859,13096.650714285715
20877,12607.451000000001,13095.727
20878,13709.674285714285,13088.578571428572
20881,13225.00875,13114.86625
20882,13456.225,13124.1625
20883,12225.478571428572,13131.514285714287
20884,12886.036,13144.715
20885,13921.719230769231,13126.406153846154
20886,13587.293636363638,13131.716363636364
20887,13170.254545454545,13132.782727272726
20888,12087.186,13131.827333333333
20889,13526.46357142857,13151.079285714284
20890,13839.745,13129.445
20891,11995.90625,13143.584375
20892,12736.791818181817,13155.985454545455
20893,13411.285,13152.017857142857
20894,13754.684782608696,13134.874782608695
20895,12401.14,13152.8475
20896,13118.638,13161.698
20897,13296.135714285714,13139.417142857143
20898,13857.873333333333,13196.650000000001
20899,12564.294,13179.405999999999
20900,13232.455,13175.12625
20901,12474.85875,13159.71375
20902,13751.699999999999,13190.806666666665
20903,12973.382666666666,13186.634666666667
20904,13631.727368421052,13202.72
20905,12818.615625,13201.8475
20906,12641.583333333334,13193.323888888888
20907,13472.705384615385,13199.488461538462
20908,13117.506923076922,13212.100769230768
20909,13538.916666666666,13206.986666666666
20910,13289.570000000002,13201.84
20911,12143.236,13192.16
20912,13037.32,13215.518888888888
20913,12022.184117647059,13210.360588235295
20914,13412.396875,13218.813125
20915,13808.81125,13251.98875
20916,12369.208333333334,13233.135
20917,13229.048999999999,13234.307999999999
20918,13302.5775,13246.345000000001
20919,12243.352222222222,13246.242222222221
20920,13067.278571428571,13260.612857142856
20921,13366.588,13270.204000000002
20922,13750.005333333334,13261.265333333335
20923,12614.977368421052,13257.432631578948
20924,12004.994999999999,13281.026000000002
20925,13103.685555555556,13300.115555555556
20927,13681.095000000001,13285.953
20928,13512.855000000001,13271.606666666667
20929,12741.154,13278.603
20930,13221.32625,13299.52125
20931,12178.338333333333,13285.398333333333
20932,13300.875555555556,13317.757777777779
20933,13626.377857142857,13305.367857142857
20934,13836.3405,13296.7925
20935,12509.511538461538,13295.31076923077
20936,12343.56923076923,13303.99846153846
20937,12672.6625,13308.584166666667
20938,12892.21,13284.925000000001
20939,12108.317142857142,13284.278571428571
20940,12968.276666666667,13298.993333333332
20941,13038.855555555558,13313.083333333334
20942,13418.993636363635,13300.210909090909
20943,12055.154999999999,13296.076666666666
20944,13555.08,13310.528571428571
20945,12811.524285714286,13313.342857142856
20946,12428.658823529413,13318.449999999999
20947,12598.797647058824,13347.45588235294
20948,12768.842,13348.748000000001
20949,12898.251176470587,13343.772352941176
20950,13954.159230769232,13321.761538461538
20951,11998.942500000001,13363.41375
20952,12095.354000000001,13345.744
20953,13370.773333333333,13337.253333333334
20954,13757.632999999998,13351.842999999999
20955,12145.19375,13356.96875
20956,13851.699090909091,13364.511818181818
20957,13460.748333333331,13363.481666666667
20958,13586.67875,13364.54125
20959,12192.9975,13368.0975
20960,13099.404615384616,13381.246923076922
20961,12805.443,13401.857
20962,13524.873333333331,13391.823333333334
20963,13697.289444444445,13365.879444444443
20964,12973.753684210527,13371.23105263158
20965,12269.671176470589,13382.9
20966,13227.354666666668,13379.47
20967,13631.193,13373.804
20969,13044.0,13417.135
20970,13945.748571428572,13399.490714285714
20971,12450.248095238096,13407.89619047619
20972,13281.754285714285,13409.657142857144
20973,12877.487333333333,13410.749333333333
20974,13652.200588235295,13426.583529411764
20975,13457.088333333333,13409.294999999998
20976,13549.271428571428,13448.372857142856
20977,13779.823333333334,13425.70888888889
20978,13315.307142857142,13388.16
20979,13377.753333333332,13415.83
20980,12560.58875,13410.20375
20981,12331.757142857143,13435.727142857142
20982,13406.248000000001,13459.638
20983,12180.34,13433.199999999999
20984,13868.857894736842,13434.463157894736
20985,12765.897272727272,13434.236363636364
20987,12938.486666666666,13451.708333333334
20989,13346.16625,13491.975
20990,12587.593333333332,13471.546666666667
20991,13178.092142857144,13450.814285714285
20992,13080.433076923076,13487.405384615384
20993,12098.366666666667,13461.349166666667
20994,12236.15,13458.948
20995,12279.95,13475.315
20996,12732.955,13496.4
20997,13451.86875,13477.5375
20998,12673.14875,13452.28125
21000,12897.0975,13483.92
21001,12179.932499999999,13490.97625
21002,13315.686666666666,13489.726666666667
21003,12953.65,13506.753333333332
21005,13826.416000000001,13492.513
21008,13245.442000000001,13492.291000000001
21009,12065.65875,13531.1225
21010,12609.841428571428,13514.18142857143
21011,12836.967999999999,13500.542000000001
21012,12459.884285714286,13498.130000000001
21013,12799.7,13514.465
21015,13626.064999999999,13523.145999999999
21018,12005.494615384614,13487.592307692308
21019,12361.45857142857,13528.015714285715
21020,13517.964000000002,13530.385999999999
21023,12555.537142857142,13552.867142857143
21024,13191.603333333333,13562.751666666665
21026,13941.812,13530.926000000001
21027,13035.395,13535.823
21028,13768.7275,13546.885
21029,12161.06875,13581.6925
21030,13379.615,13562.185
21031,13266.836666666666,13561.91111111111
21032,13864.84909090909,13558.024545454544
21033,12063.730000000001,13575.11
21035,12412.683333333334,13562.779999999999
21036,13680.494545454545,13557.075454545453
21037,12708.047999999999,13561.27
21038,12804.9375,13580.95375
21039,12491.296666666667,13581.396666666667
21040,12340.75857142857,13589.32142857143
21041,12558.826666666668,13580.62
21043,12985.141666666668,13627.080833333333
21045,13816.885,13615.15625
21046,13960.300000000001,13627.74142857143
21047,12651.608333333332,13597.14
21049,13215.682857142858,13594.652857142859
21050,13623.187272727273,13599.526363636365
21052,13568.165,13615.92625
21053,13336.662499999999,13616.9
21054,13491.45642857143,13613.577142857142
21057,12594.242222222221,13632.263333333332
21059,12845.88625,13637.39
21061,12133.785,13636.9175
21062,12704.258,13638.086000000001
21063,13873.5675,13643.825833333334
21065,13379.105,13644.969000000001
21067,12191.946,13651.682
21068,13212.334166666667,13665.545
21069,13580.339166666667,13668.994166666665
21070,12744.307142857142,13678.192857142858
21071,13425.981666666667,13676.144999999999
21073,13667.335000000001,13668.1275
21074,13311.913333333334,13664.804444444446
21075,13924.132727272727,13694.07
21076,13742.997142857143,13672.210000000001
21077,13823.061428571427,13682.961428571429
21078,13135.878461538463,13690.390000000001
21079,13533.602222222222,13686.614444444444
21080,12530.905,13689.449285714287
21081,12406.932,13686.858000000002
21082,13037.142222222223,13678.121111111112
21084,12677.61,13694.1
21086,13274.5225,13738.035
21088,12134.3775,13725.907500000001
21089,13475.23,13702.885
21090,12464.095,13724.85
21091,11983.320769230768,13716.42076923077
21093,13568.7925,13748.665
21094,13841.169166666667,13732.681666666665
21095,13708.1175,13746.12
21096,13628.33923076923,13734.611538461539
21097,12059.175555555556,13725.377777777778
21098,13507.6125,13734.029999999999
21099,12927.587142857143,13754.272857142858
21100,13398.865833333335,13742.454166666668
21101,12680.064666666667,13777.572666666667
21103,13830.32,13792.49
21104,12767.71875,13791.7775
21105,12979.703333333333,13788.906666666668
21106,11970.729333333333,13796.931333333334
21107,12081.148333333333,13799.385
21108,13499.17875,13777.76875
21109,13444.980000000001,13797.658333333333
21110,13329.1875,13780.7
21111,12191.786153846155,13802.436923076923
21112,13925.172727272728,13806.136363636364
21113,13365.203333333333,13801.4
21114,12687.561111111112,13832.58
21115,13573.489166666666,13832.619166666665
21117,13084.380000000001,13827.716
21118,13479.04,13860.471111111112
21119,13396.815714285713,13864.292857142858
21120,12055.3,13853.990909090908
21121,13331.899,13856.905999999999
21123,13765.728571428572,13873.99
21124,13091.056153846155,13874.859230769232
21126,13958.944,13886.016
21127,13873.6475,13862.4675
21128,12097.483333333334,13899.446666666667
21130,13839.093333333332,13933.937333333333
21131,12970.92,13925.276666666667
21132,12101.06,13945.54
21133,13082.528,13944.076666666666
21134,13925.941,13935.472
21135,13251.13,13945.554
21136,11979.185263157895,13930.272631578948
21137,13447.203333333333,13942.416666666666
21138,13340.249583333332,13960.786666666667
21139,12988.464444444446,13975.227777777778
21140,13496.705,13976.5875
21141,12735.3925,13973.75
21142,14287.136,12020.790666666668
21143,15426.900833333333,11996.467499999999
21144,15745.56947368421,12003.294210526316
21145,14220.476666666667,11982.916666666666
21146,14359.218181818182,12002.165454545455
21147,15351.713333333333,12007.71
21148,15680.349230769232,12040.99923076923
21149,14638.818888888889,12012.341666666667
21150,14467.91375,12035.00625
21151,14821.707857142857,11998.707142857142
21152,15277.610322580646,12049.189032258064
21153,15481.598095238096,12044.165714285715
21154,14045.878333333334,12031.951666666668
21155,14146.627647058824,12043.288235294118
21156,14966.75,12042.048333333334
21157,14770.929375,12057.414999999999
21158,15180.48,12041.468181818182
21159,14893.760588235295,12059.867058823529
21160,14397.32,12050.817500000001
21161,15017.03129032258,12011.550967741936
21162,15561.663636363635,12069.708636363637
21163,14428.462307692309,12083.456923076923
21164,15401.265555555558,12075.75111111111
21165,14008.907142857144,12087.122857142856
21166,14233.866,12068.477
21167,14339.853636363638,12080.503636363637
21168,15876.958333333334,12067.994444444445
21169,14659.9875,12100.87
21170,15166.238888888889,12119.519999999999
21171,14587.36772727273,12084.203636363636
21172,14478.2225,12095.83625
21173,14299.228181818182,12124.311818181817
21174,14847.295454545454,12109.144545454545
21175,14160.861428571428,12095.045714285716
21176,15088.510454545454,12100.696363636363
21177,15794.356666666667,12113.11
21178,14932.757142857143,12117.362142857144
21179,15031.58923076923,12109.380000000001
21180,14084.764000000001,12118.5785
21181,15655.904782608695,12107.805217391306
21182,15252.793846153847,12125.18076923077
21183,14683.645555555555,12145.483333333334
21184,15462.979047619048,12124.842380952381
21185,14220.773846153847,12149.710000000001
21186,14349.291999999998,12156.489
21187,14753.672666666667,12143.078000000001
21188,14168.230000000001,12161.801666666666
21189,14857.55909090909,12169.907272727274
21190,14425.657000000001,12143.86
21191,15331.82142857143,12131.427142857143
21192,15896.974444444444,12139.542222222222
21193,14482.763636363636,12190.140909090907
21194,14994.529333333334,12168.276666666667
21195,14549.432631578946,12156.153684210525
21196,15066.576470588234,12179.46294117647
21197,15523.196470588236,12146.625294117648
21198,15237.512777777776,12168.807777777778
21199,14932.315384615385,12185.034615384617
21200,15846.895555555555,12192.608888888888
21201,15684.414,12182.78
21202,15768.4775,12182.955
21203,14629.143,12186.645999999999
21204,15375.861666666666,12181.76
21205,14401.86875,12202.51
21206,15447.595555555554,12184.62777777778
21207,15629.643076923076,12193.184615384615
21208,15969.285217391303,12196.220434782608
21209,15593.869,12209.493
21210,14696.86,12227.66
21211,15511.203636363636,12206.49909090909
21212,15420.967999999999,12237.063
21213,15763.74,12227.225
21214,14743.736666666666,12223.955833333333
21215,14819.003333333332,12220.415333333334
21216,15310.35,12221.751666666665
21217,14546.919,12232.674
21218,15189.336666666666,12220.302666666666
21219,15158.279999999999,12235.9725
21220,15556.4,12266.784000000001
21221,15256.385384615385,12263.083076923078
21222,15666.356923076923,12245.719230769231
21223,15346.865,12249.55
21224,14142.823333333334,12266.026666666667
21225,15723.623333333333,12273.146
21226,14668.607142857143,12270.625714285716
21227,14281.952857142856,12272.127142857144
21228,15328.205,12285.225
21229,15481.913333333334,12266.696666666667
21230,14354.765,12276.05
21232,14546.48625,12299.605
21233,15808.394166666667,12285.805
21234,15393.255714285713,12291.607142857143
21235,14920.609999999999,12296.041333333333
21236,14056.627222222223,12300.356111111112
21237,15214.197692307693,12318.53
21238,15638.850769230768,12328.966153846153
21239,15765.33,12312.325
21240,15544.8305,12339.655
21241,15107.5476,12330.082
21242,15374.573999999999,12350.418
21243,15835.956363636362,12332.54
21244,15902.92181818182,12343.83090909091
21245,15453.307857142858,12352.096428571429
21246,15031.92857142857,12345.558095238095
21247,15680.102499999999,12362.54
21248,14151.216,12349.970000000001
21249,14902.080714285714,12367.373571428572
21250,14508.521304347825,12377.262173913045
21251,15731.699999999999,12386.691111111111
21252,15142.043333333333,12376.303333333335
21253,15281.505555555554,12372.327777777777
21254,14069.844666666668,12391.999333333333
21255,14409.9525,12391.645833333334
21256,15809.714166666667,12400.495
21257,15902.76923076923,12384.463846153845
21258,14341.850555555555,12393.400000000001
21259,14772.678333333335,12403.948333333334
21260,15211.000714285716,12390.44642857143
21261,15327.703125,12403.209375
21262,14851.119999999999,12411.0625
21263,15577.481666666667,12408.450833333334
21264,14236.395,12424.473
21265,15284.476999999999,12444.918000000001
21266,15642.531428571428,12443.594285714285
21267,14449.956,12441.186
21268,15787.73090909091,12436.543636363638
21269,15442.548125,12445.6425
21270,15188.540833333333,12450.060833333335
21271,15852.795294117648,12458.375294117648
21272,14899.72875,12486.069375000001
21273,14563.533529411765,12486.913529411764
21274,14470.324999999999,12487.200833333334
21275,15236.275454545454,12499.100909090908
21276,14731.17,12469.086666666666
21278,14638.194166666666,12496.40875
21279,15060.26846153846,12481.001538461538
21280,14354.015,12490.14875
21281,14800.954166666668,12495.445
21282,15394.01125,12495.3175
21283,15865.55,12504.42875
21284,15539.747857142856,12499.424285714285
21285,15178.603333333333,12528.71111111111
21286,15936.798461538461,12504.941538461539
21287,14319.23894736842,12546.716842105263
21288,14720.935000000001,12547.011999999999
21289,14026.696923076923,12523.833846153846
21290,15726.410000000002,12551.393636363639
21291,15368.524,12561.782000000001
21292,15497.4725,12563.470714285713
21293,15846.708421052632,12562.185263157895
21294,14512.157391304348,12564.33695652174
21295,15246.531818181818,12565.616363636364
21296,14938.455,12564.67875
21297,14387.032727272728,12574.57
21298,15612.938,12559.062
21299,15032.823999999999,12566.48
21300,15429.5625,12595.975
21301,15310.0275,12571.7625
21302,14785.687857142857,12585.855714285715
21303,14437.395,12591.830000000002
21304,15767.009090909092,12596.895454545454
21305,14075.091428571428,12618.275
21306,14183.74142857143,12598.035238095237
21308,15724.631666666666,12638.081666666667
21309,15628.634444444444,12633.146666666667
21310,15810.957692307693,12635.073076923078
21311,15295.535,12632.9525
21312,15426.135,12647.005833333335
21313,14580.28294117647,12644.022352941176
21314,15882.237142857144,12660.800000000001
21315,14194.018333333333,12666.581666666667
21316,14451.070666666667,12681.612
21317,14948.082727272727,12668.780909090909
21318,15941.97153846154,12682.19076923077
21319,14883.392857142857,12677.341428571428
21320,15432.32142857143,12700.182857142858
21321,14148.979166666666,12705.459166666667
21322,14586.396363636364,12709.037272727273
21323,14812.705,12714.60590909091
21324,15267.000434782609,12720.236086956522
21325,14095.615625,12734.939375
21326,15678.932666666666,12735.057999999999
21327,15626.454285714284,12719.737142857144
21328,14991.093076923076,12722.864615384615
21329,15842.11,12729.760624999999
21330,14192.842307692308,12745.691538461539
21332,15121.223076923077,12739.962307692309
21333,14911.93625,12775.176875000001
21334,15462.7465,12767.9515
21335,14482.703333333333,12779.121666666666
21336,15740.485185185184,12786.432592592593
21337,14416.222727272729,12800.185454545455
21338,14347.848571428573,12780.461428571429
21339,15970.707499999999,12802.573333333334
21340,14715.185000000001,12818.7445
21341,14636.122083333334,12789.131666666666
21342,15211.355862068966,12801.737241379311
21343,15309.487,12795.072
21344,14237.57375,12811.5825
21345,15026.271923076923,12811.265769230768
21346,15886.785714285714,12814.238571428572
21347,15334.605238095239,12830.729523809525
21348,14858.293888888888,12848.988888888889
21349,15782.2995,12862.8055
21350,15129.926470588236,12844.339411764706
21351,14246.396666666667,12883.269999999999
21352,14461.473999999998,12870.893
21354,15038.962,12867.664
21355,15938.877777777778,12858.427777777779
21356,15439.514,12890.777333333333
21357,14758.25611111111,12886.027777777777
21358,14111.516842105264,12905.771052631579
21359,15680.305789473685,12902.385263157896
21360,15230.318461538463,12888.272307692308
21361,14365.09375,12918.100833333332
21362,15330.504545454545,12908.660000000002
21363,15591.771764705882,12921.242352941175
21364,15497.069375,12919.18
21365,14995.800000000001,12929.265555555556
21366,15133.010555555556,12928.148888888889
21367,14703.46625,12916.77
21368,14031.452,12921.181333333334
21369,15721.364615384615,12947.020769230769
21370,15278.32142857143,12952.594285714285
21371,14119.674705882353,12960.315882352941
21372,14239.148666666668,12957.556
21373,15333.030999999999,12989.93
21374,15782.127222222221,12964.192222222222
21375,14875.855789473684,12970.491052631578
21376,13993.573125,12974.014375
21377,15669.091428571428,12986.634285714286
21378,14128.807,13012.862
21379,15185.46655172414,13027.264827586207
21380,15841.865,13023.029999999999
21381,14451.74,13039.707083333333
21382,14766.786666666667,13035.946666666665
21383,15395.375714285716,13038.710476190476
21384,14843.135833333334,13053.953333333333
21385,14280.034,13024.134
21386,14523.235806451612,13061.735161290322
21387,15279.544285714286,13063.74142857143
21388,14076.641538461537,13070.215384615383
21389,15966.737391304348,13064.961739130435
21390,14230.915,13088.2775
21391,15734.118181818181,13061.07909090909
21392,14332.80052631579,13069.78
21393,15790.425000000001,13098.990833333335
21394,14589.525,13096.643333333333
21395,15041.124,13093.604
21396,15630.05,13073.133333333333
21397,14150.003333333334,13113.354444444445
21398,14638.238000000001,13103.696
21399,14271.634666666667,13117.827333333333
21400,15664.63,13128.978
21401,15229.233333333334,13110.947222222221
21402,15748.353571428572,13139.105714285715
21403,15307.963333333335,13131.598333333333
21404,15591.345238095239,13139.224285714286
21405,14050.133157894737,13153.935263157895
21406,15102.799411764705,13144.15
21407,15008.941818181816,13140.609090909093
21408,14899.997,13149.5535
21409,15697.566470588235,13182.036470588235
21410,14721.5676,13170.083600000002
21411,14376.682,13187.054
21412,15501.6875,13193.396666666667
21413,14946.578,13189.082
21414,15340.227777777776,13204.228888888889
21415,15935.9875,13209.3525
21416,14223.57142857143,13216.225714285714
21417,14885.31,13230.986666666666
21418,15610.250625,13210.930625
21419,15028.161875,13233.336875
21420,15204.174117647059,13252.145294117647
21421,14511.925,13230.45388888889
21422,15413.79875,13231.13875
21423,14562.178,13265.511999999999
21424,15544.545,13257.415
21425,15617.687142857143,13270.16142857143
21426,15702.81375,13263.0625
21427,14002.076363636363,13269.063636363637
21428,15870.761428571428,13265.077857142856
21429,14636.775,13286.7075
21430,14155.054444444446,13282.858888888888
21431,14275.176363636363,13294.544090909092
21432,14889.908000000001,13297.26
21433,15368.003333333334,13287.778095238096
21434,15464.384166666665,13290.271666666667
21435,14686.65909090909,13305.244545454545
21437,15706.357,13318.598000000002
21438,14943.867857142857,13323.764285714287
21439,14759.219166666668,13294.875
21440,14045.193333333333,13312.94888888889
21441,14114.054545454546,13318.024545454544
21442,15285.9188,13329.9624
21443,15467.036666666667,13370.970000000001
21444,14167.864285714286,13344.969285714285
21445,15211.961764705882,13339.633529411765
21446,15633.835333333333,13360.063333333334
21447,15954.257142857143,13353.107142857143
21448,15391.956,13364.217999999999
21449,14829.854375,13357.0075
21450,14735.109090909093,13371.154545454547
21451,14999.092592592593,13375.085925925927
21452,15538.975714285714,13373.927142857143
21453,15758.907777777777,13374.094444444445
21454,15827.201428571429,13380.99857142857
21455,14300.373846153845,13367.886153846153
21456,14633.669166666667,13377.433333333334
21457,15135.370526315788,13371.575789473683
21458,14217.743571428571,13391.778571428571
21459,15084.803333333335,13393.54
21460,14081.497142857143,13396.855238095239
21461,14573.996666666666,13386.978333333333
21462,14682.245714285715,13378.427142857143
21463,14372.050588235295,13405.815882352941
21464,15195.731428571427,13423.699285714287
21465,15041.91,13441.587142857143
21466,14876.79111111111,13433.40111111111
21467,15580.848333333333,13443.989166666666
21468,15409.268333333333,13414.558333333334
21469,15634.287272727273,13418.682727272728
21470,15801.618666666667,13440.006
21471,15141.503636363637,13465.40909090909
21472,14094.9125,13454.38625
21473,15350.311818181817,13465.087272727273
21474,14606.855,13462.244999999999
21475,14717.298461538461,13461.625384615385
21476,15699.210000000001,13448.155714285715
21477,15406.019999999999,13483.400000000001
21478,15480.553750000001,13477.93625
21479,14473.95,13462.782000000001
21480,15073.078,13487.147999999997
21481,14807.265333333335,13483.362
21482,15729.117999999999,13494.862
21483,15665.285999999998,13503.257000000001
21484,14004.142666666668,13475.834666666666
21485,14305.920833333332,13498.4475
21486,15971.35705882353,13494.28705882353
21487,15741.35888888889,13545.435555555556
21488,14529.31,13511.924545454547
21489,15115.364615384615,13549.076153846154
21490,14596.349999999999,13541.67
21491,14074.182727272728,13547.881818181819
21492,14686.073076923078,13546.753846153846
21493,14804.006,13546.782666666666
21494,15347.284000000001,13562.692000000001
21495,14189.770714285714,13560.795
21496,14903.572727272725,13560.71181818182
21497,14027.466,13579.566
21498,14633.5175,13598.43625
21499,15021.701176470588,13567.816470588235
21500,14431.798333333332,13572.235
21501,14525.43875,13603.60375
21502,14382.614285714286,13609.385714285714
21503,15229.579047619047,13600.816190476191
21504,14852.495,13615.1775
21507,14157.652666666667,13622.578
21508,15559.598000000002,13601.691
21509,14743.582307692308,13611.299230769231
21510,14965.412727272727,13608.624545454544
21511,15030.539230769231,13641.47230769231
21512,15674.425,13614.23
21513,15921.066666666668,13618.745555555557
21514,15298.976666666667,13625.698333333334
21515,14256.055454545452,13623.240909090908
21516,14914.095,13611.4525
21517,15121.493157894736,13647.238947368422
21518,14052.170000000002,13661.617999999999
21519,14345.24625,13643.25
21520,14666.64,13669.073999999999
21521,15925.648888888889,13664.802222222223
21522,14962.4525,13681.5775
21523,14776.095625,13668.5
21524,14114.139000000001,13692.755
21525,15421.798571428571,13671.549523809523
21526,14598.83,13673.096666666666
21527,15595.527142857143,13696.631428571429
21528,14298.210909090909,13701.203636363636
21529,15245.927999999998,13688.4
21530,15926.495714285715,13717.518571428573
21531,14881.192500000001,13685.650000000001
21532,15055.955714285714,13713.778571428571
21533,14372.966666666667,13717.075555555555
21534,14219.003076923078,13716.164615384616
21535,15854.488333333333,13727.846666666666
21536,13992.3875,13700.4725
21538,15792.5275,13739.980625
21539,15521.44642857143,13743.620714285715
21540,14608.393529411765,13750.975294117647
21541,14424.621666666666,13731.1975
21542,15341.25,13746.904615384616
21543,14742.866153846155,13746.757692307692
21544,14535.246363636363,13752.858181818183
21545,14821.997999999998,13766.872
21546,15236.361818181818,13757.738181818182
21547,14296.598000000002,13763.341999999999
21548,14123.0,13752.6325
21549,15010.874166666666,13763.484166666667
21550,14489.00875,13733.95625
21551,15922.42,13773.563333333334
21552,14424.154999999999,13791.891666666668
21553,15086.702000000001,13789.976
21554,15134.02,13778.58125
21555,14344.566666666666,13803.76
21556,15291.630666666666,13801.15
21557,14529.758333333333,13819.851666666667
21558,14059.789333333332,13790.516
21559,14208.182142857142,13806.75857142857
21560,15400.535555555556,13804.026666666667
21561,15474.082666666665,13794.367999999999
21562,15572.9475,13810.083333333334
21563,14601.015,13813.107
21564,14897.183333333332,13798.060000000001
21565,14696.486666666666,13801.290833333333
21567,14811.003333333334,13837.764444444445
21568,15723.45,13825.97
21569,14745.625,13829.01625
21570,14465.748181818182,13845.95909090909
21571,14016.187272727273,13852.3
21572,14995.835000000001,13835.609
21573,15156.643846153846,13837.714615384615
21574,15874.934615384615,13838.844615384616
21575,14123.11,13870.021666666667
21576,14916.368333333334,13841.12
21577,15251.513636363636,13842.911818181818
21578,14653.9775,13874.0025
21580,15526.327647058824,13868.86294117647
21581,14380.103636363638,13889.151818181817
21582,15616.80625,13869.86
21583,15131.07181818182,13865.212727272727
21584,15434.153636363637,13869.522727272728
21585,14864.452,13883.254
21586,14948.903999999999,13882.51
21587,15214.266875,13873.83
21588,14767.719166666668,13892.798333333332
21589,15284.611,13911.154999999999
21591,15359.446923076923,13889.651538461538
21592,15058.001999999999,13858.511999999999
21593,15117.18857142857,13927.762857142856
21594,14592.658,13895.038
21595,14446.427272727275,13917.197272727271
21596,15170.565,13921.451666666668
21597,15487.699999999999,13923.076666666668
21598,15858.495714285715,13916.032142857144
21599,15050.17625,13929.275
21600,14140.73153846154,13923.350769230768
21601,14782.146666666667,13933.11888888889
21603,14843.210000000001,13942.094285714285
21604,13993.998571428572,13935.02
21605,14705.535999999998,13940.204000000002
21606,14917.5025,13937.59125
21607,14994.37125,13931.98625
21608,14200.875,13950.7725
21610,15407.901333333333,13962.484
21611,14276.112142857144,13957.895
21612,15532.22,13959.275
21613,15655.695555555556,13960.001111111113
21614,14047.49888888889,13985.724999999999
21615,14385.787,13978.37
21617,16053.423999999999,11979.944
21618,16321.67304347826,12012.889130434784
21619,16551.933,12021.183500000001
21620,16147.988999999998,12034.879
21621,16635.92076923077,12038.468076923076
21622,16057.631818181819,12050.507272727275
21623,16374.839090909092,12040.200909090909
21624,16521.570625,12079.015625
21625,16084.371428571429,12101.65
21626,16287.86894736842,12085.414210526316
21627,16431.365294117648,12090.655882352941
21628,16203.155555555555,12099.261666666665
21629,16353.365714285714,12109.453571428572
21630,16604.711666666666,12097.048333333332
21631,16529.2,12133.797999999999
21632,16615.449166666665,12137.5175
21633,16398.14363636364,12147.252727272727
21634,16045.21176470588,12154.406470588236
21635,16257.543636363638,12166.727272727272
21636,16466.443,12157.359
21637,16629.87916666667,12179.623333333335
21638,16125.245882352941,12184.082352941175
21639,16434.655384615384,12209.303076923077
21640,16568.192857142858,12200.365714285714
21641,16501.073571428573,12200.782857142856
21642,16328.652857142859,12212.148571428572
21643,16191.473999999998,12195.382000000001
21645,16055.953636363636,12237.02590909091
21646,16384.966842105263,12246.05105263158
21647,16580.60583333333,12242.342499999999
21648,16500.581,12258.466
21650,16199.686153846153,12270.438461538462
21651,16270.220000000001,12256.304
21652,15968.399117647057,12293.569411764705
21653,16301.577333333333,12269.882666666666
21654,16421.38111111111,12292.92111111111
21655,16103.993333333334,12297.441111111111
21656,16595.7325,12298.110625
21657,16237.067777777776,12311.42888888889
21658,16513.289,12326.0085
21659,16334.172666666667,12318.228666666666
21660,16630.957000000002,12332.514
21661,16452.20294117647,12349.482352941177
21662,16266.47875,12348.7025
21663,16383.738333333333,12350.943333333335
21664,16069.692000000001,12358.2495
21665,16587.483333333334,12374.323999999999
21666,16154.541666666666,12368.515
21667,16287.16875,12403.51875
21668,16391.11,12386.835000000001
21669,16528.4315,12396.073
21670,15985.512499999999,12399.496249999998
21671,16412.625555555554,12422.863333333335
21672,16348.112105263159,12415.656315789474
21673,16175.0475,12443.89625
21674,16239.882222222222,12447.90888888889
21675,16111.573,12464.453
21676,16543.63125,12468.75875
21677,16365.199090909091,12464.084545454545
21679,16323.184545454546,12509.73
21680,16054.119999999999,12495.461666666666
21681,16224.953125,12514.56125
21682,16154.044444444444,12503.264444444445
21683,16134.265454545455,12552.103636363638
21684,16391.212666666666,12561.384666666667
21685,16261.833666666667,12578.121000000001
21686,16445.3225,12579.908333333333
21687,16405.29375,12624.07
21688,16005.136923076923,12616.83769230769
21689,16080.301578947367,12645.851578947368
21690,16336.298,12684.854666666668
21691,16012.706,12692.378999999999
21692,16066.893125,12717.713125
21693,16196.515,12705.73375
21694,16328.328,12725.142666666668
21695,16307.368333333334,12780.818333333335
21696,16259.360869565216,12783.778260869567
21697,16036.528181818181,12801.448181818181
21698,16113.942916666667,12862.285000000002
21699,16035.214444444444,12928.843333333332
21700,16001.778333333334,12949.956666666667
21701,16224.563076923077,13001.723846153847
21702,16150.534545454546,13050.074090909091
21703,16196.086,13092.144
21704,15994.078095238096,13143.948095238096
21705,16163.832499999999,13135.8825
21706,16147.402857142859,13180.03
21707,16123.524375,13251.56
21708,16091.248,13301.577333333333
21709,16036.035,13320.75
21710,16080.4775,13364.885
21711,16014.464285714286,13383.234285714285
21712,16059.825,13425.435
21713,16032.684444444445,13526.841111111113
21714,15988.476,13649.403
21715,4954.453846153846,14012.001923076923
21716,5069.215583333334,14019.779166666667
21717,5875.823888888889,13993.967777777778
21718,5966.755571428571,13998.248571428572
21719,4826.532,13999.088666666667
21721,5149.071111111111,14007.917777777777
21722,5411.276730769231,14000.453846153845
21723,5236.879,14028.280666666666
21724,4750.161,14028.126666666665
21725,5533.705090909091,14042.276363636365
21726,4875.03625,14018.251666666665
21727,5297.2915,14030.36642857143
21728,5028.312444444444,14061.536666666667
21729,4686.241,14065.610769230769
21730,4591.224129032258,14078.622903225807
21731,5417.066400000001,14088.524
21732,5341.1726,14075.279999999999
21733,5170.93625,14070.29875
21734,4825.4236,14084.582
21735,5562.973628571428,14101.143142857143
21736,5662.5195,14079.216875
21737,5294.036909090909,14108.67818181818
21738,5131.6335,14112.06
21739,4355.719153846154,14117.836923076924
21740,4747.504166666667,14114.538333333332
21741,4933.9186666666665,14124.235
21742,5007.234333333333,14116.973333333333
21743,4307.273125,14136.49625
21744,5478.753375,14132.099375
21745,5727.373826086957,14141.234782608697
21746,4805.478444444445,14147.002222222223
21747,4861.2035625,14158.024374999999
21749,4716.20675,14171.81375
21750,5383.0975,14158.856111111112
21751,4658.9898,14168.6315
21752,5466.8392631578945,14186.146315789476
21753,4970.069833333333,14170.295833333332
21754,5164.617428571429,14174.548571428571
21755,4420.934705882353,14163.70294117647
21756,4339.591600000001,14188.839333333333
21757,5979.384076923077,14195.75846153846
21758,4583.612542857143,14211.684285714286
21759,5201.84525,14210.6125
21760,5267.614214285714,14232.912857142857
21761,5096.521555555556,14209.967222222222
21763,4490.103714285714,14208.066428571428
21764,4408.350214285714,14251.987142857144
21765,4687.2576,14225.497
21766,5346.748684210526,14236.205789473683
21767,4927.091625,14218.3525
21768,5953.0115000000005,14246.395
21769,5905.4869285714285,14245.252857142857
21770,5161.357909090909,14253.605454545455
21771,4866.052375,14235.590625
21772,5032.221826086957,14271.812608695653
21773,5794.774333333334,14279.591666666667
21774,4673.028583333334,14273.255833333335
21775,5452.689342857143,14271.95
21776,4465.455,14272.788571428571
21777,4519.393647058823,14276.906470588236
21778,5700.0108666666665,14271.671999999999
21779,4841.3528125,14289.330625
21780,5288.847,14283.65
21781,5577.9809000000005,14264.995
21782,4765.695157894736,14284.590526315791
21783,5330.1295,14306.326666666668
21784,4416.2588888888895,14315.503333333334
21785,5654.999266666667,14316.422666666667
21787,5190.843647058824,14319.286470588235
21788,4898.959304347826,14332.451739130436
21789,4513.552000000001,14331.855714285715
21791,5945.234538461538,14331.713846153845
21792,5348.431500000001,14345.04
21793,5115.381923076923,14349.067692307694
21794,4982.778428571429,14347.619999999999
21795,5557.006333333334,14349.960000000001
21796,4747.871875,14359.9925
21797,4595.014740740741,14361.089259259259
21799,4529.7645,14389.678333333333
21800,4847.80375,14377.33375
21801,5610.780400000001,14380.694
21802,4901.2464375,14396.29125
21803,5240.187428571428,14418.69
21804,4795.720769230769,14410.106153846154
21805,5513.683,14410.455
21806,5646.554133333334,14399.288
21807,5160.4890000000005,14399.141666666668
21809,5935.044583333333,14404.7725
21810,5817.655470588235,14389.54411764706
21811,5420.595153846153,14424.594615384616
21812,4627.571210526316,14421.71105263158
21813,5100.3315,14427.02125
21814,5264.822666666666,14438.485
21815,5342.397545454545,14424.936363636363
21816,4537.676066666667,14441.992
21817,4711.724772727273,14433.435454545455
21818,5756.226071428572,14455.646428571428
21819,4769.866222222223,14458.065555555555
21820,5840.542461538461,14456.813076923077
21821,5954.6921999999995,14460.664
21822,5164.839416666667,14473.269999999999
21823,5652.647,14460.49894736842
21824,5889.615285714286,14497.218571428572
21825,5030.497153846154,14477.834615384616
21826,5324.525923076923,14487.811538461538
21827,4973.640166666667,14484.008333333333
21828,5975.8018571428565,14512.425714285713
21829,5100.231,14515.156875
21830,4755.271357142857,14526.399285714286
21831,4908.187090909091,14495.016363636363
21832,5261.7321875,14523.309375
21833,4861.417,14506.721666666666
21834,5823.715071428572,14534.658571428572
21836,5038.145333333333,14540.86
21837,4664.233607142857,14530.641428571429
21838,4823.313733333333,14538.71
21839,5565.633714285715,14552.104285714286
21840,5697.223458333334,14546.187916666668
21841,5242.487615384614,14563.30076923077
21842,5361.964818181818,14572.65409090909
21843,5621.259733333333,14555.244666666666
21844,4903.800666666667,14551.210000000001
21845,5181.148166666667,14562.975833333332
21846,4948.76825,14606.98
21848,5513.670352941176,14599.738823529411
21849,5457.616222222223,14581.48777777778
21850,4831.7685,14607.82875
21851,5289.672666666666,14608.411111111112
21852,5720.888555555556,14600.097222222223
21853,4893.9562,14617.002000000002
21854,5780.147352941177,14607.07
21855,5071.955999999999,14596.156666666668
21856,5874.816714285715,14623.105714285713
21857,4725.2089166666665,14620.466666666667
21858,5204.7463333333335,14620.76
21859,5674.0896,14618.075
21860,4605.402,14601.266363636363
21861,5592.042875,14617.5025
21862,5043.711428571428,14657.35
21863,5345.202428571429,14642.65
21864,4654.6511,14655.2005
21865,4696.7333,14681.073
21866,5219.3356,14673.738000000001
21867,4875.3300625,14673.3675
21868,5428.3715555555555,14663.17
21870,5772.521363636363,14695.566363636364
21871,5548.582578947368,14680.26894736842
21872,5706.830800000001,14677.722
21873,4747.039333333333,14702.654999999999
21874,5351.0723333333335,14695.181666666665
21875,5226.483916666667,14712.643333333333
21876,5624.281666666667,14709.206666666667
21877,5840.423666666667,14688.398888888889
21878,4795.201733333333,14721.838
21879,4917.944333333334,14726.492380952383
21880,5405.600416666667,14719.480000000001
21881,5943.925625,14737.971875
21882,4664.442666666666,14717.063333333334
21883,5101.980611111111,14729.100555555555
21884,5837.304181818182,14744.90818181818
21885,5690.973210526316,14735.448947368423
21886,5341.483857142857,14749.66
21887,5220.077636363636,14776.373636363634
21888,4702.7631875,14768.3825
21889,5540.411833333333,14749.458333333334
21890,5367.688583333334,14800.716666666667
21891,4761.473583333333,14778.743333333332
21892,5875.2195,14790.415
21893,5747.9356,14792.204999999998
21894,5637.761294117647,14805.747647058823
21895,4806.233043478261,14854.348695652176
21896,5802.971125,14819.561249999999
21897,5295.980428571428,14826.06
21898,4888.778432432432,14822.024864864867
21899,5076.7800625,14811.638125
21900,4755.405272727273,14852.65181818182
21901,5492.0906,14862.217999999999
21902,5685.091923076922,14853.694615384615
21903,5894.731857142857,14869.91
21904,5155.3386875,14857.8196875
21905,5066.617714285714,14883.532857142856
21907,5826.2234499999995,14891.55
21908,5973.691333333333,14901.919333333333
21909,5717.472333333334,14901.540833333333
21910,5528.243875,14924.14875
21911,5426.812777777778,14923.367777777778
21912,5343.025538461538,14901.960769230769
21913,5751.391333333333,14932.802
21914,5244.146111111111,14904.19888888889
21915,5613.4888,14950.1936
21916,5688.233214285714,14959.07142857143
21917,5923.4195,14958.893125
21918,5799.477428571428,14960.391428571429
21919,4947.763733333334,14951.038999999999
21920,4866.881636363637,14955.469090909091
21921,5499.605157894736,14984.645789473685
21922,5233.955333333333,14975.036666666667
21923,4815.287,14974.43
21924,5867.945866666666,14988.432
21925,5274.5713000000005,14994.237
21926,5359.846222222222,14991.907777777778
21927,5123.577666666666,15003.836000000001
21928,4873.573923076923,15008.206923076923
21929,5180.667652173913,15027.329565217393
21930,5400.099066666667,15036.442666666666
21931,5676.141333333333,15009.449999999999
21932,5014.1218,15029.645999999999
21933,5060.182,15028.792857142858
21935,5464.266733333334,15035.928666666667
21936,5317.717416666666,15049.564166666665
21937,5934.075473684211,15056.28947368421
21938,5741.792333333333,15044.53
21939,4934.298583333333,15053.71
21940,5841.796722222222,15054.960000000001
21941,5254.540999999999,15056.578571428572
21942,5466.9155833333325,15094.458333333334
21943,5236.508230769231,15116.003076923078
21944,5009.011272727273,15090.42909090909
21945,5627.529290322581,15071.267419354837
21946,5802.845727272727,15103.323636363637
21947,5557.754250000001,15133.026666666667
21948,5884.86925,15116.59375
21949,5693.932818181818,15132.350909090908
21950,5957.942107142858,15154.718214285715
21951,5821.249333333333,15154.428333333335
21952,4986.652684210526,15142.416842105262
21953,5486.296375,15151.317500000001
21954,5628.76,15143.062
21955,4941.752176470588,15173.746470588236
21956,5107.594636363636,15153.640000000001
21957,5739.4223125,15174.845625
21958,5060.606666666667,15167.216666666667
21959,5012.650571428571,15199.275714285714
21960,5214.477076923077,15190.76
21961,5570.03225,15197.325
21962,5435.6875,15185.425
21963,5307.5163,15198.294
21964,5681.902214285714,15209.868571428571
21966,5102.537642857143,15226.893571428573
21967,5772.088230769231,15219.636923076923
21968,5175.490588235294,15234.110588235295
21969,5826.837545454546,15240.786363636364
21970,5343.380444444444,15241.167777777779
21971,5055.1305,15244.314000000002
21972,5611.6928421052635,15256.109473684211
21973,5513.772294117647,15251.966470588235
21974,5714.7005,15250.348000000002
21975,5883.118111111111,15272.670555555556
21976,5292.0787,15268.636999999999
21977,5233.800823529412,15264.908235294119
21978,5951.689375,15287.50125
21979,5392.3776,15301.112
21980,5457.338931034483,15347.630000000001
21981,5966.9274444444445,15341.890000000001
21982,5685.937,15338.619090909091
21983,5537.364391304348,15396.788695652174
21984,5819.487615384614,15396.452307692309
21985,5733.717071428572,15443.107857142857
21986,5651.555846153846,15490.516923076922
21987,5581.988222222222,15506.166666666666
21988,5622.864416666667,15547.480000000001
21989,5745.245857142857,15602.70857142857
21990,5921.665171428571,15633.425714285715
21991,5822.476785714286,15676.344285714285
21992,5709.975866666667,15675.192666666668
21993,5826.020909090908,15746.377272727272
21994,5753.253,15747.55
21995,5961.822636363636,15766.862272727272
21996,5876.0540769230765,15806.19923076923
21997,6303.613,13986.441666666666
21998,7128.392,13993.53
22000,6576.489545454545,14002.217272727274
22001,6140.661,13998.745555555557
22002,7287.2046190476185,14012.253333333334
22003,7976.281666666667,14031.189166666665
22004,6055.103749999999,14025.6325
22005,6663.488588235294,14002.946470588235
22006,6491.325461538461,14030.716923076923
22007,7636.601578947368,14026.92263157895
22008,6249.151000000001,14032.458333333334
22009,6400.397333333333,14036.052222222223
22010,6000.7325,14052.169375
22011,7373.5557499999995,14055.205
22012,7297.232399999999,14074.228
22013,6157.433375,14078.34375
22014,6315.4674444444445,14061.913333333334
22015,6087.794000000001,14064.322857142857
22016,7879.596411764705,14064.169411764706
22017,7770.295,14055.697777777777
22018,7710.418363636363,14084.694545454548
22020,6421.745714285715,14082.815714285714
22021,6583.4397222222215,14103.897222222222
22022,6661.98575,14109.762499999999
22023,7051.458277777778,14107.004444444445
22024,7825.6350625,14123.93375
22025,6814.483769230769,14125.454615384615
22026,7669.696000000001,14147.275714285714
22027,7289.6827,14144.476
22028,7425.92775,14132.275000000001
22030,6408.676166666667,14147.027499999998
22031,6878.019777777778,14149.534444444444
22032,7108.21,14147.768
22033,7188.165117647059,14164.922352941176
22034,6760.087666666666,14166.336666666664
22036,6056.322,14176.293333333333
22037,6553.573833333333,14198.411666666667
22038,6156.491866666666,14209.273333333334
22039,6625.8606,14228.374
22040,7327.203599999999,14198.282000000001
22041,7421.054214285715,14221.005714285713
22042,6258.93375,14231.0825
22043,6305.989166666666,14254.398333333333
22044,6790.245285714285,14259.214285714286
22045,7345.4767142857145,14233.924285714285
22046,7653.544090909091,14235.105454545455
22047,6058.2615000000005,14257.8375
22048,7252.198625,14271.663125
22049,7827.1592142857135,14243.498571428572
22050,7731.627692307693,14269.713846153845
22052,7797.850833333333,14296.243333333332
22053,6921.5412,14276.954000000002
22054,6406.5455,14297.675000000001
22055,6984.05725,14302.33375
22056,7650.127875,14290.33125
22058,7035.972666666667,14290.362222222222
22059,7456.631705882353,14296.500588235294
22060,6065.020181818181,14325.926818181819
22061,6212.762588235294,14309.126470588235
22062,7522.512949999999,14315.1355
22063,6564.178722222223,14327.47
22064,7869.391833333334,14323.400833333333
22065,7395.5922222222225,14339.186666666666
22067,7315.7064,14323.788
22068,7719.813909090909,14338.626363636362
22069,6634.572222222222,14353.471111111112
22070,7661.4065,14346.2425
22071,6710.1675,14361.651666666667
22072,7078.523833333333,14350.159166666666
22073,6497.325866666667,14345.146666666667
22074,7608.441500000001,14368.528333333334
22075,6583.3502499999995,14387.713749999999
22077,6290.285714285715,14396.815714285713
22078,6392.967,14386.612
22080,6791.173666666667,14401.993333333332
22081,6221.717699999999,14388.264
22082,6024.846411764705,14401.027647058823
22083,7467.038428571429,14418.772857142858
22084,7672.297823529411,14419.748823529413
22085,6860.7266666666665,14428.873333333335
22086,6327.261,14423.55375
22087,7560.2806,14414.619999999999
22088,6669.585,14423.643076923076
22089,7048.396000000001,14450.056666666665
22090,6037.2991999999995,14467.717999999999
22091,7895.823809523809,14409.606666666667
22092,6971.7458750000005,14445.8875
22093,6188.391363636364,14446.8
22094,6448.691124999999,14432.615
22095,6388.513000000001,14477.715999999999
22096,6296.6462,14467.954000000002
22097,6726.778,14456.83625
22098,7808.300714285715,14439.502857142857
22099,7856.480222222222,14473.942222222222
22100,6635.973666666667,14473.143333333333
22101,7710.29,14473.00727272727
22102,6103.954727272728,14464.470000000001
22103,6537.232375,14462.91125
22104,7803.8592499999995,14500.5425
22105,6248.4186875,14504.1975
22106,7946.0665625,14506.08125
22107,6757.126499999999,14506.156666666668
22108,6454.672,14524.275238095237
22109,6135.7536315789475,14531.857894736842
22110,7777.910999999999,14531.05923076923
22111,6338.41375,14539.2125
22112,7225.38225,14531.932499999999
22113,6630.891888888889,14546.851111111111
22114,6211.300666666667,14546.658333333333
22115,7395.270636363636,14559.165454545455
22116,6556.9908,14559.418
22117,7277.113375,14566.645
22118,7351.440799999999,14588.042000000001
22119,6287.301266666666,14573.312
22120,7127.4678125,14578.070625
22121,6815.3154375,14579.320625
22122,6970.666666666667,14565.88
22123,7928.170857142858,14569.627142857144
22124,6390.8985625000005,14581.09
22125,6053.103615384615,14587.077692307694
22126,7224.739833333333,14598.621666666666
22127,6123.032866666666,14602.197333333334
22129,7056.362083333333,14591.234166666667
22130,6235.7194,14616.395999999999
22131,6860.193578947368,14624.124210526315
22132,6911.8843333333325,14624.220000000001
22133,7397.153909090909,14626.289090909091
22134,6953.4304999999995,14643.247
22135,6197.093368421053,14671.179473684213
22136,6000.5968,14654.857500000002
22137,6330.3196,14640.195333333333
22138,7214.193,14649.421111111113
22139,7120.229799999999,14658.401999999998
22141,7293.000714285714,14648.097142857141
22142,6108.2650952380955,14667.860476190477
22143,6897.8815,14687.760714285714
22144,7066.589,14692.563529411764
22145,6630.835857142857,14679.33
22146,7713.822,14662.663333333332
22147,7338.8218,14684.48
22148,7851.19375,14703.85375
22149,6339.6,14699.104444444445
22151,6706.885249999999,14681.525
22152,7778.532700000001,14715.595000000001
22153,7389.202833333333,14724.453333333333
22154,6424.193714285714,14697.649285714286
22155,7921.157399999999,14708.438
22156,6493.870105263159,14706.78894736842
22158,6288.51425,14736.113333333335
22159,7231.112571428572,14710.692857142858
22160,6981.8182,14717.044
22161,7455.113,14727.627272727272
22162,7523.12325,14738.9275
22163,7063.263999999999,14744.674444444445
22164,6789.4275,14725.557499999999
22165,6657.832157894737,14751.376842105261
22166,6746.298333333333,14740.003333333334
22167,7205.182176470588,14762.63
22168,6182.12248275862,14770.310344827587
22169,6511.901368421053,14791.697894736842
22170,6797.169214285715,14781.708571428573
22171,6946.644666666666,14789.679333333333
22172,6453.985181818181,14782.242727272725
22173,7354.8231428571435,14789.594285714285
22174,7573.033153846153,14812.567692307694
22175,5997.72445,14798.995
22176,7440.72375,14803.995
22177,7500.9298461538465,14796.469230769231
22178,7284.1649333333335,14786.600666666667
22179,6389.28325,14802.3675
22180,6626.2182,14810.071
22181,7700.016166666667,14852.703333333333
22182,6319.0494,14834.262666666667
22183,6768.537636363637,14838.128181818181
22184,7263.0127142857145,14834.564285714285
22185,6835.137235294118,14838.885294117646
22186,6997.589,14842.0225
22187,6706.6956666666665,14835.906666666668
22188,6913.029642857143,14863.115714285714
22189,7153.233090909091,14851.20909090909
22190,6098.6191875,14839.538125
22191,6419.423294117647,14852.13
22192,6344.949916666667,14863.243333333334
22193,7634.281,14866.554545454546
22194,6594.791777777778,14890.433333333332
22195,6091.591666666667,14896.696666666665
22196,6378.1546,14922.422666666667
22197,6828.9622,14909.288
22198,7517.3526363636365,14899.720000000001
22199,7235.395692307692,14916.833846153846
22200,7432.561166666666,14901.048333333334
22201,7345.216428571429,14905.677142857143
22202,7060.757142857144,14893.662857142857
22203,7690.577833333333,14923.458333333334
22204,6933.001428571429,14927.869999999999
22205,7575.116909090909,14933.627272727272
22206,7836.8041875,14939.4725
22207,7758.514,14931.558571428572
22208,7419.391714285714,14947.767142857143
22209,6668.983941176471,14950.564117647058
22210,6134.636631578947,14943.928947368422
22211,6579.618285714286,14945.631428571429
22212,7091.906142857143,14947.505714285715
22213,7166.3835,14946.725
22214,6771.8153,14964.289999999999
22215,7026.714857142857,14971.828571428572
22217,7473.033,14986.050833333333
22218,6068.118741935485,14985.071935483871
22219,6911.4134,14982.64
22220,6855.001499999999,14972.366666666667
22221,7619.4908,14987.276000000002
22222,7948.824,14994.525454545454
22223,7319.797199999999,14986.723999999998
22224,7889.443571428571,15006.960000000001
22225,6281.511538461538,14999.76923076923
22226,6488.324166666666,15010.621666666666
22227,7211.8725,15004.936666666666
22228,7583.254857142857,15005.945000000002
22229,6441.098947368421,15016.716315789474
22230,6606.558055555555,15010.44888888889
22231,7523.305941176471,15018.53
22232,7841.432857142857,15020.145714285714
22233,6375.6472,15017.728
22234,6798.888199999999,15014.032000000001
22235,7167.6091,15044.12
22236,7704.67625,15018.970000000001
22237,7774.373750000001,15027.1475
22238,6153.8910000000005,15018.394285714285
22239,6228.387882352941,15026.174705882353
22240,7261.055857142857,15043.524285714286
22241,7045.151333333333,15058.404444444446
22242,7409.193352941176,15053.114705882354
22243,6058.4105,15058.942500000001
22244,6758.8027647058825,15055.425294117647
22245,6175.675333333333,15070.636666666667
22246,6649.116599999999,15054.438999999998
22247,6119.552235294118,15078.624705882352
22248,6899.610352941177,15058.971764705882
22249,6545.135043478261,15064.274347826087
22250,7730.828375,15082.04875
22251,7479.089,15083.608333333332
22252,6837.5104666666675,15064.182
22253,7114.1230625,15081.150625
22254,7791.233090909091,15075.548181818182
22255,7668.87523076923,15084.016153846153
22257,6011.915368421052,15078.44157894737
22258,6628.247833333334,15110.756666666666
22259,6975.2235,15116.909166666666
22260,7571.74525,15110.2975
22261,7850.599499999999,15112.31
22262,6921.496875,15119.635
22263,7290.901904761905,15108.016190476192
22264,7210.636875,15117.838125
22265,7404.0244999999995,15121.886666666667
22266,7769.146090909091,15149.216363636364
22267,6446.579833333333,15120.544444444444
22268,6810.667100000001,15127.74
22269,7047.6732,15136.8135
22270,6743.577357142857,15145.123571428572
22271,7675.240857142858,15151.27
22272,6600.106500000001,15159.425000000001
22273,6202.828,15136.775263157893
22275,6131.667315789474,15166.924736842106
22276,6291.160769230769,15137.203076923079
22277,7488.984636363637,15151.73090909091
22279,7871.284142857143,15182.592142857144
22280,7146.3845,15161.240833333331
22281,7329.928882352941,15167.385294117646
22282,6541.460125,15185.39875
22283,6779.6024705882355,15187.939411764706
22284,6055.620666666667,15178.1
22285,7427.041777777778,15184.217777777776
22286,6328.861250000001,15185.141666666668
22287,7083.2510909090915,15190.727272727272
22288,7535.550727272727,15188.089999999998
22289,6866.920888888889,15199.371111111112
22290,7267.924153846154,15194.966923076923
22291,7745.143272727273,15203.922727272728
22292,6919.726,15188.242000000002
22293,6453.506,15187.276666666667
22294,6986.6660909090915,15221.160909090908
22295,7949.399555555556,15212.722222222223
22296,7166.390333333333,15213.806666666665
22297,6197.706857142858,15207.402857142859
22298,6386.0241428571435,15234.024285714286
22299,7554.4873333333335,15248.726666666667
22300,6653.097599999999,15230.184
22301,7451.988411764706,15243.509411764706
22302,7874.551928571428,15237.482142857143
22303,6280.723384615384,15240.47
22304,7083.669222222223,15232.66
22305,7694.90008,15262.503600000002
22306,5998.6003,15250.810000000001
22307,7188.804999999999,15255.606
22308,7517.152692307693,15273.475384615384
22309,7599.755800000001,15275.045999999998
22310,6727.603222222223,15243.637777777776
22311,7360.455727272728,15259.002727272727
22312,7914.9113333333335,15277.901666666667
22313,6495.443684210526,15271.619473684212
22314,7279.630416666667,15275.223333333333
22315,7792.2859375,15273.13125
22316,6380.469599999999,15296.198999999999
22317,6216.296714285714,15292.35
22318,6971.0213,15287.222
22319,7111.218333333333,15291.032222222224
22320,6295.960714285714,15319.067857142858
22321,7362.561857142857,15306.244285714285
22322,7878.829285714286,15313.555714285714
22323,6135.9276,15316.022
22324,7184.465681818182,15322.925454545453
22325,7441.106,15323.375
22326,7821.13325,15335.661666666667
22327,6723.647199999999,15326.182999999999
22328,6469.262466666667,15326.952666666668
22329,7077.125833333333,15349.966666666667
22330,7296.650958333333,15352.967083333335
22331,6951.042545454545,15344.998181818182
22332,6824.213409090909,15334.217727272726
22333,6634.0111875,15335.245625
22334,7512.8394375,15352.553125
22335,7963.958428571429,15358.637142857142
22336,7411.915666666667,15390.293333333333
22337,7631.229611111111,15369.843888888889
22338,7876.527454545454,15375.175454545453
22339,7775.041538461538,15381.210769230769
22340,6552.344666666667,15369.236666666666
22341,6721.571000000001,15391.425714285713
22342,6862.5445714285715,15378.305714285714
22344,7163.848933333333,15386.962666666666
22345,6627.650166666666,15396.828333333333
22346,6096.777551724138,15402.593793103448
22347,6966.895200000001,15407.738000000001
22348,6351.569928571428,15410.226428571428
22349,6488.47309090909,15424.971363636363
22350,7697.2663125,15403.846875
22351,7113.38125,15429.535
22352,7770.2532,15434.886
22353,6768.0548181818185,15427.65
22354,7245.255266666666,15419.675333333334
22355,6250.1705999999995,15425.122
22356,7627.259181818182,15439.486363636364
22357,7870.084533333333,15434.274
22358,7956.880454545454,15428.122727272728
22359,6872.361857142858,15450.180714285714
22360,6160.8546470588235,15441.433529411765
22361,7203.528083333334,15450.254166666666
22362,7420.89705,15452.475
22363,6598.1044999999995,15452.149
22364,5988.493214285714,15462.575714285715
22365,6277.928428571429,15463.430714285714
22366,7002.490125,15467.19375
22367,7806.330199999999,15455.138
22368,7563.5271875,15454.665625
22369,6329.0564545454545,15469.205454545456
22370,6673.756857142857,15462.586428571429
22371,7309.606400000001,15469.931333333334
22372,6062.41076,15494.802
22373,7816.466,15499.456666666667
22374,7989.091222222221,15484.554444444444
22375,7114.635916666666,15490.989166666666
22376,6962.0261666666665,15494.581666666665
22377,7664.78075,15492.3325
22378,7725.297200000001,15503.684
22379,6556.725333333333,15512.313333333334
22380,7931.7187,15515.251999999999
22381,7549.319529411765,15521.854705882351
22382,6514.74925,15546.036666666667
22383,7190.147111111111,15517.172222222222
22384,7647.5535,15553.664999999999
22385,7872.643857142857,15530.158571428572
22387,6218.885692307692,15537.038076923076
22388,6416.762882352941,15540.588823529411
22389,6738.430363636363,15536.09181818182
22390,6312.596105263158,15536.858421052631
22391,6630.474533333333,15542.043333333333
22392,7344.443222222222,15535.817777777776
22393,7470.970625,15549.47625
22394,7056.056571428571,15551.509285714286
22395,7230.85075,15562.445
22396,6134.8890769230775,15557.33
22397,7718.331071428571,15579.675714285713
22398,7794.158764705882,15564.542352941175
22399,6589.943499999999,15588.965
22400,7580.9518333333335,15583.083333333334
22401,7948.927933333333,15577.549333333332
22402,7849.90525,15582.0475
22403,6897.974909090909,15597.446363636363
22404,6951.580666666666,15576.361666666666
22405,7127.477111111111,15574.04111111111
22406,6352.553142857143,15588.244285714287
22407,6756.8629,15606.054999999998
22408,6061.577206896552,15602.931034482759
22409,7179.885928571429,15626.103571428572
22410,7425.343363636363,15602.024545454544
22411,6244.741857142857,15591.857142857143
22412,7368.789941176471,15604.334705882353
22413,6975.1575555555555,15611.234444444442
22415,6162.729111111111,15635.725555555555
22416,6682.323222222222,15630.811666666666
22418,7744.617230769231,15652.966153846153
22419,6449.0196,15638.49
22420,7281.960695652174,15653.530869565218
22421,6546.2622,15636.792000000001
22422,7607.4664999999995,15653.34
22423,7914.168619047619,15655.872380952382
22424,6993.095909090908,15676.014545454545
22425,6238.0079,15682.041000000001
22426,7056.4935,15695.636999999999
22427,7144.67975,15687.951666666668
22428,6501.800461538462,15716.47230769231
22429,7455.521027777777,15703.733611111113
22430,7874.781875,15703.798125
22431,6588.958294117647,15709.807058823528
22433,6130.00709375,15735.7796875
22434,6657.960090909091,15726.83
22435,7283.662454545454,15729.801818181819
22437,7231.740294117648,15735.476470588233
22438,7589.819785714286,15754.705714285714
22439,6284.220090909091,15759.953636363636
22440,6412.009999999999,15746.026666666667
22441,6203.147066666667,15768.096666666668
22443,7377.058842105263,15748.904736842105
22444,7512.953571428572,15766.729285714286
22445,7904.0075,15776.229583333334
22446,6379.362375,15787.52
22447,6801.713647058823,15768.498235294115
22448,6976.300916666667,15800.136666666667
22449,7089.056529411764,15796.698823529412
22450,6475.825,15800.85882352941
22451,7156.3784117647065,15798.123529411763
22452,6082.863461538462,15825.517692307692
22453,6878.373699999999,15786.935999999998
22454,7427.727647058823,15805.881176470588
22455,7656.933639999999,15832.89
22456,6760.5425,15842.491666666667
22457,6795.2695,15834.178
22458,7350.698368421053,15834.97947368421
22459,6623.1821199999995,15830.266399999999
22460,7508.202944444444,15846.590555555556
22461,7762.321500000001,15843.1475
22462,7843.980357142857,15847.641428571429
22463,6270.13,15851.519285714285
22464,6880.3344,15857.266999999998
22465,6553.196285714286,15865.88761904762
22467,7027.633333333333,15871.661111111112
22468,6463.252789473684,15903.24842105263
22469,6752.696500000001,15926.035000000002
22470,7561.308769230769,15893.523076923077
22471,6890.467636363636,15909.986363636364
22472,6165.048692307692,15928.33
22473,6250.989142857143,15925.039999999999
22474,6633.87075,15909.07
22475,7316.487,15917.423333333332
22476,7696.339285714285,15917.6
22477,6990.138099999999,15924.170000000002
22478,7140.8456,15915.742
22479,6822.884999999999,15927.273333333333
22480,6106.304066666667,15934.475333333334
22481,7399.761391304347,15947.774347826087
22482,6935.6687999999995,15948.35
22483,6503.5948,15955.372
22484,6834.474999999999,15971.951875
22485,6335.757583333333,15971.376666666669
22486,6684.178428571429,15985.57142857143
22487,6583.772315789473,15963.03
22488,8570.559833333335,14013.735833333332
22489,8742.716428571428,13988.16
22490,9491.7488,13994.023000000001
22491,9742.356222222223,14005.402222222221
22492,8185.844529411764,14000.757647058825
22493,8903.623857142857,13966.319285714286
22494,9299.513727272728,14042.661818181818
22495,8321.281,14043.82
22496,9821.479111111112,14032.22111111111
22497,8391.096428571429,14050.511428571428
22498,9425.0782,14045.054
22499,9876.984555555557,14042.048888888889
22500,8825.449,14046.028888888888
22502,8129.6332142857145,14057.024285714286
22503,8910.831,14060.225714285714
22504,9488.900857142857,14039.029999999999
22506,8645.82988888889,14076.488888888889
22507,8767.247125,14096.70375
22508,8439.536045454546,14093.44590909091
22509,8182.617631578948,14098.654210526316
22510,9953.4399375,14090.076875
22511,9384.87675,14083.2975
22512,9498.1895,14091.803333333331
22513,8849.032166666666,14101.085
22514,9706.402666666667,14092.195555555554
22516,8102.462166666667,14124.266666666668
22519,9327.728166666666,14130.699166666667
22520,9516.518250000001,14128.865
22521,8733.001555555555,14152.393333333333
22522,9758.346,14177.426666666666
22523,8867.655,14166.265
22524,8037.457052631579,14164.322631578947
22526,9647.558375,14164.01875
22527,9398.182444444443,14192.781111111111
22528,8108.19588235294,14198.308235294116
22529,8661.148000000001,14189.235
22530,9044.554,14195.4075
22531,8873.768333333333,14209.536666666667
22532,8174.8746363636365,14203.732727272727
22533,9811.394708333333,14189.128749999998
22534,8284.895333333334,14203.483333333332
22535,8026.39675,14227.869999999999
22536,8763.154700000001,14235.885
22537,9496.467833333334,14236.355000000001
22538,9584.439142857142,14232.539999999999
22539,9116.353909090909,14245.217272727272
22540,8821.569384615384,14225.966923076923
22541,8702.667090909092,14252.677272727275
22542,9631.6885,14243.287142857142
22544,9312.0682,14254.206
22545,9181.886,14251.232727272727
22547,8879.8938,14271.136000000002
22549,8183.353,14291.766
22550,9915.281666666668,14258.991666666667
22551,8595.121,14269.64125
22552,8960.610666666667,14243.94
22553,8499.280416666666,14273.135
22554,9333.247599999999,14288.864000000001
22555,8535.498416666667,14303.105000000001
22556,8889.1928,14304.862
22557,8073.1135,14283.7625
22559,9649.186428571427,14323.889285714287
22560,9073.97275,14305.47875
22561,9949.858666666667,14323.07888888889
22562,9826.645117647058,14275.830588235294
22563,8829.655571428571,14316.56
22564,9132.653923076923,14334.066923076924
22565,9901.7864,14344.314000000002
22566,9373.25109090909,14323.49909090909
22567,8269.654499999999,14336.315
22568,9292.663941176472,14350.704705882354
22569,9573.33,14343.305
22570,8053.449727272728,14353.27090909091
22571,8649.572666666667,14345.6
22572,8993.628666666666,14361.006666666668
22573,8660.644666666667,14390.620833333334
22574,9387.056352941176,14380.464117647058
22577,9568.496153846154,14391.096923076924
22578,9824.7314375,14388.06625
22579,9205.392444444446,14394.455555555556
22580,9691.130285714285,14401.454285714284
22581,8060.5215,14403.248333333335
22582,8810.556571428571,14411.68142857143
22583,8760.806111111111,14401.202222222222
22584,8867.43975,14407.130000000001
22585,9250.7417,14422.707999999999
22586,8329.295600000001,14423.260999999999
22587,9741.345333333333,14413.288333333332
22588,8933.084,14440.7475
22589,9196.955166666667,14445.651666666667
22590,9097.931444444444,14438.083333333334
22591,8642.784916666666,14439.153333333334
22592,9910.986666666668,14413.33888888889
22593,9396.770636363637,14433.44090909091
22594,8171.172722222222,14446.398888888889
22596,8034.160399999999,14450.958000000002
22597,9725.485599999998,14494.594000000001
22598,9145.2725,14483.692500000001
22599,9446.630666666666,14475.958333333334
22601,8680.67325,14505.98
22602,9222.588444444445,14486.452222222222
22603,9929.417916666667,14502.811666666666
22604,8548.4512,14495.770666666667
22605,9546.346533333333,14493.338666666667
22607,8754.2955,14490.6075
22608,8270.936714285714,14503.720000000001
22609,8341.124533333334,14508.109333333332
22610,8837.523500000001,14520.371666666666
22611,8993.264000000001,14523.62
22612,8627.481,14518.805
22613,9376.785,14507.555714285714
22614,8091.626699999999,14517.647
22615,9588.20625,14512.0725
22616,8183.252153846154,14542.620769230769
22617,9241.255555555555,14551.374444444444
22618,9298.345642857143,14553.243571428571
22619,9343.251,14530.022
22620,9110.3365625,14547.253125
22621,8391.896142857144,14551.679999999998
22622,8061.395222222222,14551.037777777778
22623,8276.541666666666,14566.550000000001
22624,9532.132666666666,14546.08
22625,8031.6630000000005,14580.79
22626,8975.507666666666,14574.550833333333
22627,8102.944166666667,14603.655
22628,8649.001,14578.436363636363
22629,8537.173588235295,14573.208235294118
22630,9441.171285714285,14579.64
22632,9548.331,14611.396666666667
22633,9086.199,14607.395
22635,8731.1625,14581.1925
22636,8900.6235,14610.688999999998
22639,8494.025375000001,14617.82875
22640,8411.734666666665,14631.49
22641,8037.3204,14625.434
22642,8676.1096,14620.6
22643,9248.974142857143,14627.415714285715
22644,8973.3914,14634.535999999998
22645,9429.388555555555,14634.91
22646,9877.016,14633.539999999999
22647,8791.348,14648.5
22648,8584.9071,14644.215
22649,9386.356749999999,14663.3475
22650,9599.664,14651.414999999999
22651,9022.278,14664.58
22652,8282.095727272726,14662.386363636364
22653,9714.5853,14658.003
22654,8682.561166666666,14696.29
22655,8755.457666666667,14672.6
22656,9180.857399999999,14673.291000000001
22657,9980.664916666667,14675.710833333333
22658,9833.915571428572,14687.676428571429
22659,8855.14475,14684.883333333333
22661,9902.862705882353,14696.974705882354
22662,9366.440166666667,14692.485
22663,8477.484699999999,14716.276000000002
22664,9972.6265,14731.733333333332
22665,8917.2296,14709.304999999998
22666,9132.157833333333,14748.85
22667,9480.08825,14728.903333333334
22668,8542.531,14753.75
22671,9780.5215,14745.89125
22672,8954.750333333333,14756.388333333334
22674,9297.0441,14760.878
22675,9611.944666666668,14756.333333333334
22676,9890.5275,14778.715
22677,9360.2425,14761.403333333334
22678,8907.439833333334,14786.24
22680,9985.9792,14789.936000000002
22681,8048.118799999999,14786.932
22682,8798.505333333333,14779.486111111111
22683,9208.853727272728,14774.954545454546
22684,9814.511133333335,14808.312666666667
22685,9727.331333333334,14797.449999999999
22686,9093.6166,14784.641999999998
22687,9345.285777777777,14810.297777777778
22688,8987.66309090909,14825.17
22689,9640.7947,14800.893
22690,8124.6822,14815.456
22691,9535.197222222221,14835.689999999999
22692,9142.1705,14838.595
22693,9049.0602,14841.889
22694,8447.013571428572,14835.34
22695,9616.649666666666,14863.251666666669
22696,9448.0505,14824.30625
22697,9305.834666666668,14839.633333333333
22698,8190.502666666666,14839.435
22699,9898.09557142857,14851.282857142856
22700,9699.254625,14878.4675
22701,9488.46875,14885.041500000001
22702,9238.528833333334,14851.746666666666
22703,9960.800636363636,14885.40818181818
22705,9420.940599999998,14905.756
22706,8442.7375,14896.605
22707,8510.256875,14868.02875
22708,9196.986,14893.995454545455
22709,9277.422166666665,14899.426666666666
22710,9849.762555555555,14888.467777777776
22712,9761.629181818182,14899.235454545455
22713,8073.608538461539,14892.598461538462
22714,8795.720000000001,14905.369999999999
22715,9538.416333333333,14917.741666666667
22716,8228.566076923076,14910.622307692307
22717,9234.291,14919.42
22718,8546.227421052632,14928.874210526315
22719,9312.8004,14930.564000000002
22720,8635.078,14911.295999999998
22721,9619.244,14939.554285714286
22722,8932.196875,14943.15375
22723,8852.880666666666,14934.098333333333
22724,9779.201777777778,14956.18888888889
22725,9941.16388888889,14964.133333333335
22726,9351.177749999999,14943.825
22728,9017.678555555556,14962.501111111113
22729,8406.005666666666,14973.876666666665
22730,8780.535454545454,14982.373636363638
22731,8658.307923076924,14986.399230769232
22732,9494.059909090909,14966.890909090907
22733,9563.152,14985.554999999998
22734,8979.439428571428,15015.699999999999
22735,9705.46257142857,15001.562857142857
22736,8365.629545454545,15007.299090909091
22737,9786.462333333333,15026.426666666666
22738,9922.64225,15019.813750000001
22739,9165.935333333333,15011.483333333332
22740,8561.265,15028.565
22741,9859.71425,15046.7
22742,9281.423999999999,15048.196666666665
22743,9076.412,15067.4725
22744,9965.7066,15073.770666666667
22745,8670.598250000001,15069.9225
22747,8997.056555555557,15075.724444444446
22748,9328.87475,15081.8675
22749,8150.941666666667,15094.363333333333
22750,9227.080142857143,15085.442857142858
22751,9121.745866666666,15084.285333333333
22752,9520.917,15122.563636363637
22753,9591.282799999999,15126.596
22754,8800.392600000001,15098.916000000001
22756,9127.8946,15152.898000000001
22757,9005.8249,15148.978
22758,8322.21357142857,15125.954285714284
22759,8890.215,15138.49
22760,9669.012833333332,15157.286666666667
22761,8068.8930909090905,15136.04
22762,8208.841444444444,15167.112222222224
22763,8450.139666666668,15151.598333333333
22764,9745.6855,15169.811666666666
22765,9796.6725,15174.9525
22767,9492.0853,15176.538
22768,8151.179666666667,15177.710833333333
22770,9415.877499999999,15165.265
22771,7973.833666666667,15125.644666666665
22772,8553.718428571428,15194.83857142857
22774,8261.0515,15189.381666666666
22775,8349.767125,15197.91875
22776,9573.5275,15219.255000000001
22777,8616.639428571429,15217.192857142858
22779,8165.9856,15209.004
22780,9915.4457,15227.253
22781,8417.961800000001,15212.073999999999
22782,9262.138,15229.99
22784,8021.0685,15216.265
22785,9176.3805,15215.895
22786,8082.678,15217.977142857142
22787,9469.456166666667,15234.648333333333
22789,9831.647769230769,15227.663076923076
22790,9709.958333333334,15197.988333333335
22791,8107.6834,15259.789999999999
22792,8697.683111111111,15249.632222222222
22793,8572.126,15248.048
22794,8201.654285714287,15237.460000000001
22795,9540.650285714286,15258.14857142857
22796,9601.864727272727,15260.291818181817
22798,9387.583625,15273.1475
22799,8262.38675,15252.03
22800,7992.385285714286,15274.313571428573
22801,8061.361125,15275.35375
22802,8469.483333333332,15266.04
22803,8554.991375,15293.32625
22804,8749.6995,15265.880000000001
22805,8311.070375,15277.795
22806,9471.857,15307.02
22807,8369.193142857142,15297.31
22808,8423.659833333333,15309.873333333335
22809,8809.569833333333,15324.661666666667
22810,8257.367,15304.405
22811,8080.086,15323.146666666667
22812,8200.3346,15291.612
22813,8587.056,15315.3875
22814,9698.01015,15314.319500000001
22817,8731.738000000001,15329.813333333334
22819,8023.6473,15334.581
22820,8487.4541875,15321.750625
22821,8630.81118181818,15331.125454545456
22822,8265.331444444446,15356.81111111111
22824,8392.768,15364.565555555555
22825,8874.246,15317.013333333334
22827,8193.671,15350.055
22828,9852.232142857143,15362.452142857144
22829,8552.3565,15369.286666666667
22830,9068.262,15375.573333333334
22831,8078.996666666667,15367.828333333333
22833,8819.2545,15377.074285714287
22834,9178.58992857143,15398.632142857143
22835,8135.0991875,15397.195
22836,8471.898,15387.718571428572
22837,8940.42111111111,15389.046666666669
22838,9261.512785714285,15398.037857142857
22839,8556.011375,15410.78125
22840,8040.462307692307,15421.832307692308
22841,9095.8065,15424.068333333335
22842,8857.1904,15421.642000000002
22843,9884.3746,15412.728
22844,9928.683857142856,15425.941428571428
22845,8324.706411764706,15416.32
22846,8768.1653125,15423.049375
22847,9289.209444444445,15439.046666666665
22848,8482.875636363637,15459.46
22850,9016.745666666666,15451.522666666666
22851,9369.247625,15446.36625
22852,8237.85225,15452.555
22853,8819.599,15474.635
22854,8388.314333333334,15452.255333333333
22855,8551.583818181818,15467.242727272725
22856,9571.52825,15473.025
22857,8630.2928,15494.978
22858,8046.734909090909,15486.846363636363
22859,9250.60525,15505.74375
22860,8729.612384615386,15492.884615384615
22861,8524.7238,15511.438
22862,9114.7496875,15512.788125000001
22863,9517.058461538461,15507.418461538462
22864,9405.802944444446,15518.553333333335
22865,8884.4564375,15514.06
22866,8154.484869565217,15519.754782608696
22867,8421.507214285713,15537.069285714286
22868,8332.9766,15520.9892
22869,9577.697777777777,15537.636666666667
22870,9659.652357142857,15536.297857142858
22871,8773.402416666666,15541.075833333334
22872,9717.261,15534.667777777779
22873,8943.233333333334,15537.428333333335
22874,9303.747421052632,15556.109473684211
22875,9449.722,15561.09
22876,8247.970555555556,15552.402222222221
22877,8490.23696551724,15581.618275862069
22878,9781.9365,15581.131875000001
22879,9619.748588235294,15582.104705882355
22880,8778.297636363637,15591.752727272727
22881,9353.1255,15581.574166666665
22882,9013.033642857143,15584.339285714286
22883,8395.6588125,15617.49125
22884,9843.974400000001,15598.359333333334
22885,8149.224538461538,15614.251538461538
22886,8068.68411111111,15604.794444444444
22887,9429.279235294118,15621.61411764706
22888,9515.635181818181,15606.1
22889,8258.244499999999,15626.358571428571
22890,8334.833307692308,15619.42153846154
22891,9716.2998,15626.592999999999
22892,9632.486578947368,15629.523157894737
22893,8666.887882352941,15621.245294117645
22894,9957.210722222222,15617.786666666665
22895,9163.856319999999,15646.4504
22896,8018.8708,15640.232
22897,8939.7231,15645.173
22899,8866.783800000001,15662.982
22900,9050.801647058823,15657.414705882353
22901,9523.239166666666,15673.914166666667
22902,9827.322,15653.596428571429
22903,8176.499578947369,15687.193684210526
22904,8550.815631578947,15670.351578947368
22905,8096.246,15671.875
22906,8760.210538461539,15671.33923076923
22907,9416.541071428572,15678.360714285713
22908,9595.10376923077,15691.462307692309
22909,8020.262222222223,15695.613333333333
22910,9930.256833333333,15684.703888888887
22911,8329.134875,15696.94
22912,8942.0915,15689.855000000001
22913,9862.6670625,15715.1425
22914,9469.79376923077,15710.732307692308
22915,9758.403833333334,15714.730416666665
22916,9348.245357142858,15718.615
22917,9676.089,15711.158333333333
22918,8666.2870625,15724.041875
22919,8264.066076923076,15722.738461538462
22920,9031.146071428571,15713.132142857143
22921,8072.314199999999,15747.446
22922,8755.278066666668,15753.05
22923,8866.9946,15737.654
22924,8590.227695652173,15758.401304347824
22925,8815.510333333334,15752.315999999999
22926,9051.5069,15758.814000000002
22927,9917.6782,15758.606
22928,8193.68875,15773.701875
22929,9385.970458333333,15770.704583333332
22930,9978.3,15756.79
22931,9683.21435,15787.5685
22932,8323.387285714287,15789.391428571429
22933,9225.997000000001,15802.645454545454
22934,8502.517222222223,15806.313333333334
22935,8834.456357142857,15815.437142857143
22936,9046.4673125,15806.938125
22937,9617.61375,15799.717499999999
22938,8112.555944444445,15810.540555555555
22939,8904.90811111111,15808.991111111112
22940,8974.0835625,15816.15
22941,9804.8022,15823.243333333334
22942,9444.050789473684,15811.754210526316
22943,8681.69275,15812.144166666667
22944,9350.916,15816.518333333333
22945,8570.766176470588,15842.477647058824
22946,9275.7496,15836.73
22947,9640.731733333332,15856.702666666668
22948,8321.289625,15861.60375
22950,9958.17807142857,15839.969285714285
22951,9511.707,15858.04
22952,8746.963666666668,15867.876666666665
22953,7991.632391304348,15875.267391304349
22954,8963.563750000001,15891.675
22955,9371.537304347827,15883.392173913044
22956,9096.400166666666,15895.63
22957,8223.6852,15902.030999999999
22958,8500.746285714285,15891.348571428573
22959,9692.5715,15886.015
22960,8373.547684210525,15899.216842105263
22961,9877.706714285714,15898.484285714285
22962,8167.2011,15906.499
22963,8082.288181818181,15907.563636363637
22964,8618.463125,15909.25375
22965,9211.461125,15912.4375
22966,9616.40961111111,15915.545555555556
22967,8709.235499999999,15924.164
22968,9286.900181818182,15918.727272727272
22969,9773.678615384615,15935.84
22970,9155.388882352941,15948.065294117647
22971,9427.735947368421,15916.726842105263
22972,8282.274153846154,15950.306153846155
22973,8465.7048,15939.961
22975,9931.014,15963.630666666666
22976,9659.386533333334,15974.418666666666
22977,8006.8315172413795,15971.268965517242
22978,9586.44875,15970.9125
22979,9498.694,15973.485714285713
22980,9733.896142857144,15987.412142857142
22981,11898.867857142857,13994.737142857144
22982,10168.778571428571,13995.195714285714
22983,10641.54,14020.935454545455
22984,10681.82,14023.431111111111
22986,10755.17090909091,14027.089999999998
22987,11491.618333333334,14014.886666666667
22988,10822.81857142857,14023.892857142857
22989,10991.913,13994.032000000001
22990,11960.344444444445,14043.093333333332
22991,11112.777777777777,14026.617777777778
22992,11173.104545454546,14039.16909090909
22993,11353.358799999998,14045.906
22994,11053.522222222222,14039.586666666666
22995,10424.4525,14054.45625
22996,10476.23625,14074.71625
22997,10694.467142857144,14068.251428571428
22998,10815.79,14065.70625
22999,11777.153333333334,14057.537777777778
23000,11097.036666666667,14085.998333333335
23001,10990.2225,14071.9625
23002,11827.394166666667,14117.11
23003,10542.142857142857,14099.807857142858
23004,11688.861481481481,14099.524074074076
23005,11904.292222222222,14094.84888888889
23006,11972.726153846153,14117.354615384615
23007,10907.772,14091.032000000001
23008,11607.965454545454,14103.049090909091
23009,10077.967857142856,14100.066428571428
23010,10747.144285714285,14105.437857142857
23011,10298.539999999999,14131.466666666667
23012,10352.046363636364,14126.275454545454
23013,11244.7325,14127.5725
23014,11065.166666666666,14132.394999999999
23015,10825.065,14135.628125
23016,10091.9,14156.604000000001
23017,10978.225789473685,14153.198947368423
23018,10144.3225,14139.14
23019,10228.126666666667,14178.472222222223
23020,11861.57,14175.854444444445
23021,11637.914444444445,14168.768888888888
23022,9978.1255,14182.332727272727
23023,10131.908571428572,14211.157142857144
23024,11636.477333333334,14227.503333333332
23025,10018.022857142858,14243.587142857143
23026,10655.823333333334,14207.980000000001
23027,10977.135,14226.35
23028,11883.115625,14224.870625
23029,10207.1175,14238.483125
23030,11012.568333333335,14233.006666666668
23031,11097.305,14241.985
23032,11558.314375,14230.404375
23033,10523.406363636364,14245.121818181819
23034,10726.174545454545,14234.086363636365
23035,11170.963333333333,14253.478888888889
23036,11376.469333333334,14248.107333333332
23037,11511.632307692307,14254.414615384616
23038,10622.201111111111,14266.944444444445
23039,10852.857368421053,14253.107894736842
23040,11787.439523809524,14264.056666666667
23041,10268.952142857142,14264.6
23043,10754.09,14282.422857142858
23044,10336.463333333333,14290.326666666666
23045,10870.08,14300.843333333332
23046,11436.99142857143,14298.515714285715
23047,11639.822631578947,14314.103684210524
23048,11927.457777777778,14322.494444444445
23049,11759.07,14336.84
23050,11050.795555555556,14324.89
23051,10160.977499999999,14302.4475
23052,10543.891,14326.634
23053,10812.175454545453,14323.733636363637
23054,11267.747272727273,14325.67090909091
23055,11356.927,14331.355
23056,11845.357,14327.738000000001
23057,11479.937142857143,14354.255714285715
23058,11532.240909090908,14338.399090909092
23059,11419.9775,14347.67375
23060,10078.702000000001,14373.806
23061,10745.667142857143,14349.379285714285
23062,10383.377142857142,14354.256190476191
23063,10151.55625,14387.27125
23064,11039.54375,14373.56125
23065,10278.646666666666,14352.757777777779
23066,10889.555833333334,14383.948333333334
23067,10217.814999999999,14384.23
23069,10797.20857142857,14396.885
23070,11306.776666666667,14401.726666666667
23071,10404.665,14403.0525
23072,11185.8905,14398.520999999999
23073,10712.883,14392.088
23074,11260.094285714285,14430.187142857143
23075,11594.795454545454,14403.854545454546
23076,11107.05625,14420.8625
23077,11510.198571428571,14412.62642857143
23078,10647.787,14424.251999999999
23079,11780.581538461538,14432.112307692307
23080,11056.87611111111,14446.765
23081,11899.182666666666,14455.316666666668
23082,10995.038333333332,14438.793333333333
23083,10246.814615384616,14451.724615384614
23084,11206.55875,14478.25375
23085,10163.837777777777,14472.294444444444
23086,11381.9912,14458.8032
23087,10489.41304347826,14426.925217391306
23088,11596.248571428572,14447.691904761903
23089,10548.677692307692,14482.533076923077
23090,10707.384666666667,14470.975999999999
23091,10423.395999999999,14450.696
23092,11303.250833333334,14477.213333333333
23093,10359.1975,14494.7625
23094,10288.545333333333,14508.693333333333
23095,10804.224545454546,14486.813636363637
23096,11513.6455,14502.886499999999
23097,11569.619999999999,14512.060000000001
23098,10736.522500000001,14513.265
23099,11158.318,14513.55
23100,11771.408095238095,14495.930476190475
23101,10461.2375,14536.86
23102,11643.720000000001,14525.964166666667
23103,10407.921428571428,14533.584285714285
23104,10531.934166666668,14543.5525
23105,11895.878571428571,14534.148571428572
23106,10212.225833333332,14549.886666666667
23107,11080.717647058824,14538.108235294118
23108,11318.27125,14553.36625
23109,11212.257368421051,14541.797368421054
23110,10111.272500000001,14557.060833333335
23111,11384.576666666668,14537.847500000002
23112,10764.258823529412,14565.056470588235
23113,10851.263636363636,14556.438181818183
23114,11146.982857142857,14566.152857142855
23115,11456.688823529412,14573.171764705883
23116,11558.188333333334,14558.52611111111
23117,10964.066,14562.704999999998
23118,10599.826666666666,14573.353333333333
23119,9993.4025,14584.67
23120,11666.116956521739,14599.863913043479
23121,11918.640833333333,14581.874166666666
23122,11245.975714285714,14596.694285714286
23123,11075.74,14601.156842105262
23124,11399.275333333333,14605.998666666668
23125,10070.579999999998,14611.060000000001
23126,10913.352,14617.117999999999
23127,11167.8375,14622.33
23128,11279.047999999999,14620.866
23129,10407.795,14628.380000000001
23130,10195.800000000001,14615.882142857143
23131,10849.732857142857,14626.985714285713
23132,11565.906500000001,14617.164999999999
23133,10277.83,14617.345555555554
23134,11326.495384615384,14633.212307692309
23135,10637.183333333332,14636.57
23136,11861.76894736842,14644.004210526316
23137,11074.201666666668,14655.679166666667
23138,10529.044166666667,14652.644166666667
23139,10275.858,14665.685999999998
23140,11647.79111111111,14660.428888888888
23141,10687.46625,14671.977499999999
23142,11949.901,14664.651000000002
23143,10965.476666666666,14683.828
23144,11570.565384615385,14704.077692307694
23145,11163.659444444444,14696.758333333335
23146,11429.188181818183,14689.074545454547
23147,10780.0465,14689.770499999999
23148,10610.051578947368,14709.773684210528
23149,10886.037,14699.335000000001
23150,11355.78052631579,14705.22894736842
23151,10142.355,14699.872
23152,11236.212777777777,14713.347777777779
23153,11484.343333333332,14715.348666666667
23154,11830.91,14725.38705882353
23155,10066.496190476191,14709.149047619048
23156,11742.082,14696.412
23157,11530.186363636363,14735.422727272728
23158,11654.595000000001,14734.807142857142
23159,11032.647333333332,14707.854666666668
23161,10806.003333333332,14733.795
23162,11116.799411764705,14744.167647058825
23163,10203.459285714285,14726.710714285715
23164,10700.6575,14734.588749999999
23165,10059.385714285714,14775.247857142856
23166,10126.17857142857,14760.85
23167,10451.901333333333,14733.031333333334
23168,10544.554210526316,14776.923684210526
23169,11036.511666666667,14791.509166666665
23170,11298.16111111111,14769.281111111111
23171,10960.817,14788.073999999999
23172,10266.459285714285,14784.566428571428
23173,10371.038571428571,14771.162857142856
23174,11926.93125,14782.74875
23175,11733.34,14798.390000000001
23176,10797.09888888889,14805.029444444446
23177,11205.8475,14779.8275
23178,11123.828888888887,14798.785555555556
23179,10151.075,14809.115
23180,11807.615,14807.323333333334
23181,11375.276666666667,14814.251666666665
23182,10445.58,14791.215555555556
23183,10897.971,14830.103
23185,10632.087692307694,14839.658461538462
23186,11445.15,14826.225
23187,11160.393636363637,14847.123636363634
23188,10027.6675,14824.475
23189,11539.327272727272,14845.024545454544
23190,10122.761764705883,14869.698823529412
23191,10205.497142857143,14840.09
23192,11725.330666666667,14869.491333333333
23193,10340.542666666668,14869.7
23194,11344.047999999999,14901.862
23195,10048.468461538461,14892.466923076923
23196,10833.028333333334,14884.966666666667
23197,11242.03611111111,14901.692777777776
23198,10971.875,14875.6675
23199,11844.553181818183,14900.892272727273
23200,10541.462,14900.996
23201,11432.703684210526,14894.93052631579
23202,10211.606428571427,14910.906428571428
23203,11057.154166666667,14912.700833333334
23204,11502.064,14914.452
23205,10759.113333333333,14904.715000000002
23206,10696.914444444445,14920.066666666668
23207,10484.665555555555,14946.707777777778
23208,10402.618461538463,14940.106153846154
23209,10807.13117647059,14943.768823529412
23210,10937.975,14941.797857142858
23211,11250.726666666667,14954.813333333334
23212,11168.35,14970.242000000002
23213,11593.122592592592,14972.302592592592
23214,11297.698,14972.832999999999
23216,10218.051764705882,14986.642352941175
23217,11391.954444444444,14982.563333333334
23218,10533.59,15010.374
23219,10881.102499999999,14999.024166666668
23221,10922.555,15009.02
23222,10105.655882352941,15005.601764705882
23223,10351.511,15015.495
23224,10274.698333333334,15030.999166666666
23225,11119.936666666666,15029.106666666667
23226,11815.573846153846,15020.823846153846
23227,10972.416000000001,15033.795999999998
23228,11329.219545454545,15054.532727272728
23229,10708.639090909091,15015.661818181818
23230,10731.269999999999,15049.446666666665
23231,11892.363846153847,15067.06846153846
23233,11519.019166666667,15062.792500000001
23234,11710.69,15070.878571428571
23235,10331.314666666667,15082.778
23236,10889.932307692306,15092.673076923076
23237,11034.72111111111,15079.162777777778
23238,10673.082,15085.485999999999
23239,11182.482,15079.914
23240,11406.6475,15092.031666666668
23241,10075.671875,15109.850625000001
23242,10379.173333333334,15107.873333333335
23243,10963.440555555555,15106.440555555555
23244,10405.624,15100.692000000001
23245,10787.025,15106.067777777776
23246,11520.07142857143,15109.162857142857
23247,10546.910526315789,15104.262631578948
23248,11603.859,15101.067000000001
23249,10204.694615384615,15113.549230769231
23250,11113.765217391305,15125.019565217392
23251,11658.356666666667,15126.65111111111
23252,11805.158571428572,15121.441428571428
23253,10675.846399999999,15173.830800000002
23254,10363.385333333334,15169.991333333333
23255,11884.859130434783,15144.114347826087
23256,10579.033076923077,15185.213076923075
23257,10750.381428571429,15171.23
23258,10474.309166666666,15143.804166666667
23259,11466.493333333334,15151.103333333333
23260,10827.526875,15157.454375
23261,11699.655714285715,15152.751428571428
23262,11586.416000000001,15176.26
23263,10899.923333333332,15172.196666666665
23264,11399.83625,15178.38125
23265,11527.293636363636,15187.804545454546
23266,10278.995333333332,15187.483333333334
23267,10974.420833333332,15175.695
23269,11313.691111111111,15194.880000000001
23270,11775.545,15165.2
23271,11210.981052631578,15173.576842105263
23272,11736.643333333333,15164.996666666668
23273,10492.046666666667,15202.136666666667
23275,10970.198571428571,15230.925714285713
23276,11621.58,15225.08
23277,11959.477826086955,15210.298695652175
23278,11870.822307692308,15225.023076923078
23279,10845.076399999998,15232.2348
23280,11709.648235294117,15246.786470588235
23281,11459.868666666667,15232.820666666667
23282,11351.41,15249.30125
23283,11244.8825,15229.186875
23284,11124.903846153846,15253.460000000001
23285,10153.293333333333,15276.527499999998
23286,10733.77,15253.62
23287,10651.562,15271.14
23289,11936.05625,15266.1175
23290,10788.674545454545,15253.02090909091
23291,10943.65,15269.397272727272
23292,11045.30625,15256.05625
23293,11283.150800000001,15290.4696
23294,10065.965,15290.135714285714
23295,11436.305789473685,15291.945789473682
23296,10227.502222222223,15296.124444444444
23297,11352.99923076923,15302.960000000001
23298,11892.8725,15297.41
23299,10763.486,15305.996
23300,11209.710769230769,15309.372307692307
23301,11519.492857142857,15276.384285714286
23302,10866.229166666666,15305.4425
23303,11598.157826086957,15320.588695652174
23304,11011.2975,15324.896666666667
23305,10951.878,15327.391999999998
23306,11746.544,15303.629
23307,11109.386153846153,15330.99076923077
23308,9991.775,15298.969166666668
23309,11680.463,15344.604000000001
23310,11410.94,15351.369999999999
23311,10257.417777777779,15352.184444444445
23312,11965.2825,15363.58
23313,11321.23,15353.942500000001
23314,11523.218571428572,15363.01
23315,10114.326666666666,15364.513333333334
23316,11886.094444444445,15352.831111111112
23317,10170.836153846154,15361.625384615385
23318,10335.727272727272,15379.501818181818
23319,11654.567222222222,15389.168333333335
23320,11288.363333333335,15403.173999999999
23321,11856.870714285715,15415.368571428571
23322,11382.492608695651,15419.126956521739
23323,10262.371428571429,15417.151428571427
23324,10462.607142857143,15406.57142857143
23325,11190.256666666666,15395.157777777778
23326,10385.024666666666,15429.152666666667
23327,11489.93625,15420.664375
23328,11577.339411764706,15427.276470588236
23329,10019.337,15435.670000000002
23330,11439.564285714285,15427.184285714286
23331,11717.667857142858,15433.934285714287
23332,10767.348571428573,15426.002857142856
23333,10102.002,15427.596
23334,11942.486153846154,15463.306923076922
23335,10194.055,15459.84375
23336,11777.113333333335,15469.19888888889
23337,10807.195,15461.93875
23338,10137.11,15460.803333333335
23339,10945.797777777778,15479.665555555555
23340,10312.205,15471.074999999999
23341,10521.45,15489.0
23342,10871.710000000001,15494.165
23343,11462.85,15477.446666666669
23344,11845.57181818182,15497.888181818182
23345,10377.933333333332,15496.276666666667
23346,11006.6675,15490.17125
23347,10446.176666666666,15504.506666666666
23348,10714.906666666668,15508.813333333334
23349,11615.96875,15507.79125
23350,11892.96,15516.826666666666
23351,10784.86888888889,15523.202222222222
23352,10945.714705882352,15542.800588235294
23354,11728.436666666666,15557.588333333333
23355,10666.705,15544.411666666667
23356,11036.832857142857,15555.952857142856
23357,10619.544285714286,15545.85
23358,11911.282666666666,15565.362666666666
23359,10860.474736842105,15561.138421052632
23360,11801.147,15565.338
23362,10744.99,15579.730000000001
23363,11498.711666666668,15604.503333333334
23364,11245.176923076922,15564.626923076923
23366,10074.469333333334,15597.640000000001
23368,11472.88,15646.318333333335
23371,11562.413333333332,15628.61
23373,10148.142307692307,15639.056153846155
23374,10064.885833333334,15659.860833333332
23375,10360.585555555555,15672.22111111111
23376,10467.531111111111,15669.377777777778
23377,11773.48,15670.854000000001
23378,10287.139411764705,15681.39117647059
23379,10179.911666666667,15707.511666666667
23380,10017.584352941178,15691.601764705882
23381,11671.565,15694.986666666666
23382,11576.8075,15709.955
23383,10555.916666666666,15695.0
23385,11929.58238095238,15717.121428571429
23386,11862.944583333332,15732.524166666668
23388,10424.637142857144,15730.06
23389,10360.677142857143,15731.735714285713
23390,10603.559285714286,15731.434285714286
23391,10705.212222222222,15748.275555555556
23392,10529.022857142858,15750.115714285714
23393,10067.458333333334,15744.291666666666
23394,10794.957272727273,15754.279999999999
23395,10944.956153846153,15759.383076923077
23396,10172.404545454545,15757.18
23397,10310.526249999999,15774.789375
23399,10728.886363636364,15796.967272727274
23400,10091.856111111112,15805.196666666665
23401,10551.176,15809.910999999998
23403,10378.67,15827.445
23404,10423.9,15818.043125
23405,10481.046666666667,15811.230833333333
23406,11009.077142857142,15810.970000000001
23407,10814.640000000001,15804.625384615385
23408,11143.154,15823.847999999998
23409,10255.364210526315,15827.947368421053
23411,11079.2675,15824.07125
23413,10687.69,15852.422857142856
23414,10857.143333333333,15862.766666666668
23415,10793.702857142856,15850.294285714286
23416,10028.023529411765,15850.997647058824
23418,10128.42,15860.692000000001
23419,11365.0125,15842.165
23421,11463.843333333332,15891.593333333332
23423,11301.06,15878.863333333333
23424,10377.704375,15882.82625
23426,10608.35375,15889.115
23428,11108.558333333334,15907.663333333332
23429,10189.617272727271,15915.346363636363
23431,11209.111666666666,15909.641666666668
23434,10495.574285714287,15931.802857142857
23435,10043.34,15940.162105263158
23436,10627.223333333333,15939.4
23439,11309.73625,15921.565
23440,10786.9825,15955.582499999999
23441,10707.878888888888,15937.187777777777
23442,11359.698571428571,15938.765714285715
23443,10952.372222222222,15948.637777777776
23444,11566.152857142859,15946.034285714286
23445,11403.35,15968.748000000001
23446,11450.32,15958.374
23447,10151.205454545454,15955.286363636364
23448,10668.85,15975.19
23449,10997.395384615385,15967.209230769231
23450,11489.134,15962.694
23451,10872.196923076923,15982.451538461539
23453,11069.76,15967.394999999999
23454,12830.065714285714,14004.41857142857
23455,13931.777058823529,14007.659411764706
23456,12132.084444444445,14012.113333333335
23457,12259.876315789474,13986.843157894738
23458,13882.646666666667,14023.13
23459,12570.57111111111,13986.390555555556
23460,12913.672999999999,14035.082999999999
23461,13421.410666666667,14020.467333333334
23462,12364.978666666666,14022.766666666666
23463,13169.688888888888,14039.111111111111
23464,12025.111111111111,14016.975555555555
23466,13092.636999999999,14043.019
23467,13269.540666666666,14033.189333333334
23468,12484.669166666667,14044.862500000001
23470,12528.738000000001,14051.905999999999
23471,12593.52,14070.497142857143
23472,12845.808125,14084.58
23473,12164.815833333334,14068.394999999999
23474,12379.225,14097.5075
23477,13378.13105263158,14102.821052631578
23478,13224.515833333333,14106.708333333334
23479,12338.356666666667,14102.266666666668
23480,13941.141666666668,14118.876666666669
23481,12417.765,14112.49
23482,13029.39375,14120.21375
23483,12691.864347826087,14127.845217391305
23484,12792.972727272729,14153.636363636364
23485,12156.156666666668,14131.345000000001
23486,13869.39,14125.634
23487,12481.637692307693,14143.993076923078
23488,12567.793333333333,14130.113333333333
23489,12955.881333333333,14137.867333333334
23490,12908.165,14144.875
23491,12201.623333333335,14171.628333333334
23493,12094.346,14156.394
23494,12341.0445,14174.7065
23495,12627.847619047618,14197.252857142857
23496,13198.779999999999,14193.239000000001
23497,13102.264285714287,14189.994285714287
23499,12502.54125,14193.08
23500,12722.57875,14229.265
23501,12572.260714285714,14226.727857142858
23502,13812.215,14235.8325
23503,12994.365,14225.0525
23504,12133.488888888889,14220.16888888889
23505,12384.562307692308,14247.726153846153
23506,12881.74142857143,14247.954285714286
23507,13211.34,14239.332941176472
23508,13043.668,14245.148000000001
23509,12257.409999999998,14219.796666666667
23510,12308.181666666665,14234.899166666668
23511,12483.189473684211,14259.545263157894
23512,12207.447142857143,14248.108571428571
23513,12540.858333333332,14286.9425
23514,13119.94090909091,14273.472727272729
23515,12793.420588235294,14268.274705882353
23516,13751.348571428573,14287.715714285714
23517,13187.906666666668,14282.546666666667
23518,12125.130909090909,14307.15
23519,13815.316400000002,14302.698800000002
23520,12292.677777777779,14317.564444444444
23521,12843.365714285714,14310.378571428571
23522,12988.350999999999,14324.506
23523,12029.978235294118,14324.402941176471
23524,12232.294444444444,14316.842222222222
23525,12741.059375,14334.196875
23526,13880.061666666666,14337.4525
23527,12387.302666666666,14372.019333333334
23528,13769.934615384615,14359.236153846154
23529,12047.715263157894,14382.688947368422
23530,12211.91111111111,14369.971111111112
23531,12139.30125,14382.02125
23532,12812.43894736842,14396.866315789475
23533,12875.94,14419.326000000001
23534,12281.385714285714,14411.012857142856
23535,13801.885714285714,14412.9525
23536,13024.21,14424.325
23537,12954.663333333332,14436.480000000001
23538,12197.82,14428.205
23539,12121.802222222223,14442.453333333333
23540,12642.662857142856,14430.885714285712
23541,12710.926,14432.288
23542,13073.466470588235,14443.334117647059
23543,13731.528333333334,14440.928333333331
23544,13514.640833333333,14439.918333333333
23545,13584.656470588236,14462.502352941177
23546,12263.801,14485.810999999998
23547,12424.380000000001,14469.074615384616
23549,13779.198,14478.162
23550,13664.6725,14465.560000000001
23551,12139.417142857143,14495.228571428572
23552,12782.434210526315,14483.533684210526
23553,12737.041428571427,14524.36
23554,12965.905555555555,14526.506111111112
23555,12537.563913043477,14524.172608695651
23556,13810.55125,14531.656875
23557,12463.209523809524,14539.053333333333
23558,12238.323333333334,14515.62
23559,12083.271428571428,14517.602857142858
23560,13525.876666666667,14525.566666666668
23561,13710.244,14515.888
23562,12853.241176470588,14531.082941176472
23563,12357.010714285714,14535.267142857143
23564,13664.485833333334,14549.455
23565,12028.12,14544.723333333333
23566,12309.128461538461,14592.265384615386
23567,12666.035,14551.994999999999
23568,13603.919523809524,14577.238095238095
23569,12062.765,14588.095
23570,12603.312666666667,14582.958666666667
23571,13939.786666666667,14601.460833333333
23572,12792.880769230771,14594.27846153846
23573,12386.542857142858,14591.444285714286
23574,12220.504210526316,14601.14
23575,12110.743333333334,14623.050666666668
23576,13761.23842105263,14623.090000000002
23577,12565.694285714286,14626.77
23580,13851.1396,14647.4208
23581,12358.985714285713,14666.941428571428
23582,12697.034,14673.51
23583,12035.870909090909,14654.506363636365
23584,13514.185714285715,14666.960000000001
23585,13945.758333333333,14675.012499999999
23586,12596.313333333334,14674.423333333334
23588,12284.575,14686.98375
23589,12535.1615,14700.021499999999
23590,12092.167272727273,14698.218181818182
23591,12453.972777777779,14682.681666666667
23592,13566.711818181817,14695.59090909091
23593,12655.495714285715,14730.265714285715
23594,11989.060909090907,14724.549090909091
23595,12398.612,14722.464000000002
23596,13869.884,14736.871
23597,12261.729,14739.571
23598,12043.915333333334,14747.905333333332
23599,12337.458181818183,14737.548181818182
23600,13644.778888888888,14734.402222222221
23601,12155.802,14748.845000000001
23602,12116.94,14759.414285714285
23604,12600.922,14787.77
23605,13483.562727272727,14778.174545454547
23606,12168.71,14793.9575
23607,12088.535,14811.369999999999
23608,12244.050000000001,14810.455714285714
23609,13970.868965517242,14798.536551724137
23610,12464.70909090909,14806.69
23611,11988.121363636363,14830.074090909091
23612,12305.952777777777,14823.644444444442
23613,13784.114444444444,14831.39111111111
23614,13845.395999999999,14836.0815
23615,12424.500588235294,14844.812352941177
23616,12197.008421052631,14861.281578947368
23617,12059.8925,14868.279999999999
23618,13531.775263157895,14878.025789473684
23619,12137.421333333334,14894.964666666667
23621,13396.052142857143,14905.487142857144
23622,12486.993333333332,14896.891666666668
23623,13801.158000000001,14907.041599999999
23624,12040.774642857143,14941.649285714286
23625,12197.73375,14940.05625
23626,13826.45,14949.342499999999
23627,13870.159166666666,14950.799166666666
23628,12430.619333333334,14990.979333333333
23629,13556.22875,14977.719583333334
23630,13919.251818181818,15001.331818181818
23631,12144.846399999999,14993.676000000001
23632,13436.56238095238,14993.589047619047
23633,13749.4,15006.143333333333
23634,13245.463043478261,15019.612608695654
23635,12474.448333333334,15031.308333333334
23636,13783.022222222222,15056.53888888889
23637,13328.41857142857,15035.779047619048
23638,13936.220000000001,15054.25
23639,13606.324090909091,15031.107727272727
23640,12387.821875,15067.99625
23641,13513.87590909091,15063.265454545455
23642,13854.3375,15067.07875
23643,11999.956,15063.284
23644,12245.097058823529,15043.095882352942
23645,13257.345,15078.619285714287
23646,12313.07375,15079.220000000001
23647,13351.384666666667,15103.576
23648,13197.419285714286,15097.102142857142
23649,13604.71,15120.0475
23650,12280.31142857143,15126.372857142856
23651,12023.111666666666,15139.2875
23652,13234.289166666667,15151.1775
23653,13169.87611111111,15158.334444444445
23654,12148.29411764706,15165.735294117647
23655,13275.4404,15179.8348
23656,13658.0084,15159.874399999999
23657,12331.198823529412,15167.38117647059
23658,13363.614705882354,15173.364705882354
23659,12433.0255,15181.222
23660,13855.093636363636,15188.049545454547
23661,13535.336428571429,15185.847142857145
23662,12045.699473684212,15209.906842105262
23663,13739.899333333333,15220.996000000001
23665,13197.225882352941,15228.601176470589
23666,12116.781875,15256.451875
23667,13342.798,15262.429999999998
23668,13562.94076923077,15253.834615384616
23669,13265.494166666665,15269.025833333333
23670,13774.931818181818,15264.502727272727
23671,13833.97,15295.7725
23672,12254.823636363637,15238.565454545454
23673,13198.892857142857,15294.79142857143
23674,11994.218571428572,15305.455
23675,13593.854500000001,15296.3215
23676,12076.416666666666,15330.65
23677,12326.255000000001,15288.8425
23678,13656.435500000001,15318.413999999999
23679,12952.774090909092,15334.512727272728
23680,13754.56,15325.346666666666
23681,12432.325833333334,15344.491666666667
23683,13983.743333333334,15337.183333333334
23684,12229.535000000002,15341.303333333335
23685,12746.048947368421,15351.357368421051
23686,12172.05625,15366.91375
23688,13198.603888888889,15385.25611111111
23689,13603.878333333334,15398.501666666665
23690,12291.594000000001,15405.203
23691,12129.968333333332,15399.833333333334
23692,12512.881,15391.372
23693,12837.974375,15401.43875
23694,13442.233636363637,15398.08090909091
23695,13543.2575,15397.5475
23696,12224.778,15413.694
23697,13489.866,15419.982
23698,13790.09090909091,15428.745454545455
23699,12639.256666666666,15424.8775
23700,13127.677272727275,15427.835454545455
23701,12023.854444444445,15425.414444444446
23702,13990.144666666665,15427.124000000002
23704,13663.007999999998,15427.336
23705,13173.0,15450.17090909091
23706,13871.441538461539,15444.246923076922
23707,12580.868333333334,15420.274166666668
23708,13411.91076923077,15457.775384615383
23709,12214.061,15470.314000000002
23710,13928.935,15466.093333333332
23711,12939.008823529412,15457.909999999998
23712,13562.324545454547,15456.279999999999
23713,12392.584210526316,15463.67947368421
23714,12478.847333333333,15458.154666666667
23715,13329.972222222223,15463.543888888888
23716,13236.96111111111,15464.598333333335
23717,12546.631428571429,15482.504285714285
23718,13657.62611111111,15484.795
23719,13063.36894736842,15471.543157894737
23720,12718.693157894735,15463.274736842106
23722,12087.449090909091,15487.296363636364
23724,12449.310000000001,15511.8225
23725,12831.492222222221,15497.121111111112
23726,12001.287368421052,15498.426842105262
23727,12284.978260869566,15518.478260869566
23728,13280.367142857143,15521.355
23729,13044.59,15538.9075
23730,13951.849999999999,15525.261111111111
23731,12713.210909090909,15532.990909090908
23732,13201.305454545452,15531.004545454545
23733,13354.792000000001,15545.204999999998
23734,13680.726842105263,15544.97894736842
23735,13467.36888888889,15527.18
23736,12531.862,15541.268
23737,12402.18409090909,15550.651363636365
23738,13536.64875,15552.795
23739,13908.495,15546.278333333334
23740,11970.620625,15564.789999999999
23741,12097.8885,15574.785999999998
23742,12943.349285714286,15580.370714285715
23743,13866.035,15563.265
23745,12704.505000000001,15590.85875
23746,13154.8275,15580.3975
23747,13415.322,15561.083999999999
23748,13023.67125,15599.718125
23749,13110.657857142856,15575.332857142857
23750,13794.515,15581.07
23751,13754.914,15578.874
23752,12396.860476190477,15616.425238095238
23753,12561.361,15599.74
23754,13325.09,15601.735
23755,12264.073125,15598.69375
23756,12861.380833333335,15620.626666666665
23757,12652.773333333333,15609.329166666668
23758,13305.788,15617.289999999999
23759,13240.572857142857,15602.827142857144
23760,13572.256363636365,15633.108181818183
23761,12787.585555555555,15640.761111111111
23762,12218.663571428571,15642.309285714286
23763,13973.47125,15627.07875
23764,12484.856111111112,15625.808888888889
23765,13379.57625,15633.20625
23766,13692.634444444446,15631.917777777779
23767,12010.227,15625.529999999999
23768,13092.154166666667,15657.341666666667
23769,12626.054,15663.454000000002
23770,12323.271111111111,15666.322222222221
23771,12573.328571428572,15678.147142857142
23772,13188.280666666666,15664.002666666667
23773,12753.213,15674.914
23774,13264.204615384615,15676.383846153845
23775,13495.171333333334,15661.872666666666
23776,13717.194,15673.722
23777,12500.675714285713,15687.327857142856
23778,12415.259999999998,15679.569090909092
23779,13363.46,15707.5375
23780,12930.730000000001,15703.051666666666
23781,13613.655454545455,15701.145454545454
23782,13425.021818181818,15711.439090909093
23783,12699.340769230768,15704.563076923077
23784,13824.47,15707.234444444442
23785,12640.380769230771,15720.977692307692
23786,13275.783846153847,15743.282307692307
23788,13211.720000000001,15740.05
23789,13684.881666666666,15737.491666666667
23790,13005.916470588234,15740.774117647057
23791,13552.488181818182,15737.609999999999
23792,12910.371666666666,15766.996666666666
23793,12014.949375,15748.540625
23794,13902.735,15744.243333333334
23795,13147.025555555556,15750.603888888889
23797,12837.722222222223,15734.616666666665
23798,12770.890476190476,15763.744285714285
23799,13449.833076923076,15765.996153846154
23800,13725.346666666666,15769.756666666666
23801,13356.33888888889,15785.555555555555
23802,12883.525,15801.291666666666
23803,13080.145882352941,15781.11294117647
23804,13622.275,15793.2275
23805,12245.935,15787.94
23806,13791.423499999999,15784.550500000001
23807,13291.781111111111,15804.091111111113
23808,13684.469166666668,15821.900833333333
23809,13568.262857142856,15811.525714285714
23810,12303.887,15818.288
23811,13447.33625,15826.424375
23812,13035.041000000001,15815.284
23813,12940.321538461538,15820.433076923076
23814,13084.138888888889,15855.145555555555
23815,13250.502857142857,15845.514285714287
23816,13176.324285714287,15868.125714285716
23817,15706.531875,14006.466875
23818,15264.051052631577,13972.203684210526
23819,14830.09125,14000.855
23820,14144.357999999998,14024.728
23821,14731.346,14008.991
23822,15159.106666666667,13995.245
23823,15541.476,14029.556
23824,15808.60625,14028.033125
23825,15461.812941176471,14003.316470588235
23826,15655.763333333334,14021.714999999998
23827,14610.679166666667,13987.594166666668
23828,14892.400344827585,14027.710344827585
23829,15335.826000000001,14011.11
23830,15277.78375,14031.9925
23831,13996.9225,14031.1175
23832,15402.658571428572,14025.85
23833,15605.385,14040.947857142857
23834,14288.954,14052.648666666668
23835,15177.804999999998,14048.595000000001
23836,15731.167500000001,14047.7325
23837,14385.498333333335,14049.324166666665
23838,14799.695652173914,14079.66
23839,14052.824285714287,14064.50857142857
23840,14721.732222222221,14078.101111111111
23841,15347.306923076922,14079.291538461539
23842,15493.5575,14094.251875
23844,14570.259,14073.701000000001
23845,14203.079333333333,14056.798666666667
23846,14125.191764705884,14095.462352941177
23847,14656.980833333333,14093.8725
23848,15294.523333333333,14092.442222222222
23849,15423.842,14093.8785
23850,15692.655999999999,14090.163
23851,15223.957999999999,14075.391999999998
23852,14622.99,14114.831
23853,15744.47,14094.942500000001
23854,14388.081875,14110.27625
23855,14481.84,14096.86888888889
23856,15088.367333333334,14101.598
23857,14853.821538461538,14132.134615384615
23858,15618.577333333333,14119.392
23859,15353.421111111113,14128.737777777778
23860,14258.4425,14140.445833333333
23861,15548.157333333333,14145.265333333335
23862,15019.98,14147.3275
23863,15203.901176470588,14124.62294117647
23864,15417.7675,14143.625
23865,14548.082631578947,14151.432105263159
23867,14199.983333333334,14155.949523809524
23868,15120.58,14146.572857142857
23869,15379.198,14178.446
23870,15067.32,14180.157777777778
23871,14005.51304347826,14153.847826086956
23872,15604.681666666665,14175.076666666666
23873,15132.827142857144,14191.73
23874,14810.870588235293,14187.345882352942
23875,15258.7735,14206.229000000001
23876,14475.167000000001,14173.605
23877,14603.548571428571,14192.039999999999
23878,15427.9275,14211.145
23879,14175.314444444444,14199.232222222221
23880,14795.266666666668,14239.993333333334
23881,14896.345555555556,14226.025185185184
23882,15389.097777777779,14237.815555555555
23883,14239.09375,14241.116875
23884,14511.581818181818,14236.637272727274
23885,14681.549166666666,14237.977916666665
23886,15166.515,14236.275714285715
23887,14045.556666666665,14218.315555555555
23888,14429.797142857144,14243.929285714286
23889,14019.907272727274,14280.997272727273
23890,15437.800909090909,14267.913636363635
23891,14152.916,14270.153333333332
23892,14341.583333333334,14262.470000000001
23893,14833.042000000001,14290.182999999999
23894,14436.20857142857,14301.89
23895,14093.063125,14271.18375
23896,15260.6025,14288.705
23897,15179.302857142857,14292.234285714285
23898,14583.39294117647,14301.150588235294
23899,15499.363333333333,14295.391666666668
23900,15353.795714285716,14297.461428571429
23901,14229.666666666666,14304.128333333334
23902,14304.122,14324.362
23903,14706.48294117647,14317.606470588235
23904,14368.523333333333,14311.647777777778
23905,14093.8125,14340.2
23906,15455.045000000002,14335.745
23907,15381.907500000001,14336.78
23908,14439.164999999999,14346.70125
23909,14518.317142857142,14339.457142857142
23910,14642.335,14332.078333333333
23911,14193.014444444445,14350.693333333333
23912,14024.604615384616,14357.630769230771
23913,14270.93142857143,14367.195714285714
23914,14342.26375,14371.599166666667
23915,15200.875714285716,14373.935714285715
23916,14128.677,14381.979000000001
23917,14724.059444444445,14372.746666666666
23918,14887.4732,14381.358799999998
23920,14510.948666666667,14397.872
23921,15332.066111111111,14406.325
23922,15010.295,14377.73
23923,15130.805,14415.465
23924,14629.273529411765,14405.769411764704
23926,14809.216,14439.435999999998
23927,15375.48,14438.64
23928,15434.381666666666,14427.268333333333
23929,14141.497,14432.607999999998
23930,15076.901111111112,14459.308888888889
23931,14646.07,14453.731111111112
23932,14352.75375,14445.42375
23933,14499.650714285714,14468.317857142858
23934,14298.74909090909,14463.532727272726
23935,15195.6125,14487.9525
23937,14957.416818181817,14465.23090909091
23938,15341.525,14476.16375
23939,15276.284285714286,14475.941428571428
23940,14005.979285714286,14468.11
23941,14882.15,14493.9625
23942,14215.868421052632,14489.02947368421
23943,14559.301818181819,14474.727272727272
23944,14663.3675,14504.389166666666
23945,14409.795714285714,14533.051428571429
23946,15221.507333333333,14543.490666666668
23947,14564.907500000001,14528.080833333333
23948,13997.271666666667,14547.800000000001
23949,14775.791764705882,14513.052352941177
23950,14841.138,14523.366999999998
23951,14171.554285714286,14541.105
23952,14607.225454545456,14558.354545454546
23954,15150.196363636363,14557.560909090911
23955,14075.971333333333,14566.993333333334
23956,14214.782777777778,14597.252777777778
23957,14915.0525,14578.8225
23958,14307.480666666666,14574.56
23959,14690.17,14576.470000000001
23960,14163.0,14619.769999999999
23961,14845.105454545455,14596.668181818182
23962,14546.901428571427,14589.367142857143
23963,14777.33125,14606.365
23964,14607.5575,14629.185
23965,14113.761818181818,14652.143636363635
23966,14267.553636363637,14657.524545454544
23967,14455.0625,14656.025
23968,14838.873333333335,14650.4
23969,14621.604000000001,14662.507999999998
23970,14349.64,14665.03
23972,14933.726666666666,14671.747333333333
23973,14787.446,14668.473999999998
23974,15083.844285714285,14669.139285714287
23975,14517.737647058824,14677.082352941175
23976,14781.205238095237,14721.424761904762
23977,15050.869,14730.135999999999
23978,14039.565,14714.8225
23979,14432.792307692307,14716.530769230769
23980,13983.918,14722.282000000001
23981,14590.945,14737.505000000001
23982,14993.121578947368,14757.566315789474
23983,14094.4025,14750.39125
23984,14743.61125,14758.0175
23985,14261.086923076924,14753.77769230769
23987,14658.91909090909,14752.505909090909
23988,14705.790769230769,14776.186923076923
23989,14349.673333333334,14748.436666666666
23990,14167.072857142857,14777.722857142857
23991,14298.929999999998,14806.02
23992,14560.101,14785.347
23993,14633.9625,14808.76
23994,14905.338823529411,14816.460000000001
23995,14974.271428571428,14819.335000000001
23996,14064.376470588235,14827.562941176471
23997,14207.377142857144,14833.865714285714
23998,14431.52769230769,14841.696923076923
23999,14543.723333333333,14851.162380952379
24000,14639.85,14867.179333333333
24001,14734.825714285715,14836.134285714286
24002,14846.116875,14866.72125
24003,14337.608000000002,14874.854000000001
24004,14234.34,14888.25
24005,14141.2375,14903.580625
24006,14909.25846153846,14895.416923076924
24007,14377.364285714286,14907.278571428571
24008,14723.199130434783,14908.116956521739
24009,14471.468421052632,14906.192631578946
24010,14574.193,14902.473000000002
24011,14837.067000000001,14923.539999999999
24012,14288.018235294117,14933.807647058824
24013,14747.366153846155,14960.848461538462
24014,14418.3825,14962.95
24015,14072.313529411764,14954.275882352942
24016,14504.168235294117,14971.420588235294
24017,14351.873333333335,14967.913333333332
24018,14220.95,14979.3315
24019,14125.40875,14999.417083333334
24020,14707.843888888889,15020.863888888889
24021,14333.163846153846,15016.666153846154
24022,14221.08,15019.622857142856
24023,14637.735,15038.947857142857
24024,14256.076000000001,15066.740666666667
24025,14410.938,15056.722
24026,14040.579333333333,15090.235333333334
24027,14331.884545454546,15088.027272727271
24028,14589.21875,15053.6475
24029,14244.207142857142,15110.245714285715
24031,14656.143,15104.708000000002
24032,14379.781428571428,15113.367142857143
24033,14437.686363636363,15125.793636363638
24034,14134.365,15117.205
24035,14258.205,15146.583333333334
24036,14528.5425,15145.0825
24037,14381.616666666667,15171.227777777776
24038,14325.325714285715,15151.218571428572
24039,14474.914285714285,15176.218571428572
24040,14185.6775,15177.424166666666
24041,14262.517142857143,15245.80357142857
24042,14358.790555555555,15277.727222222224
24043,14429.273076923077,15273.101538461538
24044,13977.498749999999,15267.9375
24045,14050.792307692307,15285.150000000001
24046,14186.980714285715,15286.212857142858
24047,14065.39,15339.723333333333
24048,14169.7425,15345.695
24049,14092.10875,15371.3725
24050,14194.163333333332,15373.333333333334
24051,14374.470000000001,15374.536666666667
24053,14340.601999999999,15439.11
24054,14212.451666666668,15459.526666666667
24055,14124.687368421053,15525.475263157896
24056,14062.677,15634.879
24057,14022.8875,15694.475
24058,6251.986111111111,16005.683333333332
24059,6496.6492499999995,15998.514166666666
24060,6999.7546,16000.006
24061,7292.6059444444445,15992.427777777779
24062,7686.562785714285,15995.257857142857
24063,7512.995923076923,16021.72153846154
24065,7218.8197,16011.452
24066,7609.5109999999995,16016.86
24067,6788.5532105263155,16027.189999999999
24068,7930.250466666666,16006.160666666667
24069,6896.813277777777,16023.578888888887
24070,6453.836636363636,16047.57818181818
24071,7670.745789473684,16045.89105263158
24072,7764.579391304348,16050.812608695653
24073,6700.447,16052.523000000001
24074,7131.135777777778,16055.761111111111
24075,6335.7146,16105.658
24076,7442.449333333333,16045.011666666665
24077,7306.504333333334,16064.626666666669
24078,6921.78625,16091.9675
24079,7567.19225,16085.393
24080,6524.24938095238,16085.208095238095
24081,6697.155238095239,16115.158571428572
24082,7258.780272727273,16103.197272727273
24083,7430.547529411765,16108.289411764705
24084,6861.095600000001,16117.848000000002
24085,7081.295999999999,16134.769999999999
24086,7822.902588235294,16139.701176470588
24087,6453.371666666667,16127.831666666665
24088,7508.205208333333,16147.015416666667
24089,7701.696846153845,16151.600769230768
24090,6386.991999999999,16159.964999999998
24091,6453.0225,16199.047142857144
24092,6561.006600000001,16164.204000000002
24093,6891.9762,16175.832
24094,6513.553125,16183.605
24095,7346.263,16177.96125
24096,7771.1185263157895,16187.687894736842
24097,7277.142,16197.5425
24098,7917.079375,16176.509583333333
24099,6718.560666666667,16189.25611111111
24100,7062.382833333333,16224.14
24101,7397.400357142857,16195.857142857143
24102,7191.9755000000005,16181.545
24103,7541.2965,16204.515833333333
24104,6526.895,16243.874444444444
24105,6962.5615,16248.509444444444
24106,7957.51911111111,16259.817777777776
24107,7324.644416666667,16264.416666666666
24108,7810.828842105263,16247.934736842106
24109,7478.0315,16267.3125
24110,6685.002833333333,16253.818333333335
24111,7640.149684210527,16261.593157894738
24112,6610.701,16279.0275
24113,7256.702875,16309.27625
24114,7564.913125,16301.04875
24115,7899.750071428572,16291.024285714286
24116,7418.055666666667,16317.082222222221
24117,6712.6152,16303.132000000001
24118,7787.732952380952,16303.63857142857
24119,6790.200578947369,16280.26105263158
24120,7076.735000000001,16307.978
24121,6634.2530526315795,16329.880526315788
24122,7616.354818181819,16362.626363636362
24123,7911.015666666666,16346.776666666667
24124,6698.800352941176,16361.119999999999
24125,6793.972,16353.223333333333
24126,6987.988785714285,16353.057857142858
24127,7721.646529411765,16380.653529411764
24128,7934.12909090909,16386.850909090906
24129,7444.250333333333,16407.66625
24130,6834.596285714286,16417.98857142857
24131,6768.286800000001,16416.7072
24132,7821.789083333333,16429.335416666665
24133,6934.819391304348,16418.81086956522
24134,7977.938785714286,16430.53142857143
24135,7657.147217391304,16443.161739130435
24136,7485.022684210527,16461.191578947368
24137,6855.508,16507.25
24138,7015.234166666666,16500.715
24139,7610.606363636363,16506.096363636363
24140,7898.7048125,16503.23
24141,7421.827333333334,16531.774
24142,7194.840117647059,16527.97882352941
24143,6919.342125,16550.388125
24144,7033.93425,16549.05375
24145,7566.431466666666,16543.692
24146,6994.4648125,16565.380625
24147,7507.204277777778,16549.985
24148,7820.531758620689,16545.793103448275
24149,7432.4925,16602.770625
24150,7692.740333333334,16606.135
24151,7621.4466,16597.2155
24152,7539.012375,16604.3225
24153,7311.113666666667,16632.337916666667
24154,7751.061571428571,16643.22428571429
24155,7810.629666666667,16689.438333333335
24156,7923.668342857142,16649.269714285714
24157,7180.38232,16684.708
24158,7114.980916666666,16696.998333333333
24159,8220.742583333333,15995.842499999999
24160,8737.345285714286,15992.674285714285
24161,9245.6025,16000.819444444445
24162,9583.747111111112,16012.323333333334
24163,8080.156714285715,16008.074999999999
24164,8313.2088,16017.5656
24165,9074.232363636364,15999.924545454547
24166,9391.6891875,16007.04375
24167,9848.781090909091,15993.674545454547
24168,9463.8172,16048.2585
24169,8852.062857142857,16074.612857142858
24170,8487.930739130436,16069.051304347826
24171,9603.231,16078.952142857142
24172,8401.6576,16059.238999999998
24173,8356.13125,16070.5725
24174,8792.827333333333,16103.958333333334
24175,9073.1664375,16085.889375
24176,8610.681470588235,16088.92
24177,9722.986090909091,16061.94090909091
24178,9315.948833333334,16080.262499999999
24179,8189.66475,16095.9275
24180,8037.063333333333,16091.556666666665
24181,9408.864222222222,16105.293333333335
24182,8116.0185,16106.045
24183,8999.064833333334,16081.06875
24184,9485.889625,16109.415
24185,9555.157,16131.266666666666
24186,9815.625789473685,16081.016842105264
24187,8433.6872,16115.159333333335
24188,9660.6970625,16121.7175
24189,8069.016818181818,16143.710909090909
24190,9338.662333333334,16119.106666666667
24191,8337.210166666666,16134.698333333334
24192,8241.818466666668,16135.648
24193,8916.09025,16138.2975
24194,9243.673964285714,16152.44642857143
24195,8440.0325,16170.58142857143
24196,9740.476428571428,16154.087142857144
24197,8992.986142857142,16173.344285714285
24198,9824.331176470589,16177.581764705883
24199,8236.575533333333,16176.906666666668
24200,8623.963294117646,16164.66705882353
24201,8309.911900000001,16201.373000000001
24202,9061.19075,16163.3
24203,8533.712789473684,16184.163157894736
24204,9341.787555555557,16180.407777777778
24205,8000.186360000001,16172.9864
24206,9544.121117647059,16204.368823529412
24207,8709.210952380952,16192.622380952382
24208,9921.227176470587,16191.270000000002
24209,9707.307142857142,16223.628928571428
24210,8199.465722222223,16228.717222222223
24211,8829.671888888888,16196.742222222221
24212,8948.31359090909,16233.259545454546
24213,9624.079875,16235.25625
24214,8450.322937500001,16228.218125
24215,9191.574545454547,16223.52090909091
24216,9867.166666666666,16234.981666666667
24217,8378.115,16230.473333333333
24218,8114.9558125,16237.11125
24219,8866.413999999999,16255.962222222222
24220,8614.5732,16248.910999999998
24221,9949.98447368421,16253.007894736844
24222,8770.106,16247.914999999999
24223,9037.507833333333,16268.368333333334
24224,8693.8428,16269.655999999999
24225,9380.593318181818,16260.403181818181
24226,9294.903722222221,16261.609999999999
24227,8027.902818181818,16284.626363636366
24228,8853.378214285714,16294.742857142857
24229,8657.341142857143,16313.014285714287
24230,8343.163714285714,16307.314285714285
24231,8736.749625,16307.866250000001
24232,9017.462666666666,16331.783333333333
24233,8091.486833333333,16343.739166666666
24234,9634.583642857144,16339.215714285714
24235,8205.344000000001,16344.70888888889
24236,8938.873,16348.525000000001
24237,9554.2849,16342.003
24238,9834.53964,16352.1192
24239,8778.694800000001,16360.862
24240,9733.954782608695,16353.020869565216
24241,9233.40525,16350.554
24242,8679.325,16367.251111111113
24243,8440.896499999999,16358.775
24244,8589.492095238096,16374.338095238094
24245,9331.71423076923,16357.749615384615
24246,9475.148777777778,16375.124444444444
24247,8342.413999999999,16376.527777777777
24248,8511.823,16369.117499999998
24249,8957.915833333333,16387.420000000002
24250,8225.525133333333,16402.414666666667
24251,8877.747647058823,16419.18
24252,9056.686666666666,16397.826666666664
24253,9343.2,16418.78375
24254,8432.032333333333,16431.553333333333
24255,8331.976421052632,16439.423157894737
24256,8608.2606,16436.734
24257,8656.0792,16432.482
24258,8999.97925,16432.35
24259,9575.539642857142,16439.54642857143
24260,9490.8816,16452.669
24261,9263.535285714286,16479.035
24262,9843.9834,16460.909333333333
24263,9424.336299999999,16459.982
24264,8557.117,16465.35222222222
24265,8964.285636363637,16451.102727272726
24266,9703.936086956523,16483.795217391304
24267,8889.3957,16478.811999999998
24268,9944.1315,16484.173000000003
24269,9176.577833333335,16473.59
24270,8396.518125,16499.6825
24271,8807.5576,16474.679
24272,9037.841636363637,16493.583636363634
24273,8743.464600000001,16479.012
24274,8506.640307692307,16505.4
24275,8823.3908,16523.47
24276,9337.086428571429,16506.604285714286
24277,8117.645266666667,16514.86
24278,8677.825266666667,16532.828666666665
24279,9941.5565,16557.204999999998
24280,8570.706529411764,16551.792352941175
24281,8759.474476190477,16550.95142857143
24282,8950.992777777778,16538.105555555558
24283,9019.922999999999,16549.417
24284,9876.1135,16535.895
24285,9412.854470588236,16557.72588235294
24286,8040.327869565217,16550.498695652175
24287,8207.5389,16554.046
24289,9725.785133333333,16566.176
24290,9819.046125,16589.53125
24291,8824.054083333334,16584.033333333333
24292,8364.054,16585.994
24293,9259.307227272728,16585.697272727273
24294,8458.775055555556,16595.801666666666
24295,9612.958461538463,16585.983076923076
24296,9192.093863636364,16582.73136363636
24297,8240.4338,16607.1765
24298,8146.637699999999,16593.613
24299,9469.194500000001,16607.882
24300,9344.07,16623.333333333332
24301,8569.713,16643.256
24302,9546.858214285716,16624.879285714287
24303,8099.450928571428,16637.303571428572
24304,9126.072125,16635.53
24305,8409.971166666666,16658.183333333334
24306,9436.266866666667,16669.161333333333
24307,9034.405875,16641.668125
24308,9219.7376,16657.140666666666
24309,8797.38147368421,16660.044210526317
24310,8941.032272727272,16668.955909090906
24311,8026.398,16656.670000000002
24312,9367.938952380951,16689.41619047619
24313,8487.311529411765,16686.918235294117
24314,8685.152384615385,16688.016153846154
24315,9509.711857142858,16678.385714285716
24316,8272.759937499999,16697.02375
24317,9025.961,16701.525714285715
24318,8148.321090909091,16683.256363636363
24319,8350.301833333333,16683.468333333334
24320,9279.846333333333,16718.176666666666
24321,9238.500285714286,16723.577142857142
24322,8178.731333333333,16717.675
24323,8562.346368421053,16721.813684210527
24324,8752.572904761904,16713.476666666666
24325,9172.384647058823,16738.144705882354
24326,8056.709461538461,16725.16153846154
24327,8212.4283,16745.783000000003
24328,8653.514416666667,16748.202916666665
24330,9092.728444444445,16749.983333333334
24331,8479.883846153847,16757.525384615383
24332,9016.073444444444,16789.771111111113
24333,8890.3095,16795.985
24334,8727.973307692308,16786.53692307692
24335,10424.635263157896,15987.589473684211
24336,11011.744,16001.578
24338,10759.076666666666,16009.991666666667
24339,10183.62125,16007.395625000001
24340,10625.26625,16034.24
24341,10118.42,16034.996
24342,10558.1575,15997.1535
24343,10691.063636363637,16037.51909090909
24345,10400.811428571427,16062.224285714286
24346,10490.52947368421,16104.217368421052
24347,10220.3905,16100.992999999999
24348,10288.008333333333,16120.501666666665
24349,10148.691538461539,16146.706153846153
24350,10058.89,16171.019375
24351,9993.83774074074,16172.64111111111
24352,10343.65,16184.61625
24354,10261.675000000001,16165.688333333334
24356,10197.105555555556,16199.665555555555
24357,10126.7375,16214.807499999999
24358,10401.977499999999,16220.695
24359,10234.1225,16234.325
24360,10331.3075,16245.886666666665
24362,10137.671764705883,16271.224117647058
24363,10064.035555555556,16260.383888888888
24364,9971.636541666667,16325.190833333334
24365,10205.28,16289.1525
24366,10243.85,16308.78
24367,10192.025,16350.406666666668
24368,10076.377,16366.006
24369,10130.486923076924,16387.55923076923
24370,10020.215,16400.2925
24371,10019.575777777778,16470.396666666667
