parent_id,ALDH1A1,CCDC102B,CDK1,CLU,COL1A1,COL1A2,COL3A1,COL9A2,CPE,CRABP2,EBF2,ELN,FABP3,FAM210B,FAM46C,FBLN5,GJA4,HSPB7,ISL1,ISLR,ITLN1,LDB3,LRRN3,LUM,MFAP2,MT1F,MT2A,MYBPC3,MYH6,MYH7,MYL2,MYL3,MYOM1,MYOZ2,MYRF,NAV1,NPPA,NUSAP1,OGN,PAM,PCSK1N,PTN,RSPO3,SBSPON,SLC39A8,SLC8A1,SORBS2,STMN2,TBX18,TBX5,TCF21,TCIM,TM4SF18,TMEM100,TNNI1,TNNT1,TOP2A,TPM1,TRIL
1,0.0,0.0,0.0,0.0,0.0,0.0,7.684743962713568,0.0,0.0,0.0,0.0,0.0,0.0,0.0,0.0,0.0,6.077143515095717,0.0,0.0,0.0,0.0,0.0,0.0,0.0,7.461715351917766,0.0,0.0,0.0,6.077143515095717,0.0,0.0,0.0,0.0,0.0,0.0,0.0,7.684743962713568,6.077143515095717,0.0,6.077143515095717,0.0,0.0,0.0,0.0,0.0,0.0,0.0,0.0,0.0,6.7691426758635,0.0,0.0,0.0,7.174224817643044,0.0,0.0,0.0,0.0,0.0
2,0.0,0.0,0.0,5.917199867519596,0.0,0.0,7.301472639381708,0.0,0.0,0.0,0.0,5.917199867519596,0.0,5.917199867519596,0.0,0.0,6.608999776101094,0.0,0.0,0.0,0.0,0.0,0.0,0.0,0.0,0.0,0.0,6.608999776101094,0.0,0.0,0.0,5.917199867519596,0.0,5.917199867519596,0.0,0.0,7.0140153898827995,6.608999776101094,0.0,5.917199867519596,0.0,0.0,0.0,0.0,5.917199867519596,0.0,0.0,0.0,0.0,6.608999776101094,0.0,0.0,0.0,5.917199867519596,5.917199867519596,0.0,7.0140153898827995,0.0,0.0
3,0.0,4.92715441479429,0.0,0.0,0.0,4.92715441479429,6.02092359706761,0.0,0.0,0.0,0.0,0.0,0.0,0.0,5.616671466302535,0.0,4.92715441479429,4.92715441479429,0.0,0.0,0.0,4.92715441479429,0.0,0.0,0.0,0.0,0.0,7.000234556432596,7.000234556432596,0.0,0.0,5.616671466302535,4.92715441479429,0.0,0.0,0.0,8.13904871307229,4.92715441479429,0.0,7.405395728989411,0.0,0.0,0.0,0.0,4.92715441479429,0.0,5.616671466302535,0.0,0.0,4.92715441479429,0.0,0.0,0.0,0.0,5.616671466302535,0.0,0.0,0.0,0.0
4,0.0,0.0,0.0,0.0,4.9976096510791,0.0,0.0,0.0,0.0,0.0,0.0,0.0,0.0,4.9976096510791,0.0,0.0,0.0,4.9976096510791,0.0,0.0,0.0,6.378825584555548,0.0,0.0,0.0,0.0,0.0,6.091709057121252,7.389345930420958,0.0,0.0,6.378825584555548,0.0,4.9976096510791,0.0,0.0,8.456781047024876,0.0,0.0,6.378825584555548,0.0,0.0,0.0,0.0,0.0,0.0,4.9976096510791,0.0,0.0,5.687374080428037,0.0,0.0,0.0,5.687374080428037,0.0,0.0,0.0,0.0,4.9976096510791
5,0.0,0.0,0.0,0.0,7.313886831633462,6.90875477931522,6.2166061010848646,0.0,0.0,6.2166061010848646,0.0,6.2166061010848646,0.0,0.0,6.2166061010848646,0.0,0.0,0.0,0.0,0.0,0.0,0.0,0.0,0.0,7.601402334583733,0.0,0.0,6.90875477931522,0.0,0.0,0.0,0.0,0.0,6.2166061010848646,6.90875477931522,0.0,6.2166061010848646,0.0,0.0,0.0,0.0,0.0,0.0,0.0,0.0,6.2166061010848646,0.0,0.0,0.0,0.0,0.0,0.0,0.0,0.0,0.0,0.0,0.0,0.0,0.0
6,0.0,0.0,0.0,0.0,7.601402334583733,8.11202803831707,5.812138499293826,0.0,0.0,5.812138499293826,0.0,6.503789046997708,0.0,5.812138499293826,5.812138499293826,0.0,0.0,0.0,0.0,0.0,0.0,0.0,5.812138499293826,0.0,5.812138499293826,0.0,0.0,0.0,0.0,5.812138499293826,0.0,5.812138499293826,0.0,0.0,0.0,0.0,0.0,5.812138499293826,0.0,5.812138499293826,0.0,0.0,0.0,0.0,0.0,0.0,5.812138499293826,0.0,0.0,0.0,5.812138499293826,0.0,0.0,0.0,0.0,0.0,0.0,0.0,0.0
7,0.0,4.968820743663249,0.0,0.0,0.0,4.968820743663249,6.062788033933216,0.0,0.0,0.0,0.0,4.968820743663249,0.0,0.0,0.0,0.0,0.0,0.0,0.0,0.0,0.0,0.0,0.0,0.0,4.968820743663249,0.0,0.0,6.349887961580832,6.90875477931522,0.0,0.0,0.0,4.968820743663249,5.6584861997410245,0.0,0.0,8.140190584414983,0.0,0.0,7.7954701539371,0.0,0.0,0.0,0.0,0.0,4.968820743663249,4.968820743663249,0.0,0.0,5.6584861997410245,0.0,4.968820743663249,0.0,0.0,0.0,0.0,6.062788033933216,0.0,0.0
9,5.17297292060993,0.0,0.0,0.0,7.114013207560483,7.5657024245483475,6.55500745091254,5.17297292060993,5.17297292060993,5.17297292060993,6.267799590092823,5.17297292060993,0.0,0.0,0.0,0.0,0.0,0.0,0.0,5.17297292060993,0.0,0.0,0.0,0.0,6.267799590092823,0.0,0.0,5.17297292060993,0.0,0.0,0.0,0.0,0.0,0.0,0.0,0.0,6.267799590092823,5.17297292060993,5.17297292060993,0.0,0.0,7.114013207560483,0.0,0.0,0.0,5.17297292060993,0.0,5.17297292060993,5.17297292060993,5.17297292060993,6.777866367269159,0.0,0.0,0.0,0.0,0.0,0.0,0.0,5.17297292060993
11,0.0,0.0,0.0,0.0,5.589742425278652,4.9003242732785735,4.9003242732785735,0.0,0.0,0.0,0.0,0.0,5.589742425278652,0.0,0.0,0.0,0.0,0.0,0.0,0.0,0.0,6.839833262496678,0.0,0.0,4.9003242732785735,4.9003242732785735,0.0,7.196187070324464,7.3783837129967145,4.9003242732785735,0.0,4.9003242732785735,6.281019863941443,6.503789046997708,0.0,0.0,4.9003242732785735,0.0,0.0,7.3783837129967145,0.0,0.0,6.503789046997708,0.0,0.0,4.9003242732785735,4.9003242732785735,0.0,0.0,6.281019863941443,4.9003242732785735,0.0,0.0,0.0,5.589742425278652,0.0,0.0,0.0,0.0
14,0.0,0.0,0.0,0.0,5.2084921169742815,0.0,0.0,0.0,0.0,0.0,0.0,0.0,0.0,5.898900592971683,0.0,0.0,0.0,0.0,0.0,0.0,0.0,6.303451130240791,0.0,0.0,5.2084921169742815,0.0,0.0,5.2084921169742815,7.601402334583733,0.0,0.0,0.0,5.2084921169742815,5.898900592971683,0.0,0.0,5.2084921169742815,5.2084921169742815,0.0,7.688372064862406,0.0,0.0,5.2084921169742815,0.0,0.0,5.898900592971683,7.283135992203684,0.0,5.2084921169742815,6.303451130240791,0.0,0.0,0.0,0.0,6.303451130240791,0.0,5.2084921169742815,0.0,0.0
15,0.0,0.0,0.0,0.0,7.339187983916088,8.032010322833477,6.646690170246266,6.646690170246266,0.0,0.0,0.0,5.954840459801967,0.0,5.954840459801967,5.954840459801967,0.0,0.0,0.0,0.0,5.954840459801967,0.0,0.0,5.954840459801967,0.0,5.954840459801967,0.0,0.0,0.0,0.0,0.0,0.0,0.0,0.0,5.954840459801967,5.954840459801967,0.0,0.0,0.0,0.0,0.0,0.0,5.954840459801967,0.0,0.0,0.0,0.0,5.954840459801967,0.0,0.0,0.0,0.0,0.0,0.0,0.0,0.0,0.0,0.0,0.0,0.0
16,0.0,0.0,0.0,0.0,0.0,0.0,0.0,0.0,0.0,0.0,0.0,0.0,0.0,0.0,0.0,0.0,0.0,0.0,0.0,0.0,0.0,0.0,0.0,0.0,5.603115631169576,0.0,0.0,7.209600098101059,6.986641392902984,0.0,0.0,5.603115631169576,0.0,5.603115631169576,0.0,0.0,8.37224240483758,5.603115631169576,0.0,6.986641392902984,0.0,0.0,0.0,0.0,0.0,0.0,5.603115631169576,0.0,5.603115631169576,5.603115631169576,0.0,0.0,0.0,0.0,0.0,0.0,0.0,5.603115631169576,0.0
18,0.0,0.0,0.0,0.0,7.301472639381708,7.0140153898827995,7.0140153898827995,0.0,0.0,0.0,0.0,5.917199867519596,0.0,0.0,0.0,0.0,0.0,0.0,0.0,0.0,5.917199867519596,0.0,0.0,0.0,5.917199867519596,0.0,0.0,0.0,7.301472639381708,0.0,0.0,0.0,0.0,0.0,0.0,0.0,6.608999776101094,0.0,0.0,5.917199867519596,0.0,5.917199867519596,0.0,0.0,0.0,0.0,0.0,0.0,6.608999776101094,0.0,5.917199867519596,5.917199867519596,6.608999776101094,0.0,0.0,0.0,0.0,0.0,0.0
19,0.0,0.0,6.121495502161354,0.0,5.430541086359215,7.824445930877619,6.121495502161354,6.526228618887641,5.430541086359215,0.0,0.0,7.37268926107353,0.0,0.0,0.0,0.0,0.0,0.0,0.0,0.0,0.0,0.0,5.430541086359215,0.0,5.430541086359215,0.0,0.0,0.0,0.0,0.0,5.430541086359215,0.0,0.0,0.0,0.0,0.0,5.430541086359215,7.218643271861805,0.0,0.0,0.0,5.430541086359215,0.0,0.0,0.0,0.0,0.0,0.0,0.0,0.0,5.430541086359215,0.0,0.0,0.0,0.0,0.0,7.036468263519029,0.0,0.0
21,0.0,0.0,0.0,0.0,0.0,0.0,6.121495502161354,0.0,0.0,0.0,0.0,0.0,0.0,0.0,0.0,0.0,0.0,0.0,0.0,0.0,0.0,0.0,0.0,0.0,0.0,0.0,0.0,6.121495502161354,0.0,0.0,0.0,0.0,0.0,6.121495502161354,0.0,0.0,9.009791891267726,0.0,0.0,6.121495502161354,0.0,0.0,0.0,0.0,0.0,0.0,0.0,0.0,0.0,0.0,0.0,0.0,0.0,0.0,0.0,0.0,0.0,0.0,0.0
23,0.0,0.0,0.0,0.0,5.323408107938332,5.323408107938332,5.323408107938332,0.0,0.0,0.0,5.323408107938332,5.323408107938332,5.323408107938332,0.0,0.0,0.0,0.0,0.0,0.0,0.0,6.014114258068553,6.014114258068553,0.0,0.0,0.0,0.0,0.0,7.3985739280438265,6.41876436342879,0.0,0.0,5.323408107938332,6.41876436342879,6.014114258068553,0.0,0.0,7.7168607020239595,0.0,0.0,6.928937506413157,0.0,0.0,0.0,0.0,0.0,0.0,5.323408107938332,0.0,0.0,6.014114258068553,0.0,6.014114258068553,0.0,0.0,5.323408107938332,0.0,0.0,0.0,0.0
24,0.0,0.0,0.0,0.0,0.0,0.0,7.218643271861805,0.0,0.0,0.0,0.0,0.0,0.0,6.121495502161354,0.0,0.0,7.729175734280353,0.0,0.0,0.0,0.0,0.0,0.0,0.0,6.813544494621113,0.0,0.0,0.0,0.0,0.0,0.0,0.0,0.0,0.0,0.0,0.0,7.506142128543193,0.0,0.0,7.218643271861805,0.0,0.0,0.0,0.0,0.0,0.0,6.121495502161354,0.0,0.0,6.121495502161354,0.0,0.0,0.0,0.0,6.813544494621113,0.0,0.0,0.0,0.0
25,0.0,0.0,0.0,0.0,5.105547978118739,0.0,0.0,0.0,0.0,0.0,0.0,5.105547978118739,0.0,0.0,0.0,5.105547978118739,0.0,0.0,0.0,0.0,0.0,6.487284707291105,0.0,0.0,5.795659046548777,0.0,0.0,7.738959456807939,6.89224212724205,0.0,0.0,5.105547978118739,0.0,0.0,0.0,0.0,7.584881361766585,0.0,5.105547978118739,7.402661414822543,0.0,0.0,0.0,0.0,0.0,0.0,5.105547978118739,0.0,5.105547978118739,6.20011006538006,0.0,0.0,0.0,0.0,6.20011006538006,0.0,0.0,0.0,0.0
26,0.0,0.0,0.0,0.0,0.0,0.0,0.0,0.0,0.0,0.0,0.0,0.0,0.0,0.0,0.0,0.0,0.0,0.0,0.0,0.0,0.0,5.779448372398339,0.0,0.0,5.779448372398339,0.0,0.0,6.471049148040832,6.471049148040832,0.0,0.0,0.0,0.0,6.471049148040832,0.0,0.0,6.875998255971096,6.471049148040832,0.0,7.856182134112137,0.0,0.0,0.0,0.0,5.779448372398339,0.0,5.779448372398339,0.0,5.779448372398339,6.875998255971096,0.0,0.0,0.0,0.0,5.779448372398339,0.0,6.875998255971096,0.0,0.0
27,0.0,0.0,0.0,0.0,0.0,0.0,5.5008599231751285,0.0,5.5008599231751285,0.0,0.0,5.5008599231751285,0.0,0.0,0.0,0.0,0.0,0.0,0.0,0.0,0.0,5.5008599231751285,0.0,0.0,0.0,0.0,0.0,6.596746327567768,7.107025881689652,0.0,0.0,0.0,0.0,6.19196338744912,0.0,0.0,8.492705557816237,5.5008599231751285,0.0,6.884087141437953,0.0,0.0,0.0,0.0,0.0,0.0,5.5008599231751285,0.0,0.0,0.0,5.5008599231751285,0.0,0.0,0.0,0.0,0.0,0.0,0.0,0.0
30,0.0,0.0,0.0,0.0,0.0,6.537640672314758,6.942623030403143,0.0,0.0,0.0,0.0,0.0,0.0,0.0,0.0,0.0,0.0,0.0,0.0,0.0,0.0,0.0,6.942623030403143,0.0,5.845940345101734,0.0,5.845940345101734,6.537640672314758,7.922848517982294,5.845940345101734,0.0,0.0,0.0,0.0,0.0,0.0,0.0,0.0,0.0,7.230063640424056,0.0,6.537640672314758,0.0,0.0,0.0,5.845940345101734,0.0,0.0,0.0,0.0,0.0,0.0,0.0,0.0,5.845940345101734,0.0,0.0,0.0,0.0
31,0.0,5.55067114056188,0.0,0.0,6.934047611962654,6.241874007624498,5.55067114056188,0.0,0.0,0.0,5.55067114056188,0.0,0.0,0.0,0.0,0.0,0.0,0.0,0.0,6.646690170246266,0.0,5.55067114056188,5.55067114056188,0.0,5.55067114056188,0.0,0.0,6.646690170246266,7.339187983916088,0.0,0.0,0.0,0.0,0.0,0.0,0.0,6.934047611962654,5.55067114056188,0.0,6.646690170246266,0.0,0.0,0.0,0.0,0.0,0.0,5.55067114056188,0.0,5.55067114056188,6.241874007624498,0.0,0.0,0.0,0.0,6.646690170246266,0.0,0.0,0.0,0.0
35,0.0,0.0,0.0,0.0,6.537640672314758,6.537640672314758,0.0,0.0,0.0,0.0,0.0,0.0,0.0,0.0,0.0,0.0,0.0,0.0,0.0,5.845940345101734,0.0,5.845940345101734,5.845940345101734,0.0,5.845940345101734,0.0,0.0,6.537640672314758,6.537640672314758,0.0,0.0,0.0,5.845940345101734,0.0,0.0,0.0,7.230063640424056,0.0,5.845940345101734,7.4530622862888185,0.0,0.0,0.0,5.845940345101734,0.0,0.0,0.0,0.0,5.845940345101734,5.845940345101734,6.537640672314758,0.0,0.0,0.0,0.0,0.0,5.845940345101734,0.0,0.0
36,0.0,0.0,0.0,0.0,7.04216128901732,6.754770585794848,5.6584861997410245,0.0,0.0,0.0,5.6584861997410245,0.0,5.6584861997410245,0.0,6.349887961580832,0.0,0.0,5.6584861997410245,0.0,0.0,0.0,0.0,0.0,0.0,5.6584861997410245,0.0,0.0,6.754770585794848,7.265129978035143,0.0,0.0,0.0,5.6584861997410245,0.0,5.6584861997410245,0.0,5.6584861997410245,0.0,0.0,6.349887961580832,0.0,5.6584861997410245,5.6584861997410245,0.0,0.0,0.0,0.0,0.0,6.349887961580832,0.0,6.754770585794848,0.0,0.0,0.0,0.0,0.0,0.0,0.0,5.6584861997410245
39,0.0,0.0,0.0,0.0,6.90875477931522,0.0,0.0,0.0,0.0,0.0,0.0,0.0,0.0,0.0,0.0,0.0,0.0,0.0,0.0,0.0,0.0,0.0,5.5254529391317835,0.0,0.0,0.0,0.0,6.621405651764134,6.621405651764134,0.0,0.0,6.2166061010848646,5.5254529391317835,5.5254529391317835,0.0,0.0,8.229777750081887,0.0,0.0,7.313886831633462,0.0,5.5254529391317835,0.0,0.0,0.0,0.0,5.5254529391317835,0.0,0.0,5.5254529391317835,0.0,0.0,0.0,0.0,5.5254529391317835,0.0,0.0,0.0,0.0
41,0.0,0.0,0.0,0.0,7.0909098220799835,7.0909098220799835,7.0909098220799835,0.0,5.993961427306569,7.3783837129967145,0.0,6.68586094706836,0.0,0.0,0.0,0.0,5.993961427306569,0.0,0.0,5.993961427306569,0.0,5.993961427306569,6.68586094706836,0.0,5.993961427306569,0.0,0.0,0.0,0.0,0.0,0.0,0.0,0.0,0.0,0.0,0.0,0.0,0.0,0.0,0.0,0.0,0.0,0.0,0.0,0.0,5.993961427306569,0.0,0.0,0.0,0.0,6.68586094706836,0.0,0.0,0.0,0.0,0.0,0.0,0.0,0.0
44,0.0,0.0,0.0,0.0,0.0,0.0,0.0,0.0,5.453431037699777,0.0,0.0,0.0,0.0,0.0,0.0,0.0,0.0,0.0,0.0,0.0,0.0,6.1444351289000245,0.0,0.0,0.0,0.0,0.0,7.934405175217898,7.059437799128602,0.0,0.0,6.1444351289000245,0.0,5.453431037699777,0.0,0.0,7.934405175217898,0.0,0.0,7.241616135494416,0.0,0.0,0.0,0.0,5.453431037699777,0.0,5.453431037699777,0.0,0.0,0.0,0.0,0.0,0.0,0.0,0.0,0.0,0.0,0.0,0.0
46,0.0,0.0,0.0,0.0,0.0,0.0,0.0,0.0,5.264283180082056,0.0,0.0,0.0,0.0,0.0,0.0,0.0,0.0,5.264283180082056,0.0,0.0,0.0,5.954840459801967,0.0,0.0,0.0,0.0,0.0,6.646690170246266,7.744436542654315,0.0,0.0,0.0,5.264283180082056,0.0,0.0,0.0,7.051722413950769,0.0,0.0,8.149757258459449,0.0,0.0,5.264283180082056,0.0,0.0,5.264283180082056,5.954840459801967,0.0,0.0,5.954840459801967,0.0,0.0,0.0,0.0,0.0,0.0,0.0,5.264283180082056,0.0
50,0.0,0.0,0.0,0.0,0.0,0.0,0.0,0.0,0.0,0.0,0.0,0.0,0.0,0.0,0.0,0.0,0.0,0.0,0.0,0.0,0.0,0.0,0.0,0.0,0.0,0.0,0.0,7.265129978035143,6.167915732334905,0.0,0.0,6.167915732334905,6.167915732334905,0.0,0.0,0.0,8.2455219414855,0.0,0.0,7.957927342245102,0.0,0.0,0.0,0.0,0.0,0.0,6.167915732334905,0.0,0.0,0.0,0.0,0.0,0.0,0.0,0.0,0.0,0.0,0.0,0.0
51,0.0,0.0,0.0,0.0,6.860014563948276,6.860014563948276,6.167915732334905,0.0,0.0,0.0,0.0,6.167915732334905,6.167915732334905,0.0,0.0,0.0,0.0,0.0,0.0,0.0,0.0,6.860014563948276,6.167915732334905,0.0,0.0,0.0,0.0,6.167915732334905,7.265129978035143,0.0,0.0,0.0,6.167915732334905,0.0,0.0,0.0,6.167915732334905,0.0,0.0,6.167915732334905,0.0,0.0,0.0,0.0,0.0,0.0,0.0,0.0,6.860014563948276,0.0,0.0,0.0,0.0,0.0,6.167915732334905,0.0,6.167915732334905,0.0,0.0
54,0.0,0.0,0.0,0.0,0.0,0.0,0.0,0.0,0.0,0.0,0.0,0.0,0.0,0.0,0.0,0.0,0.0,0.0,0.0,0.0,0.0,6.167915732334905,0.0,0.0,0.0,0.0,0.0,7.265129978035143,0.0,6.167915732334905,0.0,6.860014563948276,0.0,6.167915732334905,0.0,6.167915732334905,6.860014563948276,6.167915732334905,0.0,6.860014563948276,6.167915732334905,0.0,0.0,0.0,0.0,6.167915732334905,6.167915732334905,0.0,0.0,0.0,0.0,0.0,0.0,0.0,6.860014563948276,6.167915732334905,0.0,6.167915732334905,0.0
55,0.0,0.0,0.0,0.0,0.0,0.0,0.0,0.0,0.0,0.0,0.0,0.0,6.077143515095717,0.0,0.0,0.0,0.0,0.0,0.0,0.0,0.0,6.7691426758635,0.0,0.0,6.077143515095717,0.0,0.0,6.077143515095717,7.86698888515497,0.0,0.0,6.077143515095717,6.077143515095717,6.077143515095717,0.0,0.0,7.174224817643044,0.0,0.0,7.461715351917766,0.0,0.0,6.077143515095717,0.0,0.0,0.0,0.0,0.0,0.0,6.077143515095717,0.0,0.0,0.0,0.0,0.0,0.0,0.0,0.0,0.0
57,0.0,0.0,5.779448372398339,0.0,0.0,7.1634222284534985,6.875998255971096,0.0,0.0,0.0,0.0,0.0,0.0,0.0,0.0,0.0,0.0,0.0,0.0,0.0,0.0,5.779448372398339,0.0,0.0,5.779448372398339,0.0,0.0,5.779448372398339,7.568629169959492,0.0,0.0,5.779448372398339,0.0,6.471049148040832,0.0,0.0,7.3864108878045425,5.779448372398339,0.0,6.471049148040832,0.0,0.0,0.0,0.0,5.779448372398339,0.0,0.0,0.0,0.0,0.0,5.779448372398339,0.0,0.0,0.0,5.779448372398339,0.0,0.0,0.0,0.0
60,0.0,0.0,0.0,0.0,0.0,0.0,0.0,0.0,0.0,0.0,0.0,0.0,0.0,5.630414969030203,5.630414969030203,0.0,0.0,0.0,0.0,0.0,0.0,5.630414969030203,0.0,0.0,0.0,0.0,0.0,7.236979086878522,7.0140153898827995,0.0,0.0,0.0,0.0,0.0,0.0,0.0,7.7067128739802735,0.0,0.0,7.929766461729666,0.0,0.0,0.0,0.0,0.0,6.7266330027636645,5.630414969030203,0.0,0.0,0.0,0.0,0.0,0.0,0.0,0.0,0.0,5.630414969030203,5.630414969030203,0.0
61,0.0,0.0,0.0,0.0,0.0,0.0,0.0,0.0,0.0,0.0,0.0,0.0,0.0,0.0,0.0,0.0,0.0,0.0,0.0,0.0,0.0,0.0,0.0,0.0,0.0,0.0,0.0,7.670361888840676,5.88093194910298,0.0,0.0,0.0,6.572682063274631,0.0,0.0,0.0,8.075671501863283,0.0,0.0,7.265129978035143,0.0,0.0,0.0,0.0,5.88093194910298,0.0,5.88093194910298,0.0,0.0,6.977681048517689,0.0,0.0,0.0,0.0,5.88093194910298,0.0,0.0,0.0,0.0
62,0.0,0.0,0.0,0.0,6.121495502161354,0.0,0.0,0.0,0.0,0.0,0.0,0.0,0.0,0.0,0.0,0.0,0.0,6.121495502161354,0.0,0.0,0.0,6.121495502161354,0.0,0.0,0.0,0.0,0.0,6.813544494621113,8.065522304010056,0.0,0.0,0.0,6.813544494621113,6.121495502161354,0.0,6.121495502161354,6.121495502161354,0.0,0.0,6.813544494621113,0.0,0.0,0.0,0.0,0.0,6.813544494621113,0.0,0.0,0.0,6.121495502161354,0.0,0.0,0.0,0.0,0.0,0.0,0.0,0.0,0.0
63,0.0,0.0,0.0,0.0,0.0,0.0,0.0,0.0,0.0,0.0,0.0,0.0,0.0,0.0,0.0,0.0,0.0,0.0,0.0,0.0,0.0,0.0,0.0,0.0,5.779448372398339,0.0,0.0,7.1634222284534985,0.0,6.875998255971096,5.779448372398339,5.779448372398339,6.471049148040832,5.779448372398339,0.0,5.779448372398339,8.261518117250061,0.0,0.0,0.0,0.0,0.0,0.0,0.0,0.0,0.0,6.471049148040832,0.0,0.0,6.471049148040832,0.0,0.0,0.0,0.0,5.779448372398339,0.0,0.0,0.0,0.0
65,0.0,0.0,0.0,5.7477993600729755,0.0,0.0,6.439350371100098,0.0,0.0,5.7477993600729755,5.7477993600729755,0.0,0.0,6.844282856026563,0.0,0.0,0.0,0.0,0.0,0.0,0.0,6.844282856026563,0.0,0.0,0.0,0.0,0.0,5.7477993600729755,6.844282856026563,0.0,0.0,0.0,5.7477993600729755,6.439350371100098,0.0,0.0,6.844282856026563,0.0,0.0,6.439350371100098,0.0,6.844282856026563,0.0,0.0,0.0,5.7477993600729755,6.439350371100098,0.0,0.0,5.7477993600729755,0.0,0.0,0.0,0.0,6.439350371100098,0.0,0.0,0.0,0.0
66,0.0,0.0,0.0,0.0,0.0,0.0,0.0,0.0,0.0,0.0,0.0,0.0,0.0,0.0,0.0,0.0,0.0,0.0,0.0,0.0,0.0,0.0,0.0,0.0,0.0,0.0,0.0,7.69097165663095,6.844282856026563,0.0,0.0,0.0,0.0,0.0,0.0,0.0,8.30979995019326,5.7477993600729755,0.0,7.1316985104669115,0.0,0.0,0.0,0.0,0.0,0.0,5.7477993600729755,0.0,0.0,5.7477993600729755,0.0,0.0,0.0,0.0,5.7477993600729755,0.0,5.7477993600729755,0.0,0.0
67,0.0,0.0,0.0,0.0,0.0,6.526228618887641,6.526228618887641,0.0,0.0,0.0,0.0,0.0,0.0,0.0,0.0,0.0,0.0,0.0,0.0,0.0,0.0,0.0,0.0,0.0,0.0,0.0,6.121495502161354,0.0,5.430541086359215,0.0,0.0,0.0,0.0,5.430541086359215,0.0,0.0,8.517393171418904,6.526228618887641,0.0,6.813544494621113,5.430541086359215,0.0,0.0,0.0,5.430541086359215,0.0,0.0,0.0,0.0,6.121495502161354,0.0,0.0,0.0,0.0,5.430541086359215,0.0,0.0,0.0,0.0
69,0.0,0.0,0.0,0.0,5.88093194910298,6.572682063274631,0.0,0.0,0.0,0.0,0.0,0.0,0.0,0.0,0.0,0.0,0.0,0.0,0.0,0.0,0.0,0.0,0.0,0.0,0.0,0.0,0.0,7.824445930877619,7.265129978035143,0.0,0.0,6.572682063274631,6.572682063274631,0.0,0.0,0.0,6.572682063274631,5.88093194910298,0.0,7.265129978035143,0.0,5.88093194910298,0.0,0.0,0.0,0.0,0.0,0.0,0.0,5.88093194910298,0.0,0.0,0.0,0.0,0.0,0.0,5.88093194910298,0.0,0.0
70,0.0,0.0,0.0,0.0,0.0,0.0,0.0,0.0,0.0,0.0,0.0,0.0,6.167915732334905,0.0,0.0,0.0,0.0,6.167915732334905,0.0,0.0,0.0,6.860014563948276,0.0,0.0,0.0,0.0,0.0,6.860014563948276,6.860014563948276,0.0,0.0,6.167915732334905,7.552637157608365,0.0,0.0,0.0,7.552637157608365,0.0,0.0,6.860014563948276,0.0,0.0,0.0,0.0,0.0,6.167915732334905,6.167915732334905,0.0,0.0,0.0,0.0,0.0,0.0,0.0,0.0,0.0,0.0,0.0,0.0
71,0.0,0.0,0.0,0.0,0.0,0.0,0.0,0.0,0.0,0.0,0.0,0.0,0.0,0.0,0.0,0.0,0.0,5.630414969030203,0.0,0.0,0.0,6.7266330027636645,0.0,0.0,5.630414969030203,0.0,0.0,6.321766996021397,7.0140153898827995,0.0,0.0,0.0,0.0,6.321766996021397,0.0,0.0,8.33511160582689,5.630414969030203,0.0,7.0140153898827995,5.630414969030203,0.0,0.0,0.0,0.0,0.0,5.630414969030203,0.0,0.0,5.630414969030203,0.0,0.0,0.0,0.0,0.0,0.0,0.0,0.0,0.0
73,0.0,0.0,0.0,0.0,7.3783837129967145,6.68586094706836,6.68586094706836,0.0,0.0,0.0,0.0,0.0,0.0,0.0,0.0,0.0,0.0,0.0,0.0,7.0909098220799835,0.0,6.68586094706836,0.0,0.0,5.993961427306569,0.0,0.0,5.993961427306569,5.993961427306569,0.0,0.0,0.0,6.68586094706836,0.0,0.0,0.0,6.68586094706836,0.0,0.0,5.993961427306569,0.0,0.0,5.993961427306569,0.0,0.0,0.0,0.0,6.68586094706836,0.0,0.0,5.993961427306569,0.0,0.0,0.0,0.0,0.0,0.0,0.0,0.0
74,0.0,0.0,0.0,0.0,6.68586094706836,0.0,0.0,0.0,0.0,0.0,0.0,0.0,0.0,5.993961427306569,5.993961427306569,0.0,0.0,0.0,0.0,5.993961427306569,0.0,6.68586094706836,5.993961427306569,0.0,0.0,0.0,0.0,7.3783837129967145,7.0909098220799835,0.0,0.0,0.0,5.993961427306569,0.0,5.993961427306569,0.0,6.68586094706836,0.0,0.0,7.783640596221253,0.0,0.0,0.0,0.0,0.0,0.0,0.0,0.0,0.0,0.0,0.0,0.0,0.0,0.0,0.0,0.0,0.0,0.0,0.0
77,0.0,0.0,0.0,0.0,0.0,0.0,0.0,0.0,0.0,0.0,0.0,0.0,0.0,0.0,0.0,0.0,0.0,0.0,0.0,0.0,0.0,0.0,0.0,0.0,5.576547010488493,0.0,0.0,6.959998122405276,6.267799590092823,0.0,0.0,0.0,0.0,0.0,0.0,0.0,8.517393171418904,0.0,0.0,7.875719233062128,0.0,0.0,0.0,0.0,0.0,0.0,0.0,0.0,0.0,6.267799590092823,0.0,0.0,0.0,0.0,0.0,0.0,0.0,0.0,0.0
80,0.0,0.0,0.0,0.0,0.0,0.0,0.0,0.0,0.0,0.0,0.0,0.0,0.0,0.0,0.0,0.0,0.0,0.0,0.0,0.0,0.0,5.5008599231751285,0.0,0.0,0.0,0.0,0.0,7.576722215668439,7.576722215668439,0.0,0.0,0.0,5.5008599231751285,0.0,0.0,0.0,7.694448334429721,6.19196338744912,0.0,7.576722215668439,0.0,0.0,0.0,0.0,0.0,0.0,0.0,0.0,0.0,6.19196338744912,0.0,0.0,0.0,0.0,0.0,0.0,6.19196338744912,0.0,0.0
81,0.0,0.0,0.0,0.0,0.0,0.0,0.0,0.0,0.0,0.0,0.0,0.0,6.167915732334905,0.0,0.0,0.0,0.0,0.0,0.0,0.0,0.0,6.167915732334905,0.0,0.0,0.0,0.0,0.0,6.860014563948276,6.860014563948276,0.0,0.0,0.0,0.0,6.860014563948276,0.0,0.0,7.552637157608365,0.0,0.0,7.552637157608365,0.0,0.0,0.0,0.0,0.0,6.167915732334905,0.0,0.0,0.0,6.860014563948276,0.0,0.0,0.0,6.167915732334905,6.167915732334905,0.0,0.0,0.0,0.0
84,0.0,0.0,0.0,0.0,0.0,6.349887961580832,5.6584861997410245,0.0,0.0,0.0,0.0,0.0,0.0,0.0,0.0,0.0,5.6584861997410245,0.0,0.0,0.0,0.0,6.349887961580832,0.0,0.0,0.0,0.0,5.6584861997410245,7.04216128901732,6.754770585794848,0.0,0.0,0.0,5.6584861997410245,0.0,0.0,0.0,7.04216128901732,0.0,0.0,7.852605701114192,5.6584861997410245,0.0,0.0,0.0,0.0,0.0,0.0,0.0,0.0,5.6584861997410245,5.6584861997410245,0.0,0.0,5.6584861997410245,0.0,5.6584861997410245,6.349887961580832,0.0,0.0
85,0.0,6.034683666227958,0.0,0.0,6.7266330027636645,6.7266330027636645,0.0,0.0,0.0,0.0,0.0,7.419180722820095,0.0,0.0,6.034683666227958,0.0,0.0,0.0,0.0,6.7266330027636645,0.0,0.0,6.034683666227958,0.0,6.7266330027636645,0.0,0.0,0.0,0.0,0.0,0.0,0.0,6.034683666227958,6.034683666227958,0.0,0.0,0.0,6.034683666227958,0.0,0.0,0.0,6.034683666227958,0.0,0.0,0.0,6.034683666227958,0.0,0.0,0.0,6.034683666227958,0.0,0.0,0.0,0.0,0.0,0.0,7.1316985104669115,0.0,0.0
91,0.0,5.812138499293826,5.812138499293826,0.0,5.812138499293826,6.90875477931522,0.0,0.0,5.812138499293826,0.0,0.0,0.0,0.0,0.0,0.0,0.0,6.90875477931522,0.0,0.0,0.0,0.0,6.503789046997708,0.0,0.0,5.812138499293826,0.0,0.0,5.812138499293826,0.0,6.503789046997708,5.812138499293826,5.812138499293826,0.0,0.0,0.0,0.0,5.812138499293826,5.812138499293826,0.0,5.812138499293826,0.0,5.812138499293826,0.0,0.0,0.0,6.503789046997708,6.503789046997708,0.0,6.503789046997708,0.0,5.812138499293826,0.0,0.0,0.0,0.0,0.0,5.812138499293826,0.0,0.0
92,0.0,0.0,0.0,0.0,0.0,0.0,0.0,0.0,0.0,0.0,0.0,0.0,0.0,0.0,0.0,0.0,0.0,6.167915732334905,0.0,0.0,0.0,6.167915732334905,0.0,0.0,0.0,0.0,0.0,6.860014563948276,8.11202803831707,0.0,0.0,0.0,0.0,6.167915732334905,0.0,0.0,6.167915732334905,0.0,0.0,7.552637157608365,0.0,0.0,0.0,0.0,0.0,0.0,0.0,0.0,0.0,7.265129978035143,0.0,0.0,0.0,0.0,6.167915732334905,0.0,0.0,0.0,0.0
96,0.0,0.0,0.0,0.0,0.0,0.0,0.0,0.0,0.0,0.0,0.0,0.0,0.0,0.0,0.0,0.0,0.0,0.0,0.0,0.0,0.0,5.917199867519596,0.0,0.0,0.0,0.0,0.0,7.0140153898827995,7.0140153898827995,0.0,0.0,5.917199867519596,6.608999776101094,5.917199867519596,0.0,0.0,7.301472639381708,0.0,0.0,7.860799294944249,0.0,0.0,0.0,0.0,0.0,5.917199867519596,0.0,0.0,0.0,0.0,0.0,0.0,0.0,0.0,7.0140153898827995,0.0,0.0,5.917199867519596,0.0
97,0.0,0.0,0.0,0.0,0.0,0.0,6.471049148040832,0.0,0.0,0.0,0.0,0.0,0.0,0.0,0.0,0.0,0.0,5.779448372398339,0.0,0.0,0.0,5.779448372398339,0.0,0.0,0.0,0.0,0.0,7.1634222284534985,7.568629169959492,0.0,0.0,6.875998255971096,0.0,0.0,0.0,0.0,6.471049148040832,0.0,0.0,7.722706075656924,0.0,0.0,0.0,0.0,0.0,0.0,5.779448372398339,0.0,0.0,6.471049148040832,0.0,0.0,0.0,0.0,5.779448372398339,0.0,0.0,5.779448372398339,0.0
101,0.0,6.077143515095717,0.0,0.0,0.0,0.0,6.7691426758635,0.0,0.0,0.0,6.077143515095717,0.0,6.077143515095717,0.0,0.0,0.0,0.0,0.0,0.0,0.0,0.0,6.077143515095717,0.0,0.0,6.077143515095717,0.0,0.0,7.684743962713568,0.0,0.0,0.0,0.0,6.077143515095717,6.077143515095717,0.0,0.0,6.077143515095717,0.0,0.0,6.7691426758635,0.0,0.0,0.0,0.0,6.077143515095717,0.0,6.7691426758635,0.0,6.077143515095717,0.0,0.0,0.0,0.0,0.0,6.077143515095717,6.077143515095717,0.0,0.0,0.0
102,0.0,0.0,0.0,0.0,0.0,0.0,0.0,0.0,0.0,0.0,0.0,0.0,0.0,0.0,0.0,0.0,0.0,5.5008599231751285,0.0,0.0,0.0,0.0,0.0,0.0,0.0,0.0,5.5008599231751285,6.596746327567768,6.884087141437953,0.0,0.0,0.0,0.0,6.884087141437953,5.5008599231751285,0.0,7.289210874467346,0.0,0.0,7.799763314238887,0.0,0.0,0.0,0.0,0.0,6.19196338744912,6.884087141437953,0.0,0.0,6.884087141437953,0.0,0.0,0.0,0.0,5.5008599231751285,0.0,0.0,0.0,0.0
103,0.0,0.0,0.0,0.0,7.898525342618926,7.051722413950769,5.954840459801967,0.0,0.0,0.0,0.0,6.646690170246266,0.0,6.646690170246266,0.0,5.954840459801967,0.0,0.0,0.0,0.0,0.0,0.0,0.0,0.0,5.954840459801967,0.0,5.954840459801967,5.954840459801967,0.0,0.0,0.0,0.0,0.0,0.0,0.0,0.0,0.0,5.954840459801967,5.954840459801967,5.954840459801967,0.0,0.0,0.0,0.0,0.0,0.0,0.0,0.0,0.0,5.954840459801967,0.0,5.954840459801967,5.954840459801967,0.0,0.0,0.0,5.954840459801967,0.0,0.0
104,0.0,0.0,0.0,0.0,0.0,0.0,0.0,0.0,0.0,0.0,0.0,0.0,0.0,0.0,0.0,0.0,0.0,0.0,0.0,0.0,6.167915732334905,6.167915732334905,0.0,0.0,6.167915732334905,0.0,0.0,7.775675758511548,8.2455219414855,0.0,6.167915732334905,0.0,6.167915732334905,0.0,0.0,0.0,6.167915732334905,0.0,0.0,6.167915732334905,0.0,0.0,0.0,0.0,0.0,0.0,0.0,0.0,0.0,0.0,0.0,0.0,0.0,0.0,0.0,0.0,0.0,6.167915732334905,0.0
106,0.0,0.0,0.0,0.0,0.0,0.0,0.0,0.0,0.0,0.0,0.0,0.0,0.0,5.779448372398339,0.0,0.0,0.0,5.779448372398339,0.0,0.0,0.0,0.0,0.0,0.0,0.0,0.0,0.0,7.3864108878045425,7.973922129964331,0.0,0.0,0.0,0.0,0.0,0.0,0.0,7.1634222284534985,0.0,0.0,7.3864108878045425,0.0,0.0,0.0,0.0,5.779448372398339,0.0,5.779448372398339,0.0,0.0,6.875998255971096,0.0,0.0,0.0,0.0,5.779448372398339,0.0,0.0,0.0,0.0
107,0.0,0.0,0.0,0.0,6.408628631315172,7.100951831504149,6.813544494621113,0.0,0.0,5.717127377459133,5.717127377459133,6.408628631315172,0.0,5.717127377459133,0.0,0.0,0.0,0.0,0.0,6.408628631315172,0.0,0.0,0.0,0.0,7.506142128543193,0.0,0.0,0.0,0.0,0.0,0.0,0.0,0.0,5.717127377459133,0.0,0.0,6.408628631315172,0.0,5.717127377459133,6.408628631315172,0.0,6.813544494621113,0.0,0.0,0.0,0.0,0.0,0.0,0.0,0.0,0.0,0.0,0.0,0.0,5.717127377459133,0.0,0.0,0.0,5.717127377459133
109,0.0,0.0,0.0,0.0,0.0,0.0,0.0,0.0,0.0,0.0,0.0,0.0,5.917199867519596,0.0,0.0,0.0,0.0,0.0,0.0,0.0,0.0,5.917199867519596,0.0,0.0,0.0,0.0,0.0,7.524481272658421,6.608999776101094,0.0,0.0,0.0,0.0,0.0,0.0,0.0,7.7067128739802735,6.608999776101094,0.0,7.860799294944249,0.0,0.0,0.0,0.0,5.917199867519596,5.917199867519596,0.0,0.0,0.0,5.917199867519596,0.0,0.0,0.0,0.0,0.0,0.0,0.0,0.0,0.0
110,0.0,0.0,0.0,0.0,0.0,0.0,0.0,0.0,0.0,0.0,0.0,0.0,0.0,0.0,0.0,0.0,0.0,5.88093194910298,0.0,0.0,0.0,5.88093194910298,0.0,0.0,5.88093194910298,5.88093194910298,0.0,7.957927342245102,5.88093194910298,7.265129978035143,0.0,5.88093194910298,6.572682063274631,6.572682063274631,0.0,0.0,0.0,0.0,0.0,0.0,0.0,0.0,0.0,0.0,0.0,0.0,6.977681048517689,0.0,0.0,0.0,0.0,0.0,0.0,0.0,6.572682063274631,0.0,0.0,5.88093194910298,0.0
111,0.0,0.0,0.0,0.0,0.0,0.0,0.0,0.0,0.0,0.0,0.0,0.0,0.0,0.0,0.0,0.0,0.0,0.0,0.0,0.0,0.0,6.121495502161354,0.0,0.0,6.813544494621113,0.0,0.0,7.218643271861805,7.218643271861805,0.0,0.0,0.0,0.0,0.0,0.0,0.0,7.506142128543193,0.0,0.0,8.199014422492134,0.0,0.0,0.0,0.0,0.0,0.0,6.121495502161354,0.0,0.0,0.0,0.0,0.0,0.0,0.0,0.0,0.0,0.0,0.0,0.0
114,0.0,0.0,6.034683666227958,0.0,0.0,0.0,6.034683666227958,0.0,0.0,6.7266330027636645,0.0,6.034683666227958,6.034683666227958,0.0,0.0,0.0,6.034683666227958,0.0,0.0,0.0,0.0,6.034683666227958,0.0,0.0,0.0,0.0,0.0,7.1316985104669115,6.034683666227958,0.0,0.0,0.0,0.0,0.0,0.0,0.0,7.419180722820095,0.0,0.0,6.7266330027636645,0.0,0.0,0.0,0.0,6.7266330027636645,0.0,6.034683666227958,0.0,0.0,6.034683666227958,0.0,0.0,0.0,0.0,6.7266330027636645,0.0,0.0,0.0,0.0
118,0.0,0.0,0.0,0.0,6.813544494621113,6.813544494621113,7.218643271861805,0.0,0.0,0.0,0.0,6.813544494621113,0.0,0.0,0.0,6.121495502161354,0.0,0.0,0.0,0.0,0.0,0.0,0.0,0.0,6.121495502161354,0.0,6.121495502161354,0.0,6.813544494621113,0.0,0.0,0.0,0.0,0.0,0.0,0.0,0.0,0.0,6.121495502161354,6.121495502161354,0.0,0.0,0.0,6.121495502161354,0.0,0.0,0.0,0.0,6.813544494621113,6.121495502161354,6.121495502161354,0.0,0.0,0.0,0.0,0.0,0.0,0.0,6.121495502161354
120,0.0,0.0,0.0,0.0,0.0,0.0,0.0,0.0,0.0,0.0,0.0,0.0,0.0,0.0,0.0,0.0,0.0,0.0,0.0,0.0,0.0,0.0,0.0,0.0,0.0,0.0,0.0,5.993961427306569,6.68586094706836,0.0,0.0,0.0,0.0,6.68586094706836,0.0,0.0,8.294299608857235,5.993961427306569,0.0,7.0909098220799835,0.0,0.0,0.0,0.0,0.0,7.0909098220799835,0.0,0.0,0.0,6.68586094706836,0.0,0.0,0.0,0.0,0.0,0.0,0.0,5.993961427306569,0.0
121,0.0,0.0,0.0,0.0,0.0,0.0,6.167915732334905,0.0,0.0,0.0,0.0,0.0,0.0,6.167915732334905,0.0,0.0,0.0,6.167915732334905,0.0,0.0,0.0,6.167915732334905,0.0,0.0,0.0,0.0,0.0,6.167915732334905,0.0,0.0,0.0,0.0,6.167915732334905,7.775675758511548,0.0,0.0,7.957927342245102,6.167915732334905,0.0,0.0,0.0,0.0,0.0,0.0,0.0,6.167915732334905,0.0,0.0,0.0,6.167915732334905,0.0,0.0,0.0,0.0,6.167915732334905,0.0,0.0,0.0,0.0
122,0.0,0.0,0.0,0.0,0.0,0.0,0.0,0.0,0.0,0.0,0.0,0.0,0.0,6.034683666227958,0.0,0.0,0.0,0.0,0.0,0.0,0.0,6.7266330027636645,0.0,0.0,0.0,0.0,0.0,6.7266330027636645,6.7266330027636645,0.0,0.0,6.034683666227958,0.0,6.034683666227958,6.034683666227958,0.0,8.11202803831707,0.0,0.0,7.419180722820095,0.0,0.0,0.0,0.0,0.0,0.0,6.7266330027636645,0.0,0.0,0.0,0.0,0.0,0.0,0.0,0.0,0.0,0.0,0.0,0.0
125,0.0,0.0,0.0,0.0,0.0,0.0,0.0,0.0,0.0,0.0,0.0,0.0,0.0,0.0,0.0,0.0,0.0,0.0,0.0,5.630414969030203,0.0,5.630414969030203,0.0,0.0,0.0,0.0,0.0,7.419180722820095,8.02504392550368,0.0,0.0,0.0,5.630414969030203,5.630414969030203,0.0,0.0,5.630414969030203,0.0,0.0,0.0,0.0,0.0,6.7266330027636645,0.0,6.321766996021397,0.0,6.7266330027636645,0.0,0.0,6.7266330027636645,0.0,0.0,0.0,0.0,6.321766996021397,0.0,0.0,5.630414969030203,0.0
135,5.264283180082056,0.0,0.0,0.0,0.0,0.0,0.0,0.0,0.0,0.0,0.0,0.0,0.0,0.0,0.0,0.0,0.0,0.0,0.0,0.0,0.0,5.264283180082056,0.0,0.0,0.0,0.0,0.0,7.051722413950769,5.954840459801967,0.0,0.0,0.0,0.0,6.359440774907624,0.0,0.0,8.59148686061291,0.0,0.0,7.205749383811128,0.0,0.0,0.0,0.0,0.0,5.264283180082056,5.264283180082056,0.0,0.0,0.0,0.0,0.0,0.0,0.0,5.954840459801967,0.0,0.0,0.0,0.0
136,5.993961427306569,0.0,0.0,0.0,0.0,0.0,5.993961427306569,0.0,0.0,0.0,0.0,0.0,0.0,0.0,0.0,0.0,0.0,0.0,0.0,5.993961427306569,0.0,0.0,0.0,0.0,0.0,0.0,0.0,7.0909098220799835,7.3783837129967145,0.0,0.0,0.0,7.0909098220799835,0.0,0.0,0.0,7.0909098220799835,5.993961427306569,0.0,7.3783837129967145,0.0,0.0,0.0,0.0,0.0,0.0,6.68586094706836,0.0,0.0,0.0,0.0,0.0,5.993961427306569,0.0,5.993961427306569,0.0,0.0,0.0,0.0
138,0.0,0.0,5.264283180082056,0.0,0.0,0.0,6.646690170246266,0.0,0.0,5.264283180082056,0.0,0.0,0.0,5.264283180082056,5.264283180082056,0.0,5.264283180082056,0.0,0.0,0.0,0.0,0.0,0.0,0.0,0.0,0.0,0.0,5.954840459801967,5.954840459801967,0.0,0.0,0.0,0.0,0.0,0.0,0.0,8.517393171418904,5.264283180082056,0.0,7.205749383811128,0.0,0.0,0.0,0.0,5.264283180082056,5.264283180082056,5.264283180082056,0.0,0.0,0.0,0.0,0.0,0.0,5.264283180082056,0.0,0.0,5.264283180082056,0.0,0.0
141,0.0,0.0,0.0,0.0,0.0,0.0,0.0,0.0,0.0,0.0,0.0,0.0,0.0,6.034683666227958,0.0,0.0,0.0,0.0,0.0,0.0,0.0,0.0,6.034683666227958,0.0,0.0,0.0,0.0,6.7266330027636645,0.0,0.0,6.034683666227958,6.034683666227958,6.034683666227958,0.0,0.0,0.0,8.33511160582689,6.034683666227958,0.0,6.7266330027636645,0.0,0.0,0.0,0.0,0.0,0.0,6.7266330027636645,0.0,0.0,0.0,0.0,0.0,0.0,0.0,6.034683666227958,0.0,0.0,6.034683666227958,0.0
142,0.0,0.0,0.0,0.0,0.0,0.0,0.0,5.0734858835418,0.0,0.0,0.0,0.0,5.0734858835418,0.0,0.0,0.0,0.0,5.0734858835418,0.0,0.0,0.0,5.763497875288668,0.0,0.0,0.0,0.0,0.0,6.4550737676928325,5.0734858835418,0.0,0.0,6.677902764884913,0.0,6.4550737676928325,0.0,0.0,8.39963513045115,5.0734858835418,0.0,6.167915732334905,0.0,0.0,0.0,0.0,0.0,5.763497875288668,6.860014563948276,0.0,0.0,5.763497875288668,0.0,0.0,0.0,0.0,5.0734858835418,0.0,5.0734858835418,0.0,0.0
143,0.0,0.0,0.0,0.0,0.0,0.0,0.0,0.0,0.0,0.0,0.0,0.0,0.0,5.993961427306569,0.0,0.0,0.0,0.0,0.0,0.0,0.0,0.0,0.0,0.0,0.0,0.0,0.0,7.601402334583733,0.0,5.993961427306569,0.0,5.993961427306569,0.0,5.993961427306569,0.0,0.0,8.188966863648876,0.0,0.0,0.0,0.0,0.0,0.0,0.0,0.0,5.993961427306569,6.68586094706836,0.0,0.0,5.993961427306569,0.0,0.0,0.0,0.0,7.0909098220799835,0.0,0.0,0.0,0.0
148,0.0,0.0,5.717127377459133,0.0,0.0,0.0,0.0,0.0,0.0,0.0,0.0,0.0,0.0,0.0,0.0,0.0,0.0,0.0,0.0,0.0,0.0,5.717127377459133,0.0,0.0,0.0,0.0,0.0,7.100951831504149,5.717127377459133,0.0,0.0,6.408628631315172,0.0,0.0,0.0,0.0,8.422102987415462,0.0,0.0,7.506142128543193,5.717127377459133,0.0,0.0,0.0,0.0,0.0,5.717127377459133,0.0,0.0,5.717127377459133,0.0,0.0,0.0,0.0,0.0,0.0,0.0,0.0,0.0
149,0.0,0.0,0.0,0.0,0.0,0.0,0.0,0.0,0.0,0.0,0.0,0.0,0.0,0.0,0.0,0.0,0.0,5.954840459801967,0.0,0.0,0.0,6.646690170246266,0.0,0.0,0.0,0.0,0.0,7.051722413950769,0.0,5.954840459801967,0.0,5.954840459801967,6.646690170246266,5.954840459801967,0.0,0.0,7.744436542654315,0.0,0.0,5.954840459801967,0.0,0.0,0.0,0.0,0.0,0.0,7.562201611235652,0.0,0.0,5.954840459801967,0.0,0.0,0.0,0.0,5.954840459801967,5.954840459801967,0.0,0.0,0.0
155,0.0,0.0,0.0,0.0,0.0,0.0,0.0,0.0,0.0,0.0,0.0,0.0,5.6584861997410245,0.0,0.0,0.0,0.0,5.6584861997410245,0.0,0.0,0.0,0.0,0.0,0.0,0.0,0.0,0.0,6.754770585794848,5.6584861997410245,5.6584861997410245,6.754770585794848,6.349887961580832,0.0,5.6584861997410245,0.0,0.0,8.053205714494222,0.0,0.0,5.6584861997410245,0.0,0.0,0.0,0.0,0.0,6.754770585794848,6.349887961580832,0.0,0.0,5.6584861997410245,0.0,0.0,0.0,0.0,6.754770585794848,0.0,0.0,5.6584861997410245,0.0
160,0.0,0.0,0.0,0.0,0.0,0.0,0.0,0.0,0.0,0.0,0.0,0.0,0.0,0.0,0.0,0.0,0.0,6.034683666227958,0.0,0.0,0.0,7.285734989414698,0.0,0.0,5.3439278778000885,0.0,0.0,6.034683666227958,6.439350371100098,0.0,0.0,6.034683666227958,0.0,0.0,0.0,0.0,8.430399972446597,5.3439278778000885,0.0,6.034683666227958,0.0,0.0,0.0,0.0,0.0,0.0,6.439350371100098,0.0,0.0,5.3439278778000885,0.0,0.0,0.0,0.0,6.034683666227958,0.0,0.0,0.0,0.0
162,0.0,0.0,0.0,0.0,5.630414969030203,0.0,0.0,0.0,0.0,0.0,0.0,0.0,0.0,0.0,0.0,0.0,6.321766996021397,0.0,0.0,0.0,0.0,5.630414969030203,0.0,0.0,5.630414969030203,0.0,0.0,7.824445930877619,0.0,5.630414969030203,6.321766996021397,6.321766996021397,0.0,7.0140153898827995,0.0,0.0,7.0140153898827995,0.0,0.0,0.0,6.321766996021397,0.0,0.0,0.0,0.0,5.630414969030203,6.7266330027636645,0.0,0.0,0.0,0.0,0.0,0.0,0.0,6.7266330027636645,0.0,0.0,0.0,0.0
165,0.0,0.0,0.0,0.0,0.0,0.0,0.0,0.0,0.0,0.0,0.0,0.0,0.0,0.0,0.0,0.0,0.0,0.0,0.0,0.0,0.0,6.077143515095717,0.0,0.0,0.0,0.0,0.0,7.174224817643044,0.0,6.7691426758635,6.077143515095717,6.077143515095717,6.077143515095717,7.174224817643044,0.0,0.0,7.174224817643044,0.0,0.0,6.077143515095717,6.077143515095717,0.0,0.0,0.0,0.0,6.077143515095717,6.077143515095717,0.0,0.0,6.077143515095717,0.0,0.0,0.0,0.0,6.7691426758635,0.0,6.077143515095717,0.0,0.0
167,0.0,5.603115631169576,5.603115631169576,0.0,5.603115631169576,0.0,7.209600098101059,0.0,0.0,0.0,0.0,0.0,5.603115631169576,0.0,0.0,0.0,0.0,5.603115631169576,0.0,0.0,0.0,0.0,0.0,0.0,0.0,5.603115631169576,0.0,5.603115631169576,5.603115631169576,0.0,0.0,6.294417930749521,0.0,0.0,0.0,0.0,7.997654039209126,6.294417930749521,0.0,7.209600098101059,0.0,0.0,0.0,5.603115631169576,0.0,0.0,5.603115631169576,0.0,0.0,0.0,0.0,0.0,0.0,5.603115631169576,0.0,0.0,5.603115631169576,0.0,0.0
168,0.0,0.0,0.0,0.0,5.917199867519596,7.301472639381708,6.608999776101094,0.0,0.0,0.0,0.0,0.0,0.0,5.917199867519596,0.0,6.608999776101094,0.0,0.0,0.0,6.608999776101094,0.0,0.0,0.0,0.0,5.917199867519596,0.0,0.0,7.301472639381708,0.0,0.0,0.0,5.917199867519596,5.917199867519596,0.0,0.0,0.0,0.0,5.917199867519596,0.0,6.608999776101094,0.0,0.0,0.0,0.0,0.0,0.0,0.0,0.0,0.0,7.301472639381708,0.0,0.0,0.0,0.0,0.0,0.0,5.917199867519596,0.0,0.0
169,0.0,0.0,6.267799590092823,0.0,6.267799590092823,6.959998122405276,0.0,0.0,0.0,0.0,0.0,0.0,0.0,6.267799590092823,0.0,0.0,0.0,5.576547010488493,0.0,0.0,0.0,5.576547010488493,0.0,0.0,6.6726323660391405,5.576547010488493,0.0,6.267799590092823,6.267799590092823,6.6726323660391405,5.576547010488493,5.576547010488493,0.0,5.576547010488493,0.0,0.0,5.576547010488493,5.576547010488493,0.0,0.0,0.0,0.0,0.0,0.0,0.0,0.0,6.6726323660391405,0.0,0.0,0.0,5.576547010488493,0.0,0.0,5.576547010488493,6.267799590092823,0.0,6.6726323660391405,0.0,0.0
171,0.0,0.0,0.0,0.0,0.0,0.0,0.0,0.0,0.0,0.0,0.0,0.0,0.0,0.0,0.0,0.0,6.034683666227958,0.0,0.0,0.0,0.0,0.0,0.0,0.0,0.0,0.0,0.0,7.1316985104669115,7.419180722820095,0.0,0.0,6.034683666227958,0.0,6.034683666227958,0.0,0.0,7.978539489064328,6.034683666227958,0.0,7.642204338899188,0.0,0.0,0.0,0.0,0.0,0.0,0.0,0.0,0.0,0.0,0.0,0.0,0.0,0.0,6.034683666227958,0.0,0.0,0.0,0.0
172,0.0,0.0,0.0,0.0,0.0,0.0,0.0,0.0,0.0,5.845940345101734,0.0,0.0,0.0,0.0,5.845940345101734,0.0,0.0,5.845940345101734,0.0,0.0,0.0,6.537640672314758,0.0,0.0,0.0,0.0,0.0,6.537640672314758,7.4530622862888185,0.0,0.0,0.0,0.0,0.0,0.0,0.0,7.789368890966675,5.845940345101734,0.0,7.230063640424056,0.0,0.0,5.845940345101734,0.0,0.0,6.537640672314758,5.845940345101734,0.0,0.0,0.0,0.0,0.0,0.0,0.0,5.845940345101734,0.0,0.0,0.0,0.0
173,0.0,5.917199867519596,0.0,0.0,0.0,0.0,5.917199867519596,0.0,0.0,0.0,0.0,0.0,0.0,0.0,0.0,0.0,0.0,0.0,0.0,0.0,0.0,5.917199867519596,0.0,0.0,0.0,0.0,5.917199867519596,7.7067128739802735,7.301472639381708,0.0,0.0,0.0,0.0,0.0,0.0,0.0,6.608999776101094,6.608999776101094,0.0,6.608999776101094,0.0,0.0,0.0,0.0,0.0,0.0,5.917199867519596,0.0,0.0,5.917199867519596,5.917199867519596,0.0,0.0,0.0,5.917199867519596,0.0,7.0140153898827995,0.0,0.0
175,0.0,0.0,0.0,6.121495502161354,0.0,6.813544494621113,6.813544494621113,0.0,7.506142128543193,0.0,0.0,6.813544494621113,0.0,6.813544494621113,0.0,0.0,6.121495502161354,0.0,0.0,6.121495502161354,0.0,0.0,6.121495502161354,0.0,0.0,0.0,0.0,0.0,0.0,0.0,0.0,0.0,0.0,0.0,0.0,0.0,6.121495502161354,6.121495502161354,0.0,0.0,0.0,0.0,7.506142128543193,0.0,0.0,0.0,0.0,0.0,0.0,0.0,0.0,0.0,0.0,0.0,0.0,0.0,0.0,0.0,0.0
177,0.0,0.0,0.0,0.0,0.0,5.917199867519596,0.0,0.0,0.0,0.0,0.0,0.0,0.0,0.0,0.0,0.0,0.0,0.0,0.0,0.0,0.0,6.608999776101094,0.0,0.0,5.917199867519596,0.0,0.0,5.917199867519596,7.7067128739802735,0.0,0.0,0.0,5.917199867519596,0.0,0.0,0.0,7.301472639381708,6.608999776101094,0.0,7.860799294944249,0.0,0.0,0.0,0.0,0.0,0.0,5.917199867519596,0.0,0.0,0.0,0.0,0.0,0.0,0.0,0.0,0.0,0.0,0.0,5.917199867519596
182,0.0,0.0,0.0,0.0,0.0,0.0,0.0,0.0,0.0,0.0,0.0,0.0,0.0,0.0,0.0,0.0,0.0,0.0,0.0,0.0,0.0,0.0,0.0,0.0,0.0,0.0,0.0,6.646690170246266,5.264283180082056,0.0,0.0,5.954840459801967,0.0,5.264283180082056,0.0,0.0,8.626571777651879,0.0,0.0,7.562201611235652,0.0,0.0,0.0,0.0,5.264283180082056,5.264283180082056,0.0,0.0,0.0,5.954840459801967,0.0,0.0,0.0,0.0,5.264283180082056,0.0,0.0,0.0,0.0
187,0.0,0.0,0.0,0.0,0.0,6.077143515095717,6.077143515095717,6.077143515095717,0.0,0.0,0.0,0.0,0.0,0.0,0.0,0.0,0.0,6.077143515095717,0.0,0.0,0.0,0.0,0.0,0.0,6.077143515095717,0.0,0.0,6.7691426758635,0.0,7.174224817643044,0.0,6.077143515095717,6.7691426758635,6.077143515095717,0.0,0.0,0.0,0.0,0.0,0.0,0.0,0.0,0.0,0.0,0.0,6.077143515095717,8.021084822563147,0.0,0.0,0.0,0.0,0.0,0.0,6.077143515095717,0.0,0.0,0.0,0.0,0.0
189,0.0,0.0,0.0,0.0,6.439350371100098,0.0,5.7477993600729755,0.0,0.0,0.0,0.0,0.0,0.0,0.0,0.0,0.0,0.0,5.7477993600729755,0.0,0.0,0.0,6.439350371100098,0.0,0.0,0.0,0.0,0.0,7.1316985104669115,6.439350371100098,0.0,0.0,5.7477993600729755,5.7477993600729755,5.7477993600729755,0.0,0.0,7.824445930877619,0.0,0.0,7.1316985104669115,0.0,0.0,0.0,0.0,0.0,5.7477993600729755,5.7477993600729755,0.0,0.0,6.844282856026563,0.0,0.0,0.0,0.0,0.0,0.0,0.0,0.0,0.0
190,0.0,0.0,0.0,0.0,0.0,0.0,0.0,0.0,0.0,0.0,0.0,0.0,0.0,0.0,0.0,0.0,0.0,0.0,0.0,0.0,0.0,0.0,0.0,0.0,0.0,0.0,0.0,7.3282660515757225,6.077143515095717,0.0,0.0,5.386288427820895,0.0,0.0,0.0,0.0,8.600758783429365,0.0,0.0,7.174224817643044,0.0,0.0,0.0,0.0,0.0,5.386288427820895,5.386288427820895,0.0,0.0,6.077143515095717,0.0,0.0,0.0,0.0,0.0,5.386288427820895,0.0,0.0,0.0
191,0.0,0.0,6.646690170246266,0.0,0.0,0.0,0.0,0.0,0.0,0.0,0.0,0.0,0.0,0.0,0.0,0.0,0.0,0.0,0.0,0.0,0.0,5.55067114056188,0.0,0.0,5.55067114056188,0.0,0.0,6.646690170246266,0.0,6.646690170246266,0.0,7.339187983916088,6.241874007624498,6.241874007624498,0.0,0.0,0.0,6.646690170246266,0.0,5.55067114056188,0.0,0.0,0.0,0.0,0.0,0.0,7.493245862612534,0.0,0.0,5.55067114056188,0.0,0.0,0.0,0.0,6.241874007624498,0.0,6.646690170246266,5.55067114056188,0.0
193,0.0,5.7477993600729755,0.0,0.0,5.7477993600729755,6.439350371100098,5.7477993600729755,0.0,0.0,0.0,0.0,5.7477993600729755,0.0,0.0,0.0,6.844282856026563,5.7477993600729755,0.0,0.0,0.0,0.0,0.0,6.439350371100098,5.7477993600729755,6.844282856026563,0.0,0.0,0.0,0.0,0.0,0.0,0.0,6.439350371100098,5.7477993600729755,0.0,5.7477993600729755,6.439350371100098,0.0,0.0,0.0,0.0,6.844282856026563,0.0,0.0,0.0,0.0,0.0,0.0,5.7477993600729755,0.0,6.844282856026563,0.0,0.0,6.844282856026563,0.0,0.0,0.0,0.0,0.0
195,0.0,0.0,5.954840459801967,0.0,8.032010322833477,6.646690170246266,6.646690170246266,0.0,0.0,0.0,0.0,7.339187983916088,0.0,0.0,0.0,0.0,0.0,0.0,0.0,6.646690170246266,0.0,0.0,0.0,0.0,6.646690170246266,0.0,0.0,5.954840459801967,0.0,0.0,0.0,0.0,0.0,0.0,5.954840459801967,0.0,0.0,0.0,0.0,0.0,0.0,6.646690170246266,0.0,0.0,0.0,0.0,0.0,0.0,0.0,0.0,5.954840459801967,0.0,0.0,0.0,0.0,0.0,0.0,0.0,0.0
198,0.0,0.0,0.0,0.0,0.0,0.0,0.0,0.0,0.0,0.0,0.0,0.0,0.0,0.0,0.0,0.0,0.0,0.0,0.0,0.0,0.0,5.717127377459133,0.0,0.0,5.717127377459133,0.0,0.0,7.323930505239588,7.660214277048907,0.0,0.0,0.0,5.717127377459133,5.717127377459133,0.0,0.0,5.717127377459133,0.0,0.0,5.717127377459133,0.0,0.0,6.813544494621113,0.0,6.813544494621113,5.717127377459133,6.408628631315172,0.0,0.0,6.813544494621113,0.0,0.0,0.0,0.0,6.813544494621113,0.0,0.0,0.0,0.0
199,0.0,0.0,0.0,0.0,6.267799590092823,7.652670641152844,6.267799590092823,6.267799590092823,6.267799590092823,0.0,0.0,0.0,0.0,0.0,0.0,6.267799590092823,0.0,0.0,0.0,0.0,0.0,0.0,0.0,0.0,6.267799590092823,0.0,0.0,0.0,0.0,0.0,0.0,6.267799590092823,0.0,6.267799590092823,0.0,0.0,6.959998122405276,6.267799590092823,0.0,0.0,0.0,7.365146814340268,6.267799590092823,0.0,0.0,0.0,0.0,0.0,0.0,0.0,0.0,0.0,0.0,0.0,0.0,0.0,0.0,0.0,0.0
200,0.0,0.0,0.0,0.0,0.0,0.0,6.621405651764134,0.0,0.0,0.0,0.0,0.0,0.0,0.0,0.0,0.0,5.5254529391317835,0.0,0.0,0.0,0.0,5.5254529391317835,0.0,0.0,0.0,0.0,0.0,6.90875477931522,6.621405651764134,0.0,0.0,5.5254529391317835,0.0,0.0,0.0,0.0,8.46611040118692,0.0,0.0,7.1316985104669115,0.0,0.0,0.0,0.0,0.0,6.2166061010848646,5.5254529391317835,0.0,0.0,0.0,0.0,0.0,0.0,0.0,0.0,0.0,0.0,0.0,0.0
205,0.0,0.0,0.0,0.0,5.954840459801967,7.051722413950769,7.051722413950769,0.0,7.898525342618926,0.0,0.0,7.562201611235652,0.0,5.954840459801967,0.0,0.0,5.954840459801967,0.0,0.0,0.0,0.0,0.0,0.0,0.0,6.646690170246266,0.0,0.0,0.0,0.0,0.0,0.0,0.0,0.0,0.0,0.0,0.0,0.0,5.954840459801967,0.0,0.0,0.0,0.0,0.0,0.0,0.0,0.0,0.0,0.0,5.954840459801967,0.0,0.0,0.0,0.0,0.0,0.0,0.0,5.954840459801967,0.0,0.0
209,0.0,0.0,0.0,0.0,5.812138499293826,5.812138499293826,0.0,0.0,0.0,0.0,0.0,0.0,0.0,0.0,0.0,0.0,0.0,0.0,0.0,0.0,0.0,0.0,0.0,0.0,5.812138499293826,0.0,0.0,7.888959461698937,6.503789046997708,0.0,0.0,0.0,6.503789046997708,6.90875477931522,0.0,0.0,6.503789046997708,5.812138499293826,0.0,6.90875477931522,0.0,0.0,0.0,0.0,0.0,0.0,6.503789046997708,0.0,0.0,6.90875477931522,5.812138499293826,0.0,0.0,0.0,0.0,0.0,0.0,0.0,0.0
213,0.0,0.0,0.0,0.0,6.977681048517689,0.0,0.0,0.0,5.88093194910298,0.0,0.0,5.88093194910298,0.0,0.0,0.0,0.0,0.0,0.0,0.0,0.0,0.0,6.572682063274631,0.0,0.0,0.0,0.0,0.0,7.4881336174935935,6.572682063274631,0.0,0.0,0.0,5.88093194910298,6.572682063274631,0.0,0.0,5.88093194910298,0.0,0.0,6.977681048517689,0.0,0.0,0.0,0.0,5.88093194910298,0.0,5.88093194910298,0.0,0.0,5.88093194910298,0.0,0.0,0.0,0.0,0.0,0.0,7.265129978035143,0.0,0.0
215,0.0,0.0,0.0,0.0,0.0,0.0,0.0,0.0,0.0,0.0,0.0,0.0,0.0,0.0,0.0,0.0,0.0,0.0,0.0,0.0,0.0,7.461715351917766,0.0,0.0,0.0,0.0,0.0,6.7691426758635,0.0,6.7691426758635,0.0,6.077143515095717,6.077143515095717,6.077143515095717,6.7691426758635,6.077143515095717,0.0,7.174224817643044,0.0,6.077143515095717,0.0,0.0,0.0,0.0,0.0,0.0,6.077143515095717,0.0,0.0,6.077143515095717,0.0,0.0,0.0,0.0,6.077143515095717,0.0,6.7691426758635,0.0,0.0
219,0.0,0.0,0.0,0.0,5.845940345101734,5.845940345101734,0.0,0.0,0.0,0.0,0.0,0.0,5.845940345101734,0.0,0.0,0.0,0.0,0.0,0.0,0.0,0.0,0.0,0.0,0.0,0.0,0.0,5.845940345101734,6.537640672314758,8.04059128964572,5.845940345101734,0.0,0.0,5.845940345101734,5.845940345101734,0.0,0.0,6.537640672314758,0.0,0.0,7.4530622862888185,0.0,0.0,0.0,0.0,5.845940345101734,5.845940345101734,6.537640672314758,0.0,0.0,0.0,0.0,0.0,0.0,0.0,0.0,0.0,0.0,0.0,0.0
221,0.0,0.0,0.0,0.0,0.0,7.824445930877619,6.034683666227958,6.7266330027636645,0.0,0.0,0.0,6.7266330027636645,0.0,0.0,0.0,0.0,0.0,0.0,0.0,0.0,0.0,0.0,6.7266330027636645,0.0,6.034683666227958,0.0,0.0,6.034683666227958,0.0,0.0,0.0,0.0,0.0,6.034683666227958,6.034683666227958,0.0,0.0,0.0,0.0,0.0,0.0,7.824445930877619,0.0,0.0,0.0,0.0,0.0,0.0,6.034683666227958,0.0,0.0,0.0,0.0,0.0,0.0,0.0,0.0,0.0,0.0
226,0.0,0.0,0.0,0.0,0.0,0.0,0.0,0.0,0.0,0.0,0.0,0.0,0.0,5.993961427306569,0.0,0.0,0.0,0.0,0.0,0.0,0.0,5.993961427306569,0.0,0.0,0.0,0.0,0.0,6.68586094706836,0.0,0.0,0.0,0.0,6.68586094706836,6.68586094706836,0.0,0.0,8.188966863648876,5.993961427306569,0.0,7.0909098220799835,0.0,0.0,0.0,0.0,0.0,0.0,0.0,0.0,0.0,7.0909098220799835,0.0,0.0,0.0,0.0,0.0,0.0,5.993961427306569,0.0,0.0
227,0.0,0.0,0.0,0.0,0.0,0.0,0.0,0.0,0.0,0.0,0.0,0.0,6.077143515095717,0.0,0.0,0.0,0.0,0.0,0.0,0.0,0.0,6.077143515095717,0.0,0.0,0.0,0.0,0.0,7.684743962713568,0.0,6.077143515095717,0.0,6.7691426758635,6.077143515095717,7.174224817643044,0.0,0.0,7.461715351917766,6.077143515095717,0.0,0.0,0.0,0.0,0.0,0.0,0.0,6.077143515095717,6.077143515095717,0.0,0.0,0.0,0.0,0.0,0.0,0.0,6.7691426758635,0.0,0.0,0.0,0.0
228,0.0,0.0,0.0,0.0,0.0,0.0,0.0,0.0,0.0,0.0,0.0,0.0,0.0,0.0,0.0,0.0,0.0,7.218643271861805,0.0,0.0,0.0,7.218643271861805,0.0,0.0,6.121495502161354,0.0,0.0,7.911423987306794,0.0,6.121495502161354,0.0,6.121495502161354,0.0,0.0,0.0,6.121495502161354,6.121495502161354,0.0,0.0,0.0,0.0,0.0,0.0,0.0,0.0,0.0,7.506142128543193,0.0,0.0,0.0,0.0,0.0,0.0,0.0,6.121495502161354,0.0,0.0,0.0,0.0
229,0.0,0.0,0.0,0.0,7.506142128543193,8.065522304010056,6.121495502161354,0.0,0.0,0.0,0.0,6.121495502161354,6.121495502161354,6.813544494621113,0.0,0.0,0.0,0.0,0.0,0.0,0.0,0.0,6.121495502161354,0.0,6.121495502161354,0.0,0.0,0.0,0.0,0.0,0.0,0.0,0.0,0.0,0.0,0.0,0.0,6.121495502161354,0.0,6.121495502161354,0.0,0.0,0.0,0.0,0.0,0.0,0.0,0.0,0.0,0.0,6.813544494621113,0.0,0.0,0.0,0.0,0.0,0.0,0.0,0.0
235,0.0,0.0,0.0,0.0,0.0,0.0,0.0,0.0,0.0,0.0,0.0,0.0,0.0,0.0,0.0,0.0,0.0,6.7691426758635,0.0,0.0,0.0,0.0,0.0,0.0,0.0,0.0,0.0,7.684743962713568,0.0,0.0,0.0,0.0,0.0,0.0,0.0,0.0,8.27232625629005,6.077143515095717,0.0,6.7691426758635,0.0,0.0,0.0,0.0,0.0,0.0,6.077143515095717,0.0,0.0,6.077143515095717,0.0,0.0,0.0,0.0,6.7691426758635,0.0,0.0,0.0,0.0
240,0.0,0.0,5.364881759752255,0.0,0.0,0.0,0.0,0.0,0.0,0.0,0.0,0.0,5.364881759752255,0.0,0.0,0.0,0.0,0.0,0.0,0.0,0.0,0.0,0.0,0.0,5.364881759752255,0.0,0.0,6.460370499658939,7.306774122585549,0.0,0.0,5.364881759752255,5.364881759752255,6.747661441613784,0.0,0.0,6.460370499658939,6.055687193894418,0.0,8.250825605189826,0.0,0.0,0.0,0.0,0.0,0.0,5.364881759752255,0.0,0.0,0.0,0.0,0.0,0.0,0.0,5.364881759752255,0.0,6.460370499658939,0.0,0.0
242,0.0,0.0,6.608999776101094,0.0,0.0,0.0,0.0,0.0,0.0,0.0,0.0,0.0,0.0,0.0,0.0,0.0,0.0,0.0,0.0,0.0,0.0,6.608999776101094,0.0,0.0,0.0,0.0,5.917199867519596,7.7067128739802735,0.0,6.608999776101094,5.917199867519596,6.608999776101094,6.608999776101094,0.0,0.0,0.0,7.524481272658421,0.0,0.0,0.0,0.0,0.0,0.0,0.0,0.0,5.917199867519596,0.0,0.0,0.0,0.0,0.0,0.0,0.0,0.0,5.917199867519596,0.0,6.608999776101094,0.0,0.0
246,0.0,0.0,0.0,0.0,0.0,0.0,0.0,0.0,0.0,0.0,0.0,0.0,6.537640672314758,0.0,0.0,0.0,0.0,0.0,0.0,0.0,0.0,0.0,0.0,0.0,0.0,0.0,0.0,8.241203416405757,5.845940345101734,0.0,0.0,5.845940345101734,0.0,0.0,0.0,0.0,7.635287227783165,6.537640672314758,0.0,7.4530622862888185,0.0,0.0,0.0,0.0,0.0,0.0,5.845940345101734,0.0,0.0,0.0,0.0,0.0,0.0,0.0,0.0,0.0,0.0,0.0,0.0
248,0.0,0.0,5.576547010488493,0.0,0.0,0.0,0.0,0.0,0.0,0.0,0.0,0.0,5.576547010488493,0.0,0.0,0.0,0.0,0.0,0.0,0.0,0.0,6.959998122405276,0.0,0.0,0.0,0.0,0.0,6.6726323660391405,7.365146814340268,0.0,0.0,5.576547010488493,5.576547010488493,5.576547010488493,0.0,0.0,6.959998122405276,6.6726323660391405,0.0,7.365146814340268,0.0,0.0,0.0,0.0,0.0,5.576547010488493,5.576547010488493,0.0,0.0,6.6726323660391405,0.0,0.0,0.0,0.0,5.576547010488493,0.0,5.576547010488493,0.0,0.0
257,0.0,0.0,0.0,0.0,0.0,0.0,0.0,0.0,0.0,0.0,0.0,0.0,0.0,0.0,0.0,0.0,0.0,0.0,0.0,0.0,0.0,0.0,0.0,0.0,6.077143515095717,0.0,0.0,6.7691426758635,7.86698888515497,0.0,0.0,0.0,0.0,6.7691426758635,0.0,0.0,6.077143515095717,0.0,0.0,7.684743962713568,0.0,0.0,0.0,0.0,6.077143515095717,6.077143515095717,0.0,0.0,0.0,6.077143515095717,0.0,0.0,0.0,0.0,7.174224817643044,0.0,0.0,0.0,0.0
262,0.0,0.0,0.0,0.0,7.684743962713568,6.7691426758635,6.7691426758635,0.0,0.0,0.0,0.0,6.077143515095717,0.0,0.0,0.0,0.0,0.0,0.0,0.0,0.0,0.0,0.0,0.0,0.0,0.0,0.0,0.0,6.077143515095717,6.077143515095717,0.0,0.0,0.0,0.0,0.0,0.0,0.0,7.461715351917766,0.0,0.0,7.461715351917766,0.0,0.0,0.0,0.0,0.0,0.0,0.0,0.0,0.0,0.0,6.077143515095717,0.0,0.0,0.0,6.7691426758635,0.0,0.0,0.0,0.0
263,0.0,0.0,0.0,0.0,0.0,0.0,0.0,0.0,0.0,0.0,0.0,0.0,0.0,0.0,0.0,0.0,0.0,6.167915732334905,0.0,0.0,0.0,6.572682063274631,0.0,0.0,0.0,5.476861958311282,0.0,7.265129978035143,5.476861958311282,6.167915732334905,0.0,6.860014563948276,0.0,6.167915732334905,0.0,5.476861958311282,5.476861958311282,0.0,0.0,0.0,0.0,0.0,0.0,0.0,0.0,6.860014563948276,7.775675758511548,0.0,0.0,0.0,0.0,0.0,0.0,0.0,7.0829483135243585,0.0,0.0,0.0,0.0
264,0.0,0.0,0.0,0.0,0.0,0.0,0.0,0.0,6.121495502161354,0.0,0.0,0.0,0.0,0.0,0.0,0.0,0.0,0.0,0.0,0.0,0.0,6.813544494621113,0.0,0.0,6.121495502161354,0.0,0.0,6.813544494621113,7.218643271861805,0.0,0.0,6.813544494621113,0.0,6.813544494621113,0.0,0.0,7.506142128543193,0.0,0.0,6.813544494621113,0.0,0.0,0.0,0.0,0.0,6.121495502161354,6.121495502161354,0.0,0.0,0.0,0.0,0.0,0.0,0.0,6.121495502161354,0.0,0.0,0.0,0.0
271,0.0,0.0,0.0,0.0,0.0,0.0,0.0,0.0,0.0,0.0,0.0,0.0,0.0,0.0,0.0,0.0,0.0,0.0,0.0,0.0,0.0,6.754770585794848,0.0,0.0,0.0,0.0,0.0,7.601402334583733,6.754770585794848,0.0,0.0,6.349887961580832,6.349887961580832,0.0,0.0,0.0,6.754770585794848,0.0,0.0,8.220210862481437,5.6584861997410245,0.0,0.0,0.0,0.0,0.0,0.0,0.0,0.0,0.0,0.0,0.0,0.0,0.0,5.6584861997410245,0.0,0.0,0.0,0.0
272,0.0,0.0,0.0,0.0,0.0,0.0,0.0,0.0,0.0,0.0,0.0,0.0,5.845940345101734,0.0,0.0,0.0,0.0,0.0,0.0,0.0,0.0,5.845940345101734,0.0,0.0,0.0,0.0,0.0,6.942623030403143,5.845940345101734,7.230063640424056,0.0,0.0,6.537640672314758,0.0,0.0,0.0,8.145919592941882,0.0,0.0,0.0,0.0,0.0,0.0,0.0,0.0,0.0,7.4530622862888185,0.0,0.0,0.0,0.0,0.0,0.0,0.0,5.845940345101734,0.0,0.0,5.845940345101734,0.0
277,0.0,0.0,0.0,0.0,0.0,0.0,0.0,0.0,0.0,0.0,0.0,0.0,0.0,0.0,0.0,0.0,0.0,0.0,0.0,0.0,0.0,6.167915732334905,0.0,0.0,0.0,0.0,0.0,0.0,7.265129978035143,0.0,0.0,0.0,6.167915732334905,6.860014563948276,0.0,0.0,6.860014563948276,6.167915732334905,0.0,7.552637157608365,0.0,0.0,0.0,0.0,6.167915732334905,0.0,6.167915732334905,0.0,0.0,6.860014563948276,0.0,0.0,0.0,0.0,6.860014563948276,0.0,6.167915732334905,0.0,0.0
280,0.0,0.0,0.0,0.0,7.461715351917766,7.86698888515497,6.077143515095717,0.0,0.0,0.0,0.0,7.461715351917766,0.0,0.0,0.0,6.077143515095717,0.0,0.0,0.0,6.7691426758635,0.0,0.0,0.0,6.077143515095717,0.0,0.0,0.0,0.0,0.0,0.0,0.0,0.0,0.0,0.0,0.0,0.0,6.077143515095717,0.0,0.0,0.0,0.0,6.077143515095717,0.0,0.0,0.0,0.0,0.0,0.0,0.0,0.0,6.077143515095717,0.0,0.0,0.0,0.0,0.0,6.077143515095717,0.0,0.0
285,0.0,0.0,0.0,0.0,0.0,6.537640672314758,0.0,0.0,0.0,0.0,0.0,0.0,0.0,0.0,0.0,0.0,0.0,7.4530622862888185,0.0,0.0,0.0,5.845940345101734,0.0,0.0,0.0,0.0,0.0,7.230063640424056,0.0,6.537640672314758,5.845940345101734,5.845940345101734,0.0,6.537640672314758,5.845940345101734,0.0,0.0,0.0,0.0,0.0,0.0,0.0,0.0,0.0,0.0,0.0,7.789368890966675,0.0,0.0,0.0,0.0,0.0,0.0,0.0,6.942623030403143,0.0,0.0,0.0,0.0
288,0.0,0.0,0.0,0.0,6.934047611962654,0.0,0.0,0.0,0.0,0.0,0.0,5.55067114056188,0.0,0.0,0.0,0.0,0.0,5.55067114056188,0.0,0.0,5.55067114056188,0.0,0.0,0.0,6.241874007624498,0.0,0.0,6.646690170246266,6.934047611962654,0.0,0.0,0.0,0.0,0.0,0.0,0.0,8.255088893154603,0.0,0.0,7.339187983916088,0.0,0.0,0.0,0.0,0.0,0.0,5.55067114056188,0.0,0.0,0.0,0.0,0.0,0.0,0.0,0.0,0.0,5.55067114056188,0.0,0.0
291,0.0,0.0,0.0,0.0,0.0,0.0,0.0,0.0,0.0,0.0,0.0,0.0,0.0,0.0,0.0,0.0,0.0,0.0,0.0,0.0,0.0,0.0,0.0,0.0,0.0,0.0,0.0,7.051722413950769,7.562201611235652,0.0,0.0,0.0,6.646690170246266,5.954840459801967,0.0,0.0,7.562201611235652,0.0,0.0,5.954840459801967,0.0,0.0,0.0,0.0,0.0,6.646690170246266,7.051722413950769,0.0,0.0,5.954840459801967,0.0,0.0,0.0,0.0,6.646690170246266,5.954840459801967,0.0,0.0,0.0
293,0.0,0.0,0.0,0.0,0.0,0.0,0.0,0.0,0.0,0.0,0.0,0.0,0.0,0.0,0.0,0.0,0.0,0.0,0.0,0.0,0.0,6.503789046997708,0.0,0.0,0.0,0.0,0.0,5.812138499293826,6.503789046997708,0.0,0.0,0.0,0.0,5.812138499293826,0.0,0.0,8.642532789389376,0.0,0.0,7.196187070324464,0.0,0.0,0.0,0.0,0.0,5.812138499293826,5.812138499293826,0.0,0.0,0.0,0.0,0.0,0.0,0.0,0.0,0.0,0.0,5.812138499293826,0.0
303,0.0,0.0,0.0,0.0,6.19196338744912,6.19196338744912,6.596746327567768,0.0,0.0,0.0,0.0,0.0,0.0,0.0,0.0,0.0,5.5008599231751285,0.0,0.0,0.0,0.0,0.0,0.0,0.0,0.0,0.0,0.0,5.5008599231751285,6.596746327567768,0.0,0.0,6.19196338744912,5.5008599231751285,6.596746327567768,0.0,0.0,8.205091802358668,0.0,0.0,7.289210874467346,0.0,0.0,0.0,0.0,0.0,5.5008599231751285,0.0,0.0,0.0,5.5008599231751285,0.0,0.0,0.0,0.0,0.0,0.0,0.0,0.0,0.0
305,0.0,0.0,0.0,0.0,0.0,0.0,0.0,0.0,0.0,0.0,0.0,0.0,0.0,0.0,0.0,0.0,0.0,6.077143515095717,0.0,0.0,0.0,0.0,0.0,0.0,0.0,0.0,0.0,0.0,6.7691426758635,0.0,0.0,0.0,6.077143515095717,6.7691426758635,0.0,0.0,8.154575156406663,6.7691426758635,0.0,7.461715351917766,6.077143515095717,0.0,0.0,0.0,0.0,6.077143515095717,0.0,0.0,0.0,0.0,0.0,0.0,0.0,0.0,0.0,0.0,0.0,6.077143515095717,0.0
308,0.0,0.0,0.0,0.0,7.0909098220799835,5.993961427306569,6.68586094706836,0.0,5.993961427306569,6.68586094706836,0.0,6.68586094706836,0.0,0.0,0.0,5.993961427306569,5.993961427306569,0.0,0.0,6.68586094706836,0.0,0.0,0.0,0.0,5.993961427306569,0.0,0.0,0.0,0.0,0.0,0.0,0.0,0.0,5.993961427306569,0.0,0.0,5.993961427306569,6.68586094706836,0.0,5.993961427306569,0.0,6.68586094706836,0.0,0.0,0.0,0.0,0.0,0.0,5.993961427306569,0.0,0.0,0.0,0.0,0.0,0.0,0.0,0.0,0.0,5.993961427306569
309,0.0,0.0,0.0,0.0,0.0,0.0,0.0,0.0,0.0,0.0,0.0,0.0,0.0,0.0,0.0,0.0,0.0,0.0,0.0,0.0,0.0,0.0,0.0,0.0,0.0,0.0,0.0,6.121495502161354,6.813544494621113,0.0,0.0,0.0,0.0,6.121495502161354,0.0,0.0,8.758512378744623,0.0,0.0,6.121495502161354,6.121495502161354,0.0,0.0,0.0,0.0,0.0,0.0,0.0,0.0,0.0,6.121495502161354,0.0,0.0,0.0,6.121495502161354,0.0,0.0,0.0,0.0
313,0.0,0.0,0.0,0.0,6.167915732334905,0.0,0.0,0.0,0.0,0.0,0.0,0.0,0.0,0.0,0.0,0.0,0.0,0.0,0.0,0.0,0.0,7.265129978035143,0.0,0.0,0.0,0.0,0.0,6.860014563948276,6.860014563948276,0.0,0.0,6.860014563948276,6.167915732334905,0.0,0.0,0.0,7.265129978035143,0.0,0.0,7.552637157608365,0.0,0.0,6.167915732334905,0.0,0.0,0.0,0.0,0.0,0.0,6.167915732334905,0.0,0.0,0.0,0.0,6.167915732334905,0.0,0.0,0.0,0.0
316,0.0,0.0,0.0,0.0,5.917199867519596,5.917199867519596,0.0,0.0,0.0,0.0,0.0,0.0,6.608999776101094,0.0,0.0,0.0,0.0,0.0,0.0,0.0,0.0,0.0,0.0,0.0,0.0,0.0,0.0,7.301472639381708,5.917199867519596,5.917199867519596,0.0,0.0,0.0,6.608999776101094,0.0,0.0,7.860799294944249,0.0,0.0,7.524481272658421,0.0,0.0,0.0,0.0,0.0,0.0,0.0,0.0,0.0,0.0,5.917199867519596,0.0,0.0,0.0,6.608999776101094,0.0,0.0,0.0,0.0
317,0.0,0.0,0.0,0.0,0.0,0.0,0.0,0.0,0.0,0.0,0.0,0.0,6.2166061010848646,0.0,0.0,0.0,0.0,6.2166061010848646,0.0,0.0,0.0,6.90875477931522,0.0,0.0,0.0,0.0,0.0,7.313886831633462,7.313886831633462,7.601402334583733,0.0,0.0,0.0,6.2166061010848646,0.0,0.0,6.2166061010848646,0.0,0.0,0.0,0.0,0.0,0.0,0.0,0.0,0.0,6.90875477931522,0.0,0.0,0.0,0.0,0.0,0.0,0.0,6.90875477931522,0.0,0.0,0.0,0.0
321,0.0,0.0,0.0,0.0,0.0,0.0,0.0,0.0,6.2166061010848646,0.0,0.0,0.0,0.0,0.0,0.0,0.0,0.0,0.0,0.0,0.0,0.0,7.601402334583733,0.0,0.0,0.0,0.0,0.0,7.601402334583733,6.90875477931522,0.0,0.0,0.0,6.2166061010848646,0.0,0.0,0.0,6.2166061010848646,0.0,0.0,7.601402334583733,0.0,0.0,0.0,0.0,0.0,0.0,0.0,0.0,0.0,6.2166061010848646,0.0,0.0,0.0,0.0,6.2166061010848646,0.0,0.0,6.2166061010848646,0.0
324,0.0,0.0,0.0,0.0,7.07112384743449,0.0,6.783724827624065,0.0,0.0,5.687374080428037,0.0,0.0,0.0,0.0,0.0,5.687374080428037,0.0,0.0,0.0,0.0,7.294097528698879,5.687374080428037,5.687374080428037,0.0,0.0,0.0,0.0,5.687374080428037,0.0,0.0,0.0,0.0,0.0,0.0,6.783724827624065,0.0,6.783724827624065,5.687374080428037,0.0,5.687374080428037,0.0,0.0,0.0,5.687374080428037,0.0,0.0,0.0,0.0,6.783724827624065,5.687374080428037,5.687374080428037,0.0,0.0,0.0,5.687374080428037,5.687374080428037,5.687374080428037,0.0,0.0
325,0.0,0.0,0.0,0.0,0.0,0.0,0.0,0.0,0.0,0.0,0.0,0.0,0.0,0.0,0.0,0.0,0.0,0.0,0.0,0.0,0.0,6.167915732334905,0.0,0.0,0.0,0.0,0.0,6.167915732334905,0.0,0.0,0.0,0.0,0.0,6.167915732334905,0.0,0.0,8.805025252619144,0.0,0.0,6.860014563948276,0.0,0.0,0.0,0.0,0.0,0.0,0.0,0.0,0.0,6.167915732334905,0.0,0.0,0.0,0.0,0.0,0.0,0.0,6.167915732334905,0.0
326,0.0,0.0,0.0,0.0,0.0,0.0,0.0,0.0,0.0,0.0,0.0,0.0,0.0,0.0,0.0,0.0,0.0,0.0,0.0,0.0,0.0,6.321766996021397,0.0,0.0,0.0,0.0,0.0,7.168037605640568,0.0,0.0,0.0,5.917199867519596,5.226741797688246,0.0,0.0,0.0,8.622733690876007,0.0,0.0,7.168037605640568,0.0,0.0,0.0,0.0,0.0,5.226741797688246,0.0,0.0,0.0,5.917199867519596,0.0,0.0,0.0,0.0,5.226741797688246,0.0,0.0,0.0,0.0
327,0.0,0.0,0.0,0.0,0.0,0.0,0.0,0.0,0.0,0.0,0.0,0.0,0.0,0.0,0.0,0.0,0.0,0.0,0.0,0.0,0.0,7.174224817643044,0.0,0.0,7.174224817643044,0.0,0.0,0.0,6.7691426758635,0.0,0.0,6.077143515095717,6.077143515095717,6.077143515095717,0.0,0.0,6.7691426758635,0.0,0.0,8.021084822563147,0.0,0.0,0.0,0.0,0.0,0.0,6.077143515095717,0.0,6.077143515095717,6.077143515095717,0.0,0.0,0.0,0.0,0.0,0.0,0.0,0.0,0.0
328,0.0,0.0,0.0,0.0,0.0,0.0,0.0,0.0,0.0,0.0,0.0,0.0,0.0,0.0,5.917199867519596,0.0,0.0,0.0,0.0,0.0,0.0,0.0,0.0,0.0,0.0,0.0,0.0,6.608999776101094,7.860799294944249,0.0,0.0,5.917199867519596,0.0,0.0,0.0,0.0,8.11202803831707,0.0,0.0,7.301472639381708,0.0,0.0,0.0,0.0,0.0,0.0,0.0,0.0,0.0,6.608999776101094,0.0,0.0,0.0,0.0,5.917199867519596,0.0,0.0,0.0,0.0
331,0.0,0.0,0.0,0.0,6.167915732334905,6.167915732334905,0.0,0.0,0.0,0.0,0.0,0.0,0.0,0.0,6.860014563948276,0.0,0.0,0.0,0.0,0.0,0.0,6.167915732334905,0.0,0.0,0.0,0.0,0.0,7.552637157608365,6.860014563948276,0.0,0.0,0.0,0.0,6.167915732334905,0.0,0.0,7.265129978035143,0.0,0.0,7.552637157608365,0.0,0.0,0.0,0.0,0.0,0.0,0.0,0.0,0.0,6.860014563948276,0.0,0.0,0.0,0.0,0.0,0.0,0.0,0.0,0.0
336,0.0,0.0,0.0,0.0,6.2166061010848646,0.0,0.0,0.0,0.0,6.2166061010848646,0.0,0.0,0.0,0.0,0.0,0.0,7.313886831633462,0.0,0.0,0.0,0.0,6.2166061010848646,0.0,0.0,7.601402334583733,0.0,0.0,6.2166061010848646,0.0,0.0,0.0,0.0,0.0,0.0,0.0,0.0,0.0,0.0,0.0,6.2166061010848646,0.0,6.2166061010848646,0.0,0.0,0.0,6.90875477931522,6.90875477931522,0.0,0.0,0.0,0.0,7.313886831633462,0.0,0.0,0.0,0.0,0.0,0.0,0.0
341,0.0,0.0,0.0,0.0,0.0,0.0,0.0,0.0,0.0,0.0,0.0,0.0,0.0,0.0,0.0,0.0,0.0,0.0,0.0,0.0,0.0,0.0,0.0,0.0,0.0,0.0,0.0,0.0,6.034683666227958,0.0,0.0,6.034683666227958,6.034683666227958,0.0,0.0,0.0,8.430399972446597,6.7266330027636645,0.0,6.7266330027636645,0.0,0.0,0.0,0.0,0.0,0.0,6.034683666227958,0.0,0.0,6.7266330027636645,0.0,0.0,0.0,0.0,6.034683666227958,0.0,6.7266330027636645,0.0,0.0
345,0.0,0.0,0.0,0.0,0.0,0.0,0.0,0.0,5.089386846006172,0.0,0.0,0.0,5.089386846006172,0.0,0.0,0.0,0.0,0.0,0.0,0.0,0.0,0.0,0.0,0.0,5.089386846006172,0.0,0.0,7.0300014582586785,6.875998255971096,0.0,0.0,5.089386846006172,0.0,5.089386846006172,0.0,0.0,8.517393171418904,5.089386846006172,0.0,6.693883131200143,0.0,0.0,0.0,0.0,5.779448372398339,5.089386846006172,5.089386846006172,0.0,0.0,5.089386846006172,0.0,0.0,0.0,0.0,5.089386846006172,0.0,0.0,0.0,5.089386846006172
347,0.0,0.0,6.034683666227958,0.0,6.7266330027636645,6.7266330027636645,6.034683666227958,0.0,0.0,0.0,0.0,0.0,0.0,0.0,0.0,6.034683666227958,0.0,0.0,0.0,7.1316985104669115,0.0,0.0,0.0,6.034683666227958,6.7266330027636645,0.0,6.034683666227958,6.034683666227958,6.034683666227958,0.0,0.0,0.0,0.0,0.0,0.0,0.0,0.0,6.7266330027636645,0.0,0.0,0.0,6.7266330027636645,0.0,0.0,0.0,0.0,0.0,0.0,6.034683666227958,0.0,6.034683666227958,0.0,0.0,0.0,0.0,0.0,6.034683666227958,0.0,6.034683666227958
351,0.0,0.0,0.0,0.0,0.0,0.0,0.0,0.0,0.0,0.0,0.0,0.0,0.0,0.0,0.0,0.0,0.0,0.0,0.0,0.0,0.0,6.167915732334905,0.0,0.0,0.0,0.0,0.0,7.957927342245102,0.0,6.167915732334905,6.167915732334905,6.167915732334905,0.0,7.265129978035143,0.0,0.0,6.167915732334905,0.0,0.0,0.0,0.0,0.0,0.0,0.0,0.0,6.860014563948276,7.265129978035143,0.0,0.0,0.0,0.0,0.0,0.0,0.0,6.167915732334905,0.0,6.167915732334905,0.0,0.0
352,0.0,0.0,0.0,0.0,0.0,0.0,0.0,0.0,0.0,0.0,0.0,0.0,0.0,0.0,0.0,0.0,0.0,0.0,0.0,0.0,0.0,6.408628631315172,0.0,0.0,0.0,0.0,0.0,7.793686767134803,7.323930505239588,0.0,0.0,0.0,0.0,0.0,0.0,0.0,8.279035981911601,0.0,0.0,6.408628631315172,0.0,0.0,0.0,0.0,0.0,0.0,6.408628631315172,0.0,0.0,0.0,0.0,0.0,0.0,0.0,5.717127377459133,0.0,0.0,0.0,0.0
355,0.0,0.0,0.0,0.0,0.0,0.0,0.0,0.0,0.0,0.0,0.0,0.0,0.0,5.3439278778000885,0.0,0.0,0.0,0.0,0.0,0.0,0.0,6.7266330027636645,0.0,0.0,5.3439278778000885,0.0,0.0,6.034683666227958,6.949536812997092,0.0,0.0,5.3439278778000885,6.034683666227958,6.7266330027636645,0.0,0.0,7.285734989414698,6.034683666227958,0.0,7.642204338899188,0.0,0.0,0.0,0.0,0.0,6.034683666227958,6.439350371100098,0.0,0.0,5.3439278778000885,0.0,0.0,0.0,0.0,5.3439278778000885,0.0,5.3439278778000885,5.3439278778000885,0.0
362,0.0,0.0,0.0,0.0,0.0,0.0,0.0,0.0,0.0,0.0,0.0,0.0,0.0,0.0,0.0,0.0,0.0,0.0,0.0,0.0,0.0,7.218643271861805,0.0,0.0,0.0,0.0,0.0,8.065522304010056,7.506142128543193,0.0,0.0,6.121495502161354,6.121495502161354,0.0,0.0,0.0,6.813544494621113,0.0,0.0,6.121495502161354,0.0,0.0,0.0,0.0,6.121495502161354,0.0,0.0,0.0,0.0,6.121495502161354,0.0,0.0,0.0,0.0,6.121495502161354,0.0,0.0,0.0,0.0
364,0.0,0.0,0.0,0.0,7.601402334583733,5.812138499293826,0.0,0.0,0.0,0.0,0.0,0.0,0.0,0.0,0.0,0.0,0.0,0.0,0.0,5.812138499293826,0.0,6.503789046997708,5.812138499293826,5.812138499293826,6.503789046997708,0.0,0.0,5.812138499293826,0.0,0.0,0.0,0.0,5.812138499293826,0.0,0.0,0.0,6.90875477931522,6.503789046997708,5.812138499293826,6.503789046997708,0.0,5.812138499293826,0.0,0.0,0.0,0.0,0.0,0.0,0.0,0.0,5.812138499293826,0.0,0.0,0.0,0.0,0.0,6.503789046997708,0.0,6.503789046997708
365,0.0,0.0,0.0,0.0,0.0,0.0,0.0,0.0,0.0,0.0,0.0,0.0,5.845940345101734,0.0,0.0,0.0,0.0,5.1556806061854905,0.0,0.0,0.0,0.0,0.0,0.0,5.1556806061854905,0.0,0.0,6.76049460158371,5.845940345101734,0.0,0.0,5.1556806061854905,5.1556806061854905,5.1556806061854905,0.0,0.0,8.584071645188684,5.1556806061854905,0.0,6.942623030403143,0.0,0.0,0.0,0.0,0.0,0.0,5.1556806061854905,0.0,0.0,5.1556806061854905,0.0,0.0,0.0,0.0,6.537640672314758,0.0,0.0,0.0,0.0
368,0.0,0.0,0.0,0.0,0.0,0.0,0.0,0.0,0.0,0.0,0.0,0.0,0.0,5.0734858835418,0.0,0.0,0.0,0.0,0.0,0.0,0.0,5.763497875288668,0.0,0.0,0.0,0.0,0.0,6.167915732334905,6.4550737676928325,0.0,0.0,5.763497875288668,0.0,5.0734858835418,0.0,0.0,8.78093135902128,0.0,0.0,7.147434377349056,0.0,0.0,0.0,0.0,5.0734858835418,0.0,0.0,0.0,0.0,0.0,0.0,0.0,0.0,0.0,0.0,0.0,0.0,0.0,0.0
371,0.0,0.0,0.0,0.0,0.0,0.0,0.0,0.0,0.0,0.0,0.0,0.0,0.0,0.0,0.0,0.0,0.0,5.6584861997410245,0.0,0.0,0.0,5.6584861997410245,0.0,0.0,0.0,0.0,0.0,0.0,0.0,6.349887961580832,0.0,6.754770585794848,0.0,0.0,0.0,0.0,8.650899568730047,0.0,0.0,0.0,5.6584861997410245,0.0,0.0,6.349887961580832,0.0,5.6584861997410245,5.6584861997410245,0.0,0.0,0.0,0.0,0.0,0.0,0.0,5.6584861997410245,0.0,5.6584861997410245,5.6584861997410245,0.0
377,0.0,0.0,0.0,0.0,7.174224817643044,6.077143515095717,6.077143515095717,0.0,0.0,0.0,0.0,0.0,0.0,0.0,0.0,0.0,0.0,0.0,0.0,0.0,0.0,0.0,0.0,0.0,6.077143515095717,0.0,0.0,6.077143515095717,6.077143515095717,0.0,0.0,0.0,0.0,6.077143515095717,0.0,0.0,7.684743962713568,6.077143515095717,0.0,7.461715351917766,0.0,6.077143515095717,0.0,0.0,0.0,0.0,0.0,0.0,0.0,0.0,0.0,0.0,7.174224817643044,0.0,0.0,0.0,0.0,0.0,0.0
379,0.0,0.0,0.0,0.0,0.0,0.0,0.0,0.0,0.0,0.0,0.0,0.0,0.0,0.0,0.0,0.0,0.0,0.0,0.0,0.0,0.0,0.0,0.0,0.0,0.0,0.0,0.0,6.646690170246266,6.934047611962654,0.0,0.0,0.0,0.0,5.55067114056188,0.0,0.0,8.63799843622117,0.0,0.0,7.493245862612534,0.0,0.0,0.0,0.0,0.0,0.0,0.0,0.0,0.0,0.0,0.0,0.0,0.0,0.0,6.241874007624498,0.0,0.0,0.0,0.0
395,0.0,0.0,0.0,0.0,0.0,0.0,0.0,0.0,0.0,0.0,0.0,0.0,0.0,0.0,0.0,0.0,0.0,0.0,0.0,0.0,0.0,7.301472639381708,0.0,0.0,0.0,0.0,0.0,7.860799294944249,6.608999776101094,0.0,0.0,0.0,5.917199867519596,5.917199867519596,0.0,0.0,7.7067128739802735,6.608999776101094,0.0,7.0140153898827995,0.0,0.0,0.0,0.0,0.0,0.0,0.0,0.0,0.0,0.0,0.0,0.0,0.0,0.0,0.0,0.0,0.0,5.917199867519596,0.0
396,0.0,0.0,0.0,0.0,0.0,0.0,0.0,0.0,0.0,0.0,0.0,0.0,0.0,0.0,0.0,0.0,0.0,6.2166061010848646,0.0,0.0,0.0,0.0,0.0,0.0,0.0,0.0,0.0,0.0,7.601402334583733,0.0,0.0,0.0,6.2166061010848646,6.2166061010848646,0.0,0.0,0.0,0.0,6.2166061010848646,7.601402334583733,6.2166061010848646,0.0,0.0,0.0,0.0,0.0,6.90875477931522,0.0,0.0,7.313886831633462,0.0,0.0,0.0,0.0,6.90875477931522,0.0,0.0,0.0,0.0
397,0.0,0.0,0.0,0.0,0.0,0.0,0.0,0.0,0.0,0.0,0.0,0.0,0.0,0.0,0.0,0.0,0.0,0.0,0.0,0.0,0.0,0.0,0.0,0.0,0.0,0.0,0.0,6.68586094706836,6.68586094706836,0.0,0.0,5.993961427306569,5.993961427306569,0.0,0.0,0.0,8.630700432209833,0.0,0.0,7.3783837129967145,0.0,0.0,0.0,0.0,0.0,5.993961427306569,0.0,0.0,0.0,0.0,0.0,0.0,0.0,0.0,0.0,0.0,0.0,0.0,0.0
402,0.0,0.0,0.0,0.0,0.0,0.0,0.0,0.0,0.0,0.0,0.0,0.0,0.0,0.0,0.0,0.0,0.0,0.0,0.0,0.0,0.0,0.0,0.0,0.0,0.0,0.0,0.0,6.860014563948276,0.0,0.0,0.0,0.0,0.0,0.0,0.0,0.0,8.938537897880014,6.860014563948276,0.0,6.167915732334905,0.0,0.0,0.0,0.0,0.0,0.0,0.0,0.0,0.0,0.0,0.0,0.0,0.0,0.0,0.0,0.0,0.0,0.0,0.0
403,0.0,0.0,0.0,0.0,0.0,0.0,0.0,0.0,0.0,0.0,0.0,0.0,0.0,0.0,0.0,0.0,0.0,0.0,0.0,0.0,0.0,6.537640672314758,0.0,0.0,0.0,0.0,0.0,6.942623030403143,7.230063640424056,0.0,0.0,0.0,5.845940345101734,5.845940345101734,0.0,0.0,8.241203416405757,0.0,0.0,5.845940345101734,0.0,0.0,0.0,0.0,0.0,0.0,6.537640672314758,0.0,0.0,5.845940345101734,0.0,0.0,0.0,0.0,6.942623030403143,0.0,0.0,0.0,0.0
408,0.0,0.0,0.0,0.0,0.0,5.812138499293826,5.812138499293826,0.0,0.0,0.0,0.0,0.0,0.0,0.0,0.0,0.0,0.0,0.0,0.0,0.0,0.0,0.0,0.0,0.0,0.0,0.0,5.812138499293826,6.90875477931522,6.90875477931522,0.0,0.0,5.812138499293826,0.0,0.0,0.0,0.0,8.37432309038321,0.0,0.0,6.90875477931522,0.0,0.0,0.0,0.0,0.0,5.812138499293826,6.503789046997708,0.0,0.0,0.0,0.0,0.0,0.0,5.812138499293826,0.0,0.0,0.0,0.0,0.0
412,0.0,0.0,0.0,0.0,0.0,0.0,0.0,0.0,0.0,6.2166061010848646,0.0,0.0,6.2166061010848646,0.0,0.0,0.0,0.0,0.0,0.0,0.0,0.0,6.2166061010848646,0.0,0.0,6.2166061010848646,0.0,0.0,6.90875477931522,0.0,6.90875477931522,0.0,0.0,0.0,6.90875477931522,0.0,0.0,0.0,7.313886831633462,0.0,0.0,0.0,6.2166061010848646,0.0,0.0,0.0,0.0,7.313886831633462,0.0,0.0,6.2166061010848646,0.0,0.0,0.0,0.0,0.0,0.0,6.2166061010848646,6.2166061010848646,0.0
422,0.0,0.0,0.0,0.0,0.0,0.0,7.301472639381708,0.0,0.0,0.0,0.0,0.0,0.0,0.0,0.0,0.0,5.917199867519596,0.0,0.0,0.0,0.0,5.917199867519596,0.0,0.0,0.0,0.0,0.0,5.917199867519596,5.917199867519596,0.0,0.0,0.0,0.0,0.0,0.0,0.0,7.860799294944249,0.0,0.0,7.994282490711376,0.0,0.0,0.0,0.0,0.0,0.0,5.917199867519596,0.0,0.0,6.608999776101094,0.0,0.0,0.0,5.917199867519596,0.0,0.0,0.0,0.0,0.0
424,0.0,0.0,0.0,0.0,0.0,0.0,0.0,0.0,0.0,0.0,0.0,0.0,0.0,0.0,0.0,0.0,0.0,5.283601778300414,0.0,0.0,0.0,5.283601778300414,0.0,0.0,0.0,0.0,0.0,7.763846298752938,7.07112384743449,0.0,0.0,0.0,0.0,0.0,0.0,0.0,8.323280004633114,0.0,0.0,7.476305822759816,0.0,0.0,0.0,0.0,0.0,0.0,0.0,0.0,0.0,5.283601778300414,0.0,0.0,0.0,0.0,0.0,0.0,0.0,0.0,0.0
429,0.0,0.0,0.0,0.0,0.0,0.0,0.0,0.0,0.0,0.0,0.0,0.0,0.0,0.0,0.0,0.0,0.0,0.0,0.0,0.0,0.0,6.167915732334905,0.0,0.0,0.0,0.0,0.0,6.860014563948276,7.265129978035143,0.0,0.0,0.0,0.0,0.0,0.0,0.0,7.957927342245102,6.167915732334905,0.0,7.775675758511548,0.0,0.0,0.0,0.0,0.0,0.0,0.0,0.0,0.0,6.167915732334905,0.0,0.0,0.0,0.0,6.167915732334905,0.0,6.167915732334905,0.0,0.0
430,0.0,0.0,0.0,0.0,0.0,0.0,0.0,0.0,0.0,0.0,0.0,0.0,0.0,0.0,0.0,0.0,0.0,5.993961427306569,0.0,0.0,0.0,0.0,0.0,0.0,0.0,0.0,0.0,7.0909098220799835,7.601402334583733,0.0,0.0,0.0,0.0,5.993961427306569,0.0,0.0,7.0909098220799835,6.68586094706836,0.0,8.071218539969863,0.0,0.0,0.0,0.0,0.0,0.0,5.993961427306569,0.0,0.0,0.0,0.0,0.0,0.0,0.0,5.993961427306569,0.0,0.0,0.0,0.0
435,0.0,5.717127377459133,0.0,0.0,7.100951831504149,7.506142128543193,6.813544494621113,0.0,0.0,0.0,0.0,6.813544494621113,0.0,0.0,0.0,5.717127377459133,0.0,0.0,0.0,0.0,0.0,0.0,0.0,0.0,6.408628631315172,0.0,0.0,5.717127377459133,5.717127377459133,0.0,0.0,0.0,0.0,0.0,0.0,0.0,7.100951831504149,0.0,0.0,7.100951831504149,0.0,0.0,0.0,0.0,0.0,0.0,0.0,0.0,0.0,6.408628631315172,0.0,5.717127377459133,0.0,0.0,0.0,0.0,0.0,0.0,0.0
436,0.0,0.0,0.0,0.0,0.0,0.0,0.0,0.0,0.0,0.0,0.0,0.0,5.55067114056188,0.0,0.0,0.0,0.0,0.0,0.0,0.0,0.0,6.241874007624498,0.0,0.0,0.0,0.0,0.0,7.156996334238728,6.934047611962654,0.0,0.0,5.55067114056188,0.0,0.0,0.0,0.0,8.186114588096551,0.0,0.0,7.744436542654315,0.0,0.0,0.0,0.0,0.0,6.241874007624498,0.0,0.0,0.0,5.55067114056188,0.0,0.0,0.0,0.0,0.0,0.0,0.0,0.0,0.0
441,0.0,0.0,0.0,0.0,0.0,0.0,0.0,0.0,0.0,0.0,0.0,0.0,0.0,0.0,0.0,0.0,0.0,0.0,0.0,0.0,0.0,0.0,0.0,0.0,0.0,0.0,0.0,7.957927342245102,6.167915732334905,0.0,0.0,0.0,0.0,6.167915732334905,0.0,0.0,8.468613005199892,0.0,0.0,6.167915732334905,0.0,0.0,0.0,0.0,0.0,0.0,0.0,0.0,0.0,6.167915732334905,0.0,0.0,0.0,0.0,0.0,6.167915732334905,0.0,0.0,0.0
450,0.0,0.0,5.430541086359215,0.0,0.0,0.0,0.0,0.0,0.0,0.0,0.0,0.0,5.430541086359215,0.0,0.0,0.0,0.0,5.430541086359215,0.0,0.0,0.0,7.036468263519029,0.0,0.0,0.0,0.0,0.0,7.506142128543193,6.813544494621113,0.0,0.0,0.0,0.0,0.0,0.0,0.0,7.991438499792734,0.0,0.0,6.813544494621113,0.0,0.0,0.0,0.0,0.0,6.526228618887641,5.430541086359215,0.0,0.0,5.430541086359215,0.0,0.0,5.430541086359215,5.430541086359215,0.0,0.0,0.0,0.0,0.0
451,0.0,0.0,0.0,0.0,0.0,0.0,0.0,0.0,0.0,0.0,0.0,0.0,0.0,0.0,0.0,0.0,0.0,0.0,0.0,0.0,0.0,6.608999776101094,0.0,0.0,0.0,0.0,0.0,5.917199867519596,6.608999776101094,0.0,0.0,5.917199867519596,6.608999776101094,5.917199867519596,0.0,0.0,8.31264420319664,6.608999776101094,0.0,7.0140153898827995,0.0,0.0,0.0,0.0,0.0,0.0,0.0,0.0,0.0,5.917199867519596,0.0,0.0,0.0,0.0,0.0,0.0,0.0,5.917199867519596,0.0
455,0.0,0.0,0.0,0.0,0.0,0.0,0.0,0.0,0.0,0.0,0.0,0.0,0.0,0.0,0.0,0.0,0.0,5.0734858835418,0.0,0.0,0.0,5.0734858835418,0.0,0.0,0.0,5.0734858835418,0.0,6.677902764884913,6.4550737676928325,0.0,0.0,0.0,5.0734858835418,5.0734858835418,0.0,0.0,8.434718693356944,6.860014563948276,0.0,7.0140153898827995,0.0,0.0,0.0,0.0,0.0,5.0734858835418,6.167915732334905,0.0,0.0,5.763497875288668,0.0,0.0,0.0,0.0,0.0,0.0,5.0734858835418,0.0,0.0
457,0.0,0.0,0.0,0.0,0.0,0.0,0.0,0.0,0.0,0.0,0.0,0.0,0.0,0.0,0.0,0.0,0.0,0.0,0.0,0.0,0.0,0.0,0.0,0.0,0.0,0.0,0.0,0.0,7.419180722820095,0.0,0.0,0.0,0.0,6.034683666227958,0.0,0.0,7.1316985104669115,0.0,0.0,8.229777750081887,0.0,0.0,0.0,0.0,0.0,6.034683666227958,7.642204338899188,0.0,0.0,0.0,0.0,0.0,0.0,0.0,6.034683666227958,0.0,0.0,0.0,0.0
458,0.0,0.0,0.0,0.0,5.687374080428037,5.687374080428037,5.687374080428037,5.687374080428037,0.0,0.0,5.687374080428037,0.0,0.0,0.0,0.0,0.0,0.0,5.687374080428037,0.0,0.0,0.0,5.687374080428037,0.0,0.0,5.687374080428037,0.0,0.0,7.07112384743449,7.07112384743449,0.0,0.0,0.0,0.0,0.0,0.0,0.0,7.07112384743449,0.0,0.0,7.630375592780047,0.0,0.0,0.0,0.0,0.0,0.0,7.07112384743449,0.0,5.687374080428037,0.0,0.0,5.687374080428037,0.0,0.0,5.687374080428037,0.0,0.0,0.0,0.0
459,0.0,0.0,0.0,0.0,0.0,0.0,0.0,0.0,0.0,0.0,0.0,0.0,0.0,0.0,0.0,0.0,0.0,0.0,0.0,0.0,0.0,6.034683666227958,0.0,0.0,0.0,0.0,0.0,7.1316985104669115,0.0,0.0,0.0,0.0,0.0,0.0,0.0,0.0,8.740496729931813,0.0,0.0,7.1316985104669115,0.0,0.0,0.0,0.0,0.0,6.034683666227958,0.0,0.0,0.0,0.0,0.0,0.0,0.0,0.0,0.0,0.0,6.034683666227958,0.0,0.0
479,0.0,0.0,0.0,0.0,0.0,0.0,0.0,0.0,0.0,0.0,0.0,0.0,0.0,0.0,0.0,0.0,0.0,0.0,0.0,0.0,0.0,6.034683666227958,0.0,0.0,0.0,0.0,0.0,7.1316985104669115,7.1316985104669115,0.0,0.0,6.034683666227958,0.0,6.034683666227958,0.0,0.0,8.517393171418904,0.0,0.0,7.1316985104669115,0.0,0.0,0.0,0.0,0.0,0.0,0.0,0.0,0.0,0.0,0.0,0.0,0.0,0.0,0.0,0.0,0.0,0.0,0.0
483,0.0,0.0,5.88093194910298,0.0,6.977681048517689,6.977681048517689,0.0,0.0,0.0,0.0,0.0,5.88093194910298,0.0,0.0,0.0,0.0,0.0,0.0,0.0,0.0,0.0,0.0,0.0,0.0,6.977681048517689,0.0,0.0,0.0,0.0,5.88093194910298,5.88093194910298,5.88093194910298,5.88093194910298,5.88093194910298,0.0,0.0,0.0,6.977681048517689,0.0,5.88093194910298,0.0,6.977681048517689,6.572682063274631,0.0,0.0,0.0,5.88093194910298,0.0,0.0,0.0,0.0,0.0,0.0,0.0,0.0,0.0,6.572682063274631,0.0,0.0
491,0.0,0.0,0.0,0.0,0.0,5.5254529391317835,0.0,0.0,0.0,0.0,0.0,0.0,0.0,0.0,0.0,0.0,0.0,0.0,0.0,0.0,0.0,6.621405651764134,0.0,0.0,0.0,0.0,0.0,7.467942332285852,5.5254529391317835,0.0,6.2166061010848646,6.621405651764134,0.0,5.5254529391317835,0.0,0.0,7.919719760924575,6.2166061010848646,0.0,5.5254529391317835,0.0,0.0,0.0,5.5254529391317835,0.0,5.5254529391317835,6.2166061010848646,0.0,0.0,0.0,0.0,0.0,0.0,0.0,6.2166061010848646,0.0,6.2166061010848646,0.0,0.0
500,0.0,0.0,0.0,0.0,0.0,0.0,0.0,0.0,0.0,0.0,0.0,0.0,5.430541086359215,0.0,0.0,0.0,0.0,0.0,0.0,0.0,0.0,0.0,0.0,0.0,0.0,0.0,0.0,6.121495502161354,6.526228618887641,0.0,0.0,0.0,0.0,5.430541086359215,0.0,0.0,8.722150553748193,5.430541086359215,0.0,7.036468263519029,0.0,0.0,0.0,0.0,0.0,5.430541086359215,5.430541086359215,0.0,0.0,0.0,0.0,0.0,0.0,0.0,5.430541086359215,0.0,5.430541086359215,0.0,0.0
501,0.0,0.0,0.0,0.0,6.121495502161354,0.0,0.0,0.0,0.0,0.0,0.0,0.0,0.0,0.0,0.0,0.0,0.0,5.430541086359215,0.0,0.0,0.0,0.0,0.0,0.0,0.0,0.0,0.0,7.991438499792734,5.430541086359215,0.0,0.0,5.430541086359215,6.121495502161354,0.0,0.0,5.430541086359215,8.259622872154518,0.0,0.0,0.0,0.0,0.0,0.0,0.0,0.0,6.121495502161354,5.430541086359215,0.0,0.0,5.430541086359215,5.430541086359215,0.0,0.0,0.0,5.430541086359215,0.0,0.0,0.0,0.0
502,0.0,6.034683666227958,0.0,0.0,7.419180722820095,7.1316985104669115,0.0,0.0,0.0,0.0,0.0,0.0,0.0,0.0,0.0,0.0,0.0,0.0,0.0,6.034683666227958,6.034683666227958,0.0,0.0,0.0,0.0,0.0,0.0,6.034683666227958,6.7266330027636645,0.0,0.0,6.034683666227958,0.0,0.0,0.0,0.0,0.0,6.034683666227958,6.034683666227958,6.7266330027636645,0.0,0.0,0.0,0.0,0.0,6.034683666227958,6.034683666227958,0.0,0.0,0.0,0.0,0.0,0.0,0.0,6.034683666227958,0.0,6.7266330027636645,0.0,6.034683666227958
507,0.0,0.0,0.0,0.0,0.0,6.2166061010848646,6.2166061010848646,0.0,0.0,0.0,6.2166061010848646,0.0,0.0,0.0,0.0,0.0,0.0,6.2166061010848646,0.0,6.2166061010848646,0.0,0.0,6.2166061010848646,6.2166061010848646,0.0,0.0,0.0,0.0,6.2166061010848646,0.0,0.0,0.0,0.0,6.2166061010848646,0.0,0.0,7.601402334583733,6.2166061010848646,0.0,6.2166061010848646,0.0,0.0,0.0,0.0,0.0,6.2166061010848646,0.0,0.0,6.2166061010848646,0.0,0.0,0.0,0.0,0.0,0.0,0.0,6.90875477931522,0.0,6.2166061010848646
510,0.0,0.0,0.0,0.0,5.845940345101734,0.0,5.845940345101734,0.0,5.845940345101734,0.0,0.0,0.0,0.0,0.0,0.0,0.0,0.0,0.0,0.0,0.0,0.0,5.845940345101734,0.0,0.0,0.0,0.0,0.0,0.0,6.537640672314758,0.0,0.0,0.0,0.0,0.0,0.0,0.0,8.787636141088083,0.0,0.0,0.0,0.0,0.0,0.0,0.0,0.0,5.845940345101734,5.845940345101734,0.0,0.0,0.0,0.0,0.0,0.0,0.0,5.845940345101734,0.0,5.845940345101734,0.0,0.0
513,0.0,0.0,0.0,0.0,0.0,0.0,0.0,0.0,0.0,0.0,0.0,0.0,0.0,0.0,0.0,0.0,0.0,0.0,0.0,0.0,0.0,0.0,0.0,0.0,0.0,0.0,0.0,6.572682063274631,6.167915732334905,0.0,0.0,0.0,5.476861958311282,0.0,0.0,0.0,8.691714564450596,6.167915732334905,0.0,6.167915732334905,0.0,0.0,0.0,0.0,5.476861958311282,0.0,6.167915732334905,0.0,0.0,6.167915732334905,5.476861958311282,0.0,0.0,0.0,5.476861958311282,0.0,0.0,0.0,0.0
516,0.0,0.0,0.0,0.0,0.0,0.0,0.0,0.0,6.077143515095717,0.0,0.0,0.0,0.0,0.0,0.0,0.0,0.0,0.0,0.0,0.0,7.684743962713568,0.0,0.0,0.0,7.174224817643044,0.0,0.0,0.0,0.0,0.0,0.0,0.0,0.0,0.0,6.7691426758635,0.0,0.0,0.0,0.0,0.0,0.0,0.0,0.0,7.174224817643044,0.0,6.7691426758635,0.0,0.0,6.7691426758635,6.7691426758635,0.0,0.0,0.0,0.0,0.0,7.174224817643044,0.0,0.0,0.0
520,0.0,0.0,0.0,0.0,0.0,0.0,5.138685591228619,0.0,0.0,0.0,0.0,0.0,0.0,0.0,0.0,0.0,0.0,5.138685591228619,0.0,0.0,0.0,6.23337995204816,0.0,0.0,0.0,0.0,0.0,7.21298169793081,6.520571202446354,0.0,0.0,0.0,0.0,5.138685591228619,0.0,0.0,8.224113527292646,0.0,0.0,7.435977847082938,0.0,0.0,0.0,0.0,0.0,5.828895765918978,0.0,0.0,0.0,6.23337995204816,0.0,0.0,0.0,5.828895765918978,0.0,5.138685591228619,0.0,5.138685591228619,0.0
521,0.0,0.0,5.476861958311282,0.0,0.0,0.0,0.0,0.0,0.0,0.0,0.0,0.0,0.0,0.0,0.0,0.0,0.0,0.0,0.0,0.0,0.0,5.476861958311282,0.0,0.0,0.0,0.0,0.0,6.572682063274631,6.860014563948276,0.0,0.0,5.476861958311282,0.0,5.476861958311282,0.0,0.0,8.563904097921219,6.167915732334905,0.0,6.167915732334905,0.0,0.0,0.0,0.0,0.0,5.476861958311282,5.476861958311282,0.0,0.0,6.167915732334905,0.0,0.0,0.0,0.0,0.0,0.0,5.476861958311282,0.0,0.0
522,0.0,0.0,0.0,0.0,6.572682063274631,5.88093194910298,0.0,0.0,0.0,0.0,0.0,0.0,0.0,0.0,0.0,0.0,0.0,5.88093194910298,0.0,0.0,0.0,5.88093194910298,0.0,0.0,0.0,0.0,0.0,5.88093194910298,0.0,0.0,0.0,0.0,0.0,5.88093194910298,0.0,0.0,8.650899568730047,5.88093194910298,0.0,6.572682063274631,0.0,0.0,0.0,0.0,0.0,0.0,6.572682063274631,0.0,0.0,0.0,0.0,0.0,0.0,0.0,0.0,0.0,0.0,0.0,0.0
531,0.0,0.0,6.167915732334905,0.0,0.0,0.0,0.0,0.0,0.0,0.0,0.0,0.0,0.0,0.0,0.0,0.0,0.0,6.860014563948276,0.0,0.0,0.0,6.167915732334905,0.0,0.0,0.0,0.0,0.0,7.265129978035143,0.0,6.860014563948276,6.167915732334905,6.167915732334905,0.0,0.0,0.0,0.0,6.167915732334905,6.167915732334905,0.0,6.860014563948276,0.0,0.0,0.0,0.0,0.0,0.0,7.552637157608365,0.0,0.0,0.0,0.0,0.0,0.0,0.0,0.0,0.0,6.860014563948276,0.0,0.0
534,0.0,0.0,0.0,0.0,0.0,0.0,0.0,0.0,0.0,0.0,0.0,0.0,0.0,0.0,0.0,0.0,0.0,0.0,0.0,0.0,0.0,5.845940345101734,5.845940345101734,0.0,0.0,0.0,0.0,7.230063640424056,5.845940345101734,0.0,0.0,0.0,0.0,5.845940345101734,0.0,0.0,8.6764284597327,0.0,0.0,6.537640672314758,0.0,0.0,0.0,0.0,0.0,5.845940345101734,5.845940345101734,0.0,0.0,0.0,0.0,0.0,0.0,0.0,0.0,0.0,0.0,0.0,0.0
537,0.0,0.0,0.0,0.0,0.0,0.0,0.0,0.0,0.0,0.0,0.0,0.0,0.0,0.0,0.0,0.0,0.0,0.0,0.0,0.0,0.0,6.860014563948276,0.0,0.0,0.0,0.0,0.0,7.265129978035143,6.167915732334905,0.0,0.0,6.167915732334905,0.0,0.0,0.0,0.0,8.11202803831707,0.0,0.0,8.11202803831707,0.0,0.0,0.0,0.0,0.0,0.0,0.0,0.0,0.0,0.0,0.0,0.0,0.0,0.0,0.0,0.0,0.0,0.0,0.0
538,0.0,0.0,5.6584861997410245,0.0,0.0,0.0,0.0,0.0,0.0,0.0,0.0,0.0,0.0,5.6584861997410245,0.0,0.0,0.0,0.0,0.0,0.0,0.0,0.0,0.0,0.0,0.0,0.0,0.0,6.349887961580832,7.265129978035143,0.0,0.0,0.0,5.6584861997410245,0.0,0.0,0.0,8.294299608857235,0.0,0.0,7.734871256491385,0.0,0.0,0.0,0.0,0.0,0.0,5.6584861997410245,0.0,0.0,6.349887961580832,0.0,0.0,0.0,0.0,0.0,0.0,0.0,0.0,0.0
545,0.0,0.0,0.0,0.0,0.0,0.0,0.0,0.0,0.0,0.0,0.0,0.0,0.0,0.0,0.0,0.0,0.0,6.2166061010848646,0.0,0.0,0.0,0.0,0.0,0.0,0.0,0.0,0.0,7.313886831633462,6.2166061010848646,6.90875477931522,0.0,6.2166061010848646,6.2166061010848646,0.0,0.0,0.0,8.006700845440367,0.0,0.0,0.0,0.0,0.0,0.0,0.0,0.0,6.2166061010848646,7.313886831633462,0.0,0.0,6.2166061010848646,0.0,0.0,0.0,0.0,0.0,0.0,0.0,0.0,0.0
548,0.0,0.0,0.0,0.0,0.0,0.0,6.2166061010848646,0.0,0.0,0.0,0.0,0.0,6.2166061010848646,0.0,0.0,0.0,0.0,0.0,0.0,0.0,0.0,0.0,0.0,0.0,0.0,0.0,0.0,6.90875477931522,7.601402334583733,0.0,0.0,0.0,6.2166061010848646,0.0,0.0,0.0,8.006700845440367,0.0,0.0,6.90875477931522,0.0,0.0,0.0,0.0,6.2166061010848646,0.0,6.2166061010848646,0.0,0.0,0.0,0.0,0.0,0.0,0.0,6.2166061010848646,0.0,0.0,0.0,0.0
552,0.0,0.0,0.0,0.0,0.0,0.0,0.0,0.0,0.0,0.0,0.0,0.0,0.0,0.0,0.0,0.0,0.0,0.0,0.0,0.0,0.0,6.2166061010848646,0.0,0.0,0.0,0.0,0.0,6.90875477931522,0.0,0.0,0.0,0.0,0.0,6.2166061010848646,0.0,0.0,8.160803920954665,0.0,0.0,7.313886831633462,0.0,0.0,0.0,0.0,0.0,6.2166061010848646,6.90875477931522,0.0,0.0,7.313886831633462,0.0,0.0,0.0,0.0,0.0,0.0,0.0,0.0,0.0
554,0.0,0.0,0.0,0.0,0.0,0.0,6.754770585794848,0.0,0.0,0.0,0.0,0.0,0.0,0.0,0.0,0.0,0.0,0.0,0.0,0.0,0.0,0.0,0.0,0.0,0.0,0.0,0.0,7.265129978035143,7.265129978035143,0.0,0.0,5.6584861997410245,6.754770585794848,6.349887961580832,0.0,0.0,5.6584861997410245,0.0,0.0,7.447334942975405,0.0,6.754770585794848,5.6584861997410245,0.0,0.0,0.0,0.0,0.0,0.0,0.0,5.6584861997410245,0.0,0.0,0.0,6.349887961580832,0.0,5.6584861997410245,5.6584861997410245,0.0
559,0.0,0.0,0.0,0.0,6.7691426758635,6.077143515095717,6.077143515095717,0.0,0.0,0.0,0.0,6.077143515095717,0.0,0.0,0.0,0.0,0.0,0.0,0.0,0.0,0.0,0.0,0.0,0.0,0.0,0.0,0.0,7.684743962713568,0.0,0.0,0.0,0.0,0.0,0.0,0.0,0.0,8.27232625629005,0.0,0.0,0.0,6.077143515095717,0.0,0.0,0.0,0.0,6.077143515095717,6.077143515095717,0.0,0.0,0.0,0.0,0.0,0.0,0.0,0.0,0.0,0.0,6.077143515095717,0.0
560,0.0,0.0,0.0,0.0,0.0,0.0,6.167915732334905,0.0,0.0,0.0,0.0,0.0,0.0,0.0,0.0,0.0,0.0,0.0,0.0,0.0,0.0,6.860014563948276,0.0,0.0,0.0,0.0,0.0,6.167915732334905,8.11202803831707,0.0,0.0,0.0,6.167915732334905,0.0,0.0,0.0,7.552637157608365,6.167915732334905,0.0,7.552637157608365,0.0,0.0,0.0,0.0,0.0,0.0,0.0,0.0,0.0,0.0,0.0,0.0,0.0,0.0,0.0,0.0,0.0,0.0,0.0
562,0.0,0.0,0.0,0.0,0.0,0.0,0.0,0.0,0.0,0.0,0.0,0.0,0.0,0.0,0.0,0.0,0.0,5.5254529391317835,0.0,0.0,0.0,5.5254529391317835,0.0,0.0,0.0,0.0,0.0,6.2166061010848646,7.824445930877619,0.0,0.0,6.90875477931522,0.0,0.0,0.0,0.0,7.313886831633462,0.0,0.0,7.824445930877619,0.0,0.0,0.0,0.0,0.0,5.5254529391317835,6.90875477931522,0.0,0.0,0.0,0.0,0.0,0.0,0.0,0.0,0.0,0.0,5.5254529391317835,0.0
565,0.0,0.0,0.0,0.0,0.0,0.0,0.0,0.0,0.0,0.0,0.0,0.0,0.0,0.0,0.0,0.0,0.0,0.0,0.0,0.0,0.0,6.167915732334905,0.0,0.0,0.0,0.0,0.0,0.0,6.167915732334905,0.0,0.0,0.0,0.0,6.167915732334905,0.0,0.0,8.650899568730047,6.167915732334905,0.0,7.265129978035143,0.0,0.0,0.0,0.0,0.0,0.0,0.0,0.0,0.0,6.167915732334905,0.0,0.0,0.0,0.0,0.0,0.0,6.167915732334905,0.0,0.0
574,0.0,0.0,0.0,0.0,6.977681048517689,6.977681048517689,0.0,5.88093194910298,5.88093194910298,0.0,5.88093194910298,5.88093194910298,0.0,0.0,0.0,0.0,0.0,0.0,0.0,0.0,0.0,0.0,0.0,0.0,6.977681048517689,0.0,0.0,0.0,0.0,0.0,0.0,0.0,0.0,0.0,5.88093194910298,0.0,7.265129978035143,5.88093194910298,0.0,6.572682063274631,0.0,5.88093194910298,0.0,0.0,0.0,0.0,6.572682063274631,0.0,5.88093194910298,0.0,0.0,0.0,0.0,0.0,5.88093194910298,0.0,5.88093194910298,0.0,5.88093194910298
575,0.0,0.0,0.0,0.0,0.0,0.0,0.0,0.0,5.283601778300414,0.0,0.0,0.0,0.0,0.0,0.0,0.0,0.0,0.0,0.0,0.0,0.0,0.0,0.0,0.0,0.0,0.0,0.0,6.378825584555548,6.666083288249478,0.0,0.0,0.0,5.283601778300414,5.974208674078378,0.0,0.0,8.323280004633114,0.0,0.0,7.476305822759816,5.283601778300414,0.0,0.0,0.0,0.0,5.283601778300414,6.378825584555548,0.0,0.0,6.888972131839423,0.0,0.0,0.0,0.0,0.0,0.0,0.0,0.0,0.0
576,0.0,6.608999776101094,0.0,0.0,7.0140153898827995,6.608999776101094,5.917199867519596,0.0,0.0,0.0,5.917199867519596,5.917199867519596,0.0,0.0,0.0,0.0,5.917199867519596,0.0,0.0,5.917199867519596,0.0,5.917199867519596,0.0,0.0,0.0,0.0,0.0,5.917199867519596,6.608999776101094,0.0,0.0,0.0,0.0,0.0,5.917199867519596,0.0,7.524481272658421,0.0,0.0,6.608999776101094,0.0,0.0,0.0,0.0,0.0,5.917199867519596,0.0,0.0,0.0,0.0,0.0,0.0,0.0,0.0,5.917199867519596,0.0,5.917199867519596,0.0,0.0
582,0.0,0.0,0.0,0.0,0.0,6.2166061010848646,0.0,0.0,0.0,0.0,0.0,0.0,0.0,0.0,0.0,0.0,0.0,0.0,0.0,0.0,0.0,6.2166061010848646,0.0,0.0,0.0,0.0,0.0,6.90875477931522,7.824445930877619,0.0,0.0,0.0,0.0,0.0,0.0,0.0,8.294299608857235,0.0,0.0,7.313886831633462,0.0,0.0,0.0,0.0,0.0,0.0,0.0,0.0,0.0,0.0,0.0,0.0,0.0,0.0,0.0,0.0,0.0,0.0,0.0
589,0.0,0.0,0.0,0.0,0.0,0.0,0.0,0.0,5.303304908059076,0.0,0.0,0.0,0.0,0.0,0.0,0.0,0.0,5.303304908059076,0.0,0.0,0.0,5.993961427306569,0.0,0.0,0.0,0.0,0.0,6.398594934535208,5.993961427306569,0.0,0.0,0.0,5.303304908059076,0.0,0.0,0.0,8.630700432209833,0.0,0.0,7.496097345175956,0.0,0.0,0.0,0.0,0.0,0.0,5.303304908059076,0.0,0.0,5.303304908059076,0.0,0.0,0.0,0.0,0.0,5.303304908059076,0.0,0.0,0.0
591,0.0,0.0,0.0,0.0,0.0,0.0,0.0,0.0,0.0,0.0,0.0,0.0,0.0,0.0,0.0,0.0,0.0,0.0,0.0,0.0,0.0,7.1316985104669115,0.0,0.0,0.0,0.0,0.0,7.824445930877619,6.034683666227958,0.0,0.0,0.0,6.034683666227958,0.0,0.0,0.0,7.824445930877619,6.034683666227958,0.0,7.642204338899188,0.0,0.0,0.0,0.0,0.0,0.0,6.034683666227958,0.0,0.0,0.0,0.0,0.0,0.0,0.0,0.0,0.0,0.0,0.0,0.0
596,0.0,0.0,0.0,0.0,0.0,0.0,0.0,0.0,0.0,0.0,0.0,0.0,0.0,0.0,0.0,0.0,0.0,0.0,0.0,0.0,0.0,5.779448372398339,0.0,0.0,0.0,0.0,0.0,0.0,6.471049148040832,0.0,0.0,0.0,0.0,0.0,0.0,0.0,8.54913562096371,5.779448372398339,0.0,7.568629169959492,0.0,0.0,0.0,0.0,0.0,5.779448372398339,5.779448372398339,0.0,0.0,0.0,0.0,0.0,0.0,0.0,5.779448372398339,0.0,5.779448372398339,5.779448372398339,0.0
597,0.0,0.0,0.0,0.0,0.0,0.0,0.0,0.0,0.0,0.0,0.0,0.0,0.0,0.0,0.0,0.0,0.0,5.993961427306569,0.0,0.0,0.0,5.993961427306569,0.0,0.0,0.0,0.0,0.0,6.68586094706836,7.0909098220799835,0.0,0.0,0.0,0.0,5.993961427306569,0.0,0.0,8.188966863648876,0.0,0.0,7.3783837129967145,0.0,0.0,0.0,0.0,0.0,0.0,7.0909098220799835,0.0,0.0,0.0,0.0,0.0,0.0,5.993961427306569,0.0,0.0,0.0,0.0,0.0
606,0.0,0.0,0.0,0.0,0.0,0.0,0.0,0.0,0.0,0.0,0.0,0.0,0.0,0.0,0.0,0.0,0.0,0.0,0.0,0.0,0.0,5.917199867519596,0.0,0.0,0.0,0.0,0.0,7.524481272658421,7.301472639381708,0.0,0.0,0.0,0.0,6.608999776101094,0.0,0.0,7.860799294944249,0.0,0.0,7.7067128739802735,0.0,0.0,0.0,0.0,0.0,0.0,6.608999776101094,0.0,0.0,0.0,0.0,0.0,0.0,0.0,0.0,0.0,0.0,0.0,0.0
607,0.0,0.0,0.0,0.0,6.7266330027636645,0.0,6.034683666227958,0.0,0.0,0.0,0.0,0.0,0.0,0.0,0.0,0.0,0.0,0.0,0.0,0.0,0.0,7.1316985104669115,6.034683666227958,0.0,6.7266330027636645,0.0,0.0,6.7266330027636645,7.419180722820095,0.0,0.0,0.0,0.0,0.0,0.0,0.0,7.1316985104669115,0.0,0.0,7.1316985104669115,0.0,6.034683666227958,0.0,0.0,0.0,0.0,0.0,0.0,0.0,0.0,0.0,0.0,0.0,0.0,6.7266330027636645,0.0,0.0,0.0,0.0
616,0.0,5.5008599231751285,0.0,0.0,0.0,0.0,0.0,0.0,0.0,0.0,0.0,0.0,5.5008599231751285,0.0,0.0,0.0,5.5008599231751285,0.0,0.0,0.0,0.0,5.5008599231751285,0.0,5.5008599231751285,0.0,5.5008599231751285,0.0,7.44326399714924,7.289210874467346,0.0,0.0,6.19196338744912,0.0,0.0,0.0,0.0,8.136118449155708,0.0,0.0,6.19196338744912,0.0,0.0,0.0,0.0,5.5008599231751285,0.0,5.5008599231751285,0.0,0.0,0.0,5.5008599231751285,0.0,0.0,0.0,5.5008599231751285,0.0,0.0,0.0,0.0
622,0.0,0.0,0.0,0.0,0.0,0.0,0.0,0.0,0.0,0.0,0.0,0.0,0.0,0.0,0.0,0.0,0.0,5.88093194910298,0.0,0.0,0.0,5.88093194910298,0.0,0.0,0.0,0.0,0.0,0.0,0.0,0.0,0.0,5.88093194910298,5.88093194910298,6.572682063274631,0.0,0.0,8.650899568730047,0.0,0.0,6.572682063274631,0.0,0.0,0.0,0.0,0.0,5.88093194910298,5.88093194910298,0.0,0.0,6.572682063274631,0.0,0.0,0.0,0.0,0.0,0.0,0.0,0.0,0.0
625,0.0,0.0,0.0,0.0,0.0,0.0,0.0,0.0,0.0,0.0,0.0,0.0,0.0,0.0,0.0,0.0,0.0,0.0,0.0,0.0,0.0,0.0,0.0,0.0,0.0,0.0,0.0,6.121495502161354,7.218643271861805,0.0,0.0,6.121495502161354,0.0,0.0,0.0,0.0,8.758512378744623,0.0,0.0,6.121495502161354,0.0,0.0,0.0,0.0,0.0,6.121495502161354,6.121495502161354,0.0,0.0,0.0,0.0,0.0,0.0,0.0,0.0,0.0,0.0,0.0,0.0
627,0.0,0.0,0.0,0.0,0.0,0.0,0.0,0.0,0.0,0.0,0.0,0.0,0.0,0.0,0.0,0.0,0.0,0.0,0.0,0.0,0.0,6.537640672314758,0.0,0.0,0.0,0.0,0.0,6.942623030403143,0.0,0.0,0.0,6.942623030403143,5.845940345101734,0.0,0.0,0.0,8.551288057738772,5.845940345101734,0.0,0.0,0.0,0.0,0.0,0.0,0.0,5.845940345101734,0.0,0.0,0.0,6.942623030403143,0.0,0.0,0.0,0.0,0.0,0.0,0.0,0.0,0.0
629,0.0,0.0,0.0,0.0,0.0,0.0,5.88093194910298,0.0,0.0,0.0,0.0,0.0,0.0,0.0,0.0,0.0,5.88093194910298,0.0,0.0,5.88093194910298,0.0,5.88093194910298,0.0,0.0,0.0,0.0,0.0,7.265129978035143,0.0,5.88093194910298,0.0,5.88093194910298,0.0,6.977681048517689,0.0,0.0,8.517393171418904,0.0,0.0,0.0,0.0,0.0,0.0,0.0,0.0,0.0,5.88093194910298,0.0,0.0,0.0,0.0,0.0,0.0,0.0,0.0,0.0,0.0,0.0,0.0
630,0.0,0.0,0.0,0.0,0.0,0.0,0.0,0.0,0.0,0.0,0.0,0.0,0.0,0.0,0.0,0.0,0.0,0.0,0.0,0.0,0.0,0.0,0.0,0.0,0.0,0.0,0.0,7.775675758511548,6.167915732334905,0.0,0.0,6.860014563948276,6.167915732334905,0.0,0.0,0.0,8.468613005199892,0.0,0.0,6.167915732334905,0.0,0.0,0.0,0.0,0.0,0.0,0.0,0.0,0.0,6.167915732334905,0.0,0.0,0.0,0.0,0.0,0.0,0.0,0.0,0.0
638,0.0,0.0,0.0,0.0,0.0,0.0,0.0,0.0,0.0,0.0,0.0,5.954840459801967,0.0,0.0,0.0,0.0,5.954840459801967,5.954840459801967,0.0,0.0,0.0,0.0,0.0,0.0,0.0,0.0,0.0,5.954840459801967,0.0,6.646690170246266,5.954840459801967,7.744436542654315,0.0,0.0,0.0,0.0,7.898525342618926,0.0,0.0,0.0,0.0,0.0,0.0,0.0,0.0,5.954840459801967,6.646690170246266,0.0,0.0,0.0,0.0,0.0,0.0,6.646690170246266,0.0,5.954840459801967,0.0,0.0,0.0
641,0.0,0.0,0.0,0.0,0.0,0.0,0.0,0.0,0.0,0.0,0.0,0.0,0.0,0.0,6.121495502161354,0.0,0.0,0.0,0.0,0.0,0.0,6.121495502161354,0.0,0.0,0.0,0.0,0.0,7.218643271861805,7.218643271861805,0.0,0.0,0.0,6.121495502161354,0.0,0.0,0.0,7.506142128543193,0.0,0.0,7.729175734280353,0.0,0.0,0.0,0.0,0.0,0.0,7.218643271861805,0.0,0.0,0.0,0.0,0.0,0.0,0.0,0.0,6.121495502161354,0.0,0.0,0.0
646,0.0,0.0,0.0,0.0,0.0,0.0,0.0,0.0,0.0,0.0,0.0,0.0,0.0,0.0,0.0,0.0,0.0,0.0,0.0,0.0,0.0,6.077143515095717,0.0,0.0,0.0,0.0,0.0,6.7691426758635,6.7691426758635,0.0,0.0,0.0,0.0,6.7691426758635,0.0,0.0,8.27232625629005,0.0,0.0,7.461715351917766,0.0,0.0,0.0,0.0,0.0,0.0,6.7691426758635,0.0,0.0,6.077143515095717,0.0,0.0,0.0,0.0,0.0,0.0,0.0,0.0,0.0
652,0.0,0.0,0.0,0.0,0.0,0.0,0.0,0.0,0.0,0.0,0.0,0.0,6.167915732334905,6.167915732334905,0.0,0.0,7.265129978035143,6.167915732334905,0.0,0.0,0.0,0.0,0.0,0.0,0.0,0.0,0.0,6.860014563948276,6.167915732334905,0.0,0.0,0.0,6.167915732334905,0.0,0.0,0.0,8.11202803831707,0.0,0.0,6.860014563948276,0.0,0.0,0.0,0.0,0.0,0.0,6.167915732334905,0.0,0.0,0.0,0.0,6.167915732334905,0.0,0.0,0.0,0.0,0.0,0.0,0.0
653,0.0,0.0,0.0,0.0,7.461715351917766,0.0,0.0,0.0,0.0,0.0,0.0,0.0,0.0,0.0,0.0,0.0,0.0,0.0,0.0,0.0,0.0,6.077143515095717,0.0,0.0,0.0,0.0,0.0,7.174224817643044,0.0,0.0,0.0,0.0,0.0,0.0,0.0,0.0,7.174224817643044,6.077143515095717,0.0,6.7691426758635,0.0,6.077143515095717,0.0,0.0,0.0,6.077143515095717,7.174224817643044,0.0,0.0,6.7691426758635,0.0,0.0,0.0,0.0,0.0,0.0,6.077143515095717,0.0,6.077143515095717
654,0.0,0.0,0.0,0.0,0.0,0.0,5.993961427306569,0.0,0.0,0.0,0.0,0.0,0.0,0.0,0.0,0.0,0.0,0.0,0.0,0.0,0.0,0.0,0.0,0.0,0.0,0.0,0.0,7.0909098220799835,7.0909098220799835,0.0,0.0,5.993961427306569,0.0,0.0,0.0,0.0,8.188966863648876,0.0,0.0,7.0909098220799835,0.0,0.0,0.0,0.0,0.0,6.68586094706836,5.993961427306569,0.0,0.0,6.68586094706836,0.0,0.0,0.0,0.0,0.0,0.0,0.0,0.0,0.0
660,0.0,0.0,0.0,0.0,0.0,0.0,0.0,0.0,0.0,0.0,0.0,0.0,0.0,0.0,0.0,0.0,0.0,0.0,0.0,0.0,0.0,0.0,0.0,0.0,0.0,0.0,0.0,0.0,6.2166061010848646,0.0,0.0,0.0,0.0,0.0,0.0,0.0,8.612685172875459,0.0,0.0,7.824445930877619,0.0,0.0,0.0,0.0,0.0,6.2166061010848646,0.0,0.0,0.0,6.2166061010848646,0.0,0.0,0.0,0.0,0.0,0.0,6.2166061010848646,0.0,0.0
663,0.0,0.0,0.0,0.0,0.0,0.0,0.0,0.0,0.0,0.0,0.0,0.0,0.0,5.717127377459133,0.0,0.0,0.0,0.0,0.0,0.0,0.0,0.0,0.0,0.0,0.0,0.0,0.0,7.660214277048907,6.408628631315172,0.0,0.0,5.717127377459133,0.0,0.0,0.0,0.0,8.353125826634429,5.717127377459133,0.0,6.813544494621113,0.0,0.0,0.0,0.0,0.0,6.408628631315172,5.717127377459133,0.0,0.0,5.717127377459133,0.0,0.0,0.0,0.0,0.0,0.0,0.0,0.0,0.0
668,0.0,0.0,0.0,0.0,7.775675758511548,7.265129978035143,6.167915732334905,0.0,6.167915732334905,0.0,0.0,6.860014563948276,0.0,0.0,0.0,0.0,6.167915732334905,0.0,0.0,0.0,0.0,0.0,0.0,6.167915732334905,6.860014563948276,0.0,0.0,0.0,0.0,0.0,0.0,0.0,0.0,0.0,0.0,0.0,6.167915732334905,0.0,0.0,0.0,0.0,0.0,0.0,0.0,0.0,0.0,0.0,0.0,0.0,0.0,6.167915732334905,6.860014563948276,0.0,0.0,6.167915732334905,0.0,0.0,0.0,0.0
669,0.0,0.0,0.0,0.0,0.0,0.0,0.0,0.0,0.0,0.0,0.0,0.0,5.88093194910298,5.88093194910298,0.0,0.0,0.0,0.0,0.0,0.0,0.0,6.572682063274631,0.0,0.0,0.0,0.0,0.0,7.4881336174935935,0.0,7.265129978035143,5.88093194910298,6.572682063274631,0.0,5.88093194910298,0.0,0.0,7.4881336174935935,6.572682063274631,0.0,0.0,0.0,0.0,0.0,0.0,0.0,0.0,6.977681048517689,0.0,0.0,0.0,0.0,0.0,0.0,0.0,5.88093194910298,0.0,0.0,0.0,0.0
672,0.0,0.0,0.0,0.0,0.0,0.0,0.0,0.0,0.0,0.0,0.0,0.0,0.0,0.0,0.0,0.0,0.0,0.0,0.0,0.0,0.0,0.0,0.0,0.0,0.0,0.0,0.0,7.218643271861805,6.121495502161354,0.0,0.0,0.0,0.0,0.0,0.0,0.0,8.892024131405389,0.0,0.0,6.121495502161354,0.0,0.0,0.0,0.0,0.0,0.0,6.121495502161354,0.0,0.0,0.0,0.0,0.0,0.0,0.0,0.0,0.0,0.0,0.0,0.0
673,0.0,0.0,0.0,0.0,0.0,0.0,5.993961427306569,0.0,0.0,0.0,0.0,0.0,5.993961427306569,0.0,0.0,0.0,0.0,5.993961427306569,0.0,0.0,0.0,7.3783837129967145,0.0,0.0,0.0,0.0,0.0,6.68586094706836,7.783640596221253,0.0,0.0,5.993961427306569,0.0,0.0,5.993961427306569,0.0,6.68586094706836,0.0,0.0,7.0909098220799835,0.0,0.0,0.0,0.0,0.0,0.0,5.993961427306569,0.0,0.0,0.0,6.68586094706836,0.0,0.0,0.0,0.0,0.0,0.0,0.0,0.0
682,0.0,0.0,0.0,0.0,0.0,0.0,0.0,0.0,0.0,0.0,0.0,0.0,0.0,0.0,0.0,0.0,0.0,0.0,0.0,0.0,0.0,5.88093194910298,0.0,0.0,0.0,0.0,0.0,6.572682063274631,0.0,0.0,0.0,6.572682063274631,5.88093194910298,0.0,0.0,0.0,8.768663163155189,0.0,0.0,5.88093194910298,0.0,0.0,0.0,0.0,0.0,0.0,0.0,0.0,0.0,5.88093194910298,0.0,0.0,0.0,0.0,6.572682063274631,0.0,0.0,0.0,0.0
692,0.0,0.0,0.0,0.0,0.0,0.0,0.0,0.0,0.0,0.0,0.0,0.0,6.121495502161354,0.0,0.0,0.0,0.0,6.121495502161354,0.0,0.0,0.0,0.0,0.0,0.0,0.0,0.0,0.0,6.813544494621113,0.0,7.218643271861805,6.121495502161354,6.813544494621113,6.813544494621113,0.0,0.0,0.0,8.316766910526855,0.0,0.0,0.0,0.0,0.0,0.0,0.0,0.0,0.0,0.0,0.0,0.0,0.0,0.0,0.0,0.0,0.0,6.121495502161354,0.0,0.0,0.0,0.0
700,0.0,0.0,0.0,0.0,0.0,0.0,0.0,0.0,0.0,0.0,0.0,0.0,0.0,0.0,0.0,0.0,0.0,0.0,0.0,0.0,0.0,5.954840459801967,0.0,0.0,0.0,0.0,0.0,7.339187983916088,7.051722413950769,0.0,0.0,0.0,0.0,0.0,0.0,0.0,8.032010322833477,0.0,0.0,8.149757258459449,0.0,0.0,0.0,0.0,0.0,0.0,0.0,0.0,0.0,5.954840459801967,0.0,0.0,0.0,0.0,0.0,0.0,0.0,0.0,0.0
716,0.0,0.0,0.0,0.0,0.0,0.0,0.0,0.0,0.0,0.0,0.0,0.0,0.0,6.167915732334905,0.0,0.0,0.0,6.167915732334905,0.0,0.0,0.0,6.860014563948276,0.0,0.0,0.0,0.0,0.0,8.2455219414855,0.0,0.0,0.0,6.860014563948276,6.167915732334905,0.0,0.0,0.0,0.0,0.0,0.0,0.0,6.167915732334905,0.0,0.0,0.0,6.167915732334905,6.167915732334905,7.265129978035143,0.0,0.0,0.0,0.0,0.0,0.0,0.0,0.0,0.0,0.0,0.0,0.0
719,0.0,0.0,0.0,0.0,0.0,0.0,0.0,0.0,0.0,0.0,0.0,0.0,0.0,0.0,0.0,0.0,0.0,5.993961427306569,0.0,0.0,0.0,6.68586094706836,0.0,0.0,0.0,0.0,0.0,5.993961427306569,5.993961427306569,0.0,0.0,0.0,5.993961427306569,0.0,0.0,0.0,8.556606193773073,5.993961427306569,0.0,7.0909098220799835,0.0,0.0,0.0,0.0,0.0,0.0,0.0,0.0,0.0,5.993961427306569,0.0,0.0,0.0,0.0,5.993961427306569,0.0,0.0,0.0,0.0
720,0.0,0.0,0.0,0.0,6.7266330027636645,6.034683666227958,0.0,0.0,0.0,0.0,0.0,0.0,0.0,0.0,0.0,0.0,0.0,0.0,0.0,0.0,0.0,6.034683666227958,0.0,0.0,0.0,6.034683666227958,0.0,6.7266330027636645,6.7266330027636645,0.0,0.0,0.0,0.0,0.0,0.0,0.0,8.11202803831707,0.0,0.0,7.1316985104669115,0.0,0.0,0.0,0.0,6.034683666227958,6.034683666227958,0.0,0.0,0.0,6.034683666227958,0.0,0.0,0.0,0.0,6.034683666227958,0.0,0.0,0.0,0.0
730,0.0,0.0,0.0,0.0,0.0,0.0,0.0,0.0,0.0,0.0,0.0,0.0,0.0,0.0,0.0,0.0,0.0,0.0,0.0,0.0,0.0,0.0,0.0,0.0,0.0,0.0,0.0,7.301472639381708,7.0140153898827995,0.0,0.0,0.0,5.917199867519596,0.0,0.0,0.0,8.553753674135422,0.0,0.0,7.0140153898827995,0.0,0.0,0.0,0.0,0.0,0.0,5.917199867519596,0.0,0.0,5.917199867519596,0.0,0.0,0.0,0.0,0.0,0.0,0.0,0.0,0.0
731,0.0,0.0,0.0,0.0,7.174224817643044,7.174224817643044,0.0,0.0,0.0,0.0,0.0,6.077143515095717,6.077143515095717,0.0,0.0,0.0,0.0,0.0,0.0,0.0,0.0,0.0,0.0,0.0,0.0,0.0,0.0,0.0,0.0,6.7691426758635,0.0,0.0,6.077143515095717,6.077143515095717,0.0,0.0,0.0,0.0,0.0,6.077143515095717,0.0,0.0,0.0,0.0,0.0,6.077143515095717,7.461715351917766,0.0,0.0,6.077143515095717,0.0,0.0,0.0,0.0,6.7691426758635,0.0,6.7691426758635,0.0,0.0
740,0.0,0.0,0.0,0.0,0.0,0.0,0.0,0.0,0.0,0.0,0.0,0.0,0.0,0.0,0.0,0.0,0.0,5.812138499293826,0.0,0.0,0.0,6.503789046997708,0.0,0.0,0.0,0.0,0.0,7.888959461698937,0.0,0.0,0.0,5.812138499293826,5.812138499293826,0.0,0.0,0.0,8.11202803831707,0.0,0.0,7.419180722820095,0.0,0.0,0.0,0.0,0.0,6.503789046997708,0.0,0.0,0.0,0.0,0.0,0.0,0.0,0.0,0.0,0.0,0.0,0.0,0.0
741,0.0,0.0,6.121495502161354,0.0,0.0,0.0,0.0,0.0,0.0,0.0,0.0,0.0,0.0,0.0,0.0,0.0,0.0,0.0,0.0,0.0,0.0,6.121495502161354,0.0,0.0,0.0,0.0,0.0,6.121495502161354,0.0,0.0,0.0,0.0,0.0,0.0,0.0,0.0,8.199014422492134,6.813544494621113,0.0,6.121495502161354,0.0,0.0,0.0,0.0,0.0,0.0,6.813544494621113,0.0,0.0,7.218643271861805,0.0,0.0,0.0,0.0,0.0,0.0,7.218643271861805,0.0,0.0
744,0.0,0.0,0.0,0.0,0.0,0.0,0.0,0.0,0.0,0.0,0.0,0.0,0.0,0.0,0.0,0.0,0.0,0.0,0.0,0.0,0.0,7.601402334583733,0.0,0.0,0.0,0.0,0.0,6.68586094706836,6.68586094706836,0.0,0.0,5.993961427306569,0.0,0.0,0.0,0.0,7.3783837129967145,0.0,0.0,7.783640596221253,0.0,5.993961427306569,0.0,0.0,0.0,0.0,0.0,0.0,0.0,7.3783837129967145,0.0,0.0,0.0,0.0,0.0,0.0,0.0,0.0,0.0
745,0.0,0.0,0.0,0.0,0.0,0.0,0.0,0.0,0.0,0.0,0.0,0.0,0.0,0.0,0.0,0.0,0.0,0.0,0.0,0.0,0.0,6.813544494621113,0.0,0.0,0.0,0.0,0.0,0.0,0.0,0.0,0.0,0.0,0.0,6.121495502161354,0.0,0.0,9.009791891267726,0.0,0.0,0.0,0.0,0.0,0.0,0.0,0.0,0.0,0.0,0.0,0.0,0.0,0.0,0.0,0.0,0.0,0.0,0.0,6.121495502161354,0.0,0.0
753,0.0,0.0,0.0,0.0,0.0,0.0,0.0,0.0,0.0,0.0,0.0,0.0,0.0,0.0,0.0,0.0,0.0,0.0,0.0,0.0,0.0,0.0,0.0,0.0,0.0,0.0,0.0,0.0,6.034683666227958,0.0,0.0,6.7266330027636645,6.034683666227958,6.034683666227958,0.0,0.0,8.597420497435067,0.0,0.0,7.419180722820095,0.0,0.0,0.0,0.0,6.034683666227958,0.0,0.0,0.0,0.0,0.0,0.0,0.0,0.0,0.0,6.034683666227958,0.0,0.0,0.0,0.0
760,0.0,0.0,0.0,0.0,0.0,0.0,0.0,0.0,0.0,0.0,0.0,0.0,0.0,0.0,0.0,0.0,0.0,0.0,0.0,0.0,0.0,6.121495502161354,0.0,0.0,0.0,0.0,0.0,0.0,7.506142128543193,0.0,0.0,0.0,0.0,6.813544494621113,0.0,0.0,7.729175734280353,0.0,0.0,7.506142128543193,0.0,0.0,0.0,0.0,0.0,0.0,6.121495502161354,0.0,0.0,6.813544494621113,0.0,0.0,0.0,0.0,6.813544494621113,0.0,0.0,6.121495502161354,0.0
761,0.0,0.0,6.860014563948276,0.0,0.0,0.0,0.0,0.0,0.0,0.0,0.0,0.0,0.0,0.0,0.0,0.0,0.0,6.167915732334905,0.0,0.0,0.0,6.167915732334905,0.0,0.0,0.0,0.0,6.167915732334905,6.167915732334905,0.0,7.552637157608365,0.0,6.167915732334905,6.167915732334905,0.0,0.0,0.0,6.167915732334905,6.860014563948276,0.0,0.0,0.0,0.0,0.0,0.0,0.0,6.167915732334905,6.860014563948276,0.0,0.0,6.167915732334905,0.0,0.0,0.0,0.0,0.0,6.167915732334905,6.167915732334905,0.0,0.0
778,0.0,0.0,0.0,0.0,0.0,0.0,0.0,0.0,0.0,0.0,0.0,0.0,0.0,0.0,0.0,0.0,0.0,5.779448372398339,0.0,0.0,0.0,0.0,0.0,0.0,0.0,0.0,0.0,0.0,5.779448372398339,0.0,0.0,5.779448372398339,5.779448372398339,0.0,0.0,0.0,8.609748847864152,5.779448372398339,0.0,5.779448372398339,0.0,0.0,0.0,0.0,0.0,5.779448372398339,6.875998255971096,0.0,0.0,6.471049148040832,0.0,0.0,0.0,0.0,0.0,0.0,5.779448372398339,5.779448372398339,0.0
785,0.0,0.0,5.993961427306569,0.0,0.0,0.0,0.0,0.0,0.0,0.0,0.0,0.0,0.0,5.993961427306569,0.0,0.0,0.0,0.0,0.0,0.0,0.0,7.0909098220799835,0.0,0.0,5.993961427306569,0.0,0.0,7.0909098220799835,0.0,7.0909098220799835,0.0,5.993961427306569,5.993961427306569,5.993961427306569,0.0,0.0,0.0,5.993961427306569,0.0,0.0,0.0,0.0,0.0,0.0,0.0,7.0909098220799835,0.0,0.0,0.0,0.0,0.0,0.0,0.0,0.0,7.3783837129967145,0.0,6.68586094706836,0.0,0.0
788,0.0,0.0,5.954840459801967,0.0,0.0,5.264283180082056,5.264283180082056,0.0,0.0,0.0,0.0,0.0,0.0,0.0,0.0,0.0,0.0,0.0,0.0,0.0,0.0,5.264283180082056,0.0,0.0,0.0,0.0,0.0,7.051722413950769,6.359440774907624,0.0,0.0,0.0,0.0,5.264283180082056,0.0,0.0,8.350375442459951,5.264283180082056,0.0,7.456898841659437,0.0,0.0,0.0,0.0,0.0,5.264283180082056,5.954840459801967,0.0,0.0,5.264283180082056,0.0,0.0,0.0,0.0,0.0,0.0,0.0,5.264283180082056,0.0
802,0.0,0.0,0.0,0.0,0.0,0.0,0.0,0.0,0.0,0.0,0.0,0.0,0.0,0.0,0.0,0.0,0.0,0.0,0.0,0.0,0.0,7.218643271861805,0.0,0.0,0.0,0.0,0.0,7.218643271861805,6.121495502161354,0.0,0.0,0.0,0.0,0.0,0.0,0.0,8.517393171418904,0.0,0.0,6.121495502161354,0.0,0.0,0.0,0.0,0.0,7.218643271861805,0.0,0.0,0.0,0.0,0.0,0.0,0.0,0.0,0.0,0.0,0.0,0.0,0.0
808,0.0,0.0,0.0,0.0,7.313886831633462,7.313886831633462,6.90875477931522,0.0,0.0,0.0,0.0,0.0,0.0,0.0,0.0,0.0,6.2166061010848646,0.0,0.0,0.0,0.0,0.0,0.0,0.0,6.90875477931522,0.0,0.0,6.2166061010848646,6.90875477931522,0.0,0.0,0.0,0.0,6.2166061010848646,0.0,0.0,0.0,6.90875477931522,0.0,6.2166061010848646,0.0,0.0,0.0,0.0,0.0,0.0,0.0,0.0,0.0,0.0,0.0,0.0,0.0,6.2166061010848646,0.0,0.0,6.2166061010848646,0.0,0.0
824,0.0,0.0,0.0,0.0,0.0,0.0,0.0,0.0,0.0,0.0,0.0,0.0,0.0,0.0,0.0,0.0,0.0,6.439350371100098,0.0,0.0,0.0,5.7477993600729755,0.0,0.0,0.0,0.0,0.0,7.1316985104669115,0.0,5.7477993600729755,6.439350371100098,7.69097165663095,5.7477993600729755,5.7477993600729755,0.0,0.0,5.7477993600729755,5.7477993600729755,0.0,0.0,0.0,0.0,0.0,0.0,0.0,6.844282856026563,7.354682176897896,0.0,0.0,5.7477993600729755,0.0,0.0,0.0,0.0,0.0,0.0,6.439350371100098,0.0,0.0
827,0.0,0.0,0.0,0.0,6.121495502161354,0.0,0.0,0.0,0.0,0.0,0.0,0.0,0.0,0.0,0.0,0.0,0.0,0.0,0.0,0.0,0.0,0.0,0.0,0.0,0.0,0.0,0.0,7.218643271861805,6.813544494621113,0.0,0.0,0.0,0.0,0.0,0.0,0.0,8.199014422492134,0.0,0.0,7.911423987306794,0.0,0.0,0.0,0.0,6.121495502161354,0.0,0.0,0.0,0.0,6.121495502161354,0.0,0.0,0.0,0.0,0.0,0.0,0.0,0.0,0.0
828,0.0,0.0,0.0,0.0,7.174224817643044,7.461715351917766,0.0,0.0,6.7691426758635,0.0,0.0,6.7691426758635,0.0,0.0,0.0,6.077143515095717,0.0,0.0,0.0,0.0,6.7691426758635,0.0,0.0,0.0,0.0,0.0,0.0,0.0,0.0,0.0,0.0,0.0,0.0,0.0,6.7691426758635,0.0,6.7691426758635,0.0,0.0,0.0,0.0,0.0,0.0,6.077143515095717,0.0,0.0,0.0,0.0,0.0,0.0,0.0,0.0,0.0,0.0,0.0,7.174224817643044,0.0,0.0,6.077143515095717
830,0.0,0.0,0.0,0.0,0.0,0.0,0.0,0.0,0.0,0.0,0.0,0.0,0.0,0.0,0.0,0.0,0.0,0.0,0.0,0.0,0.0,6.813544494621113,0.0,0.0,0.0,0.0,0.0,7.729175734280353,0.0,6.121495502161354,7.506142128543193,7.506142128543193,6.121495502161354,6.121495502161354,0.0,0.0,6.121495502161354,0.0,0.0,6.121495502161354,0.0,0.0,0.0,0.0,0.0,6.121495502161354,0.0,0.0,0.0,0.0,0.0,0.0,0.0,0.0,0.0,6.121495502161354,0.0,0.0,0.0
832,0.0,0.0,0.0,0.0,5.630414969030203,5.630414969030203,0.0,0.0,0.0,0.0,0.0,5.630414969030203,0.0,0.0,0.0,0.0,0.0,5.630414969030203,0.0,0.0,0.0,0.0,0.0,0.0,5.630414969030203,0.0,0.0,6.7266330027636645,5.630414969030203,0.0,0.0,0.0,0.0,0.0,0.0,0.0,8.46024651986319,0.0,0.0,7.0140153898827995,0.0,0.0,0.0,0.0,0.0,5.630414969030203,6.7266330027636645,0.0,0.0,5.630414969030203,0.0,0.0,5.630414969030203,0.0,0.0,0.0,0.0,0.0,0.0
837,0.0,0.0,0.0,0.0,6.034683666227958,0.0,0.0,0.0,0.0,0.0,0.0,0.0,0.0,0.0,0.0,0.0,0.0,0.0,0.0,0.0,0.0,7.1316985104669115,0.0,6.034683666227958,0.0,0.0,0.0,6.034683666227958,7.419180722820095,0.0,0.0,0.0,6.7266330027636645,6.034683666227958,0.0,0.0,7.419180722820095,0.0,0.0,7.824445930877619,0.0,0.0,0.0,0.0,0.0,0.0,6.034683666227958,0.0,0.0,0.0,0.0,0.0,0.0,0.0,0.0,0.0,0.0,0.0,0.0
849,0.0,0.0,0.0,0.0,0.0,0.0,0.0,0.0,0.0,0.0,0.0,0.0,0.0,0.0,0.0,0.0,0.0,5.954840459801967,0.0,0.0,0.0,0.0,0.0,0.0,0.0,0.0,0.0,6.646690170246266,5.954840459801967,0.0,0.0,5.954840459801967,5.954840459801967,0.0,0.0,0.0,8.785610107493078,0.0,0.0,5.954840459801967,0.0,0.0,0.0,0.0,0.0,5.954840459801967,5.954840459801967,0.0,0.0,0.0,0.0,0.0,0.0,0.0,0.0,0.0,0.0,0.0,0.0
869,0.0,0.0,0.0,0.0,0.0,0.0,0.0,0.0,0.0,0.0,0.0,0.0,0.0,0.0,0.0,0.0,0.0,0.0,0.0,0.0,0.0,0.0,0.0,0.0,0.0,0.0,0.0,7.339187983916088,0.0,0.0,0.0,5.954840459801967,0.0,0.0,0.0,0.0,8.842760025864216,0.0,0.0,5.954840459801967,5.954840459801967,0.0,0.0,0.0,0.0,5.954840459801967,0.0,0.0,0.0,0.0,0.0,0.0,0.0,0.0,0.0,0.0,0.0,0.0,0.0
877,0.0,0.0,0.0,0.0,0.0,0.0,0.0,0.0,0.0,6.034683666227958,0.0,0.0,0.0,0.0,0.0,0.0,0.0,0.0,0.0,0.0,0.0,6.7266330027636645,0.0,0.0,0.0,0.0,0.0,0.0,0.0,6.034683666227958,6.034683666227958,6.034683666227958,0.0,6.7266330027636645,0.0,6.034683666227958,8.11202803831707,0.0,0.0,0.0,0.0,0.0,0.0,0.0,0.0,7.1316985104669115,7.1316985104669115,0.0,0.0,0.0,0.0,0.0,0.0,0.0,6.034683666227958,0.0,0.0,0.0,0.0
880,0.0,0.0,0.0,0.0,0.0,0.0,0.0,0.0,0.0,0.0,0.0,0.0,0.0,0.0,0.0,0.0,0.0,0.0,0.0,0.0,0.0,0.0,0.0,0.0,0.0,0.0,0.0,6.034683666227958,0.0,0.0,0.0,0.0,0.0,6.034683666227958,0.0,0.0,9.028138807982804,6.034683666227958,0.0,6.034683666227958,0.0,0.0,0.0,0.0,0.0,0.0,0.0,0.0,0.0,0.0,0.0,0.0,0.0,0.0,0.0,0.0,0.0,0.0,0.0
882,0.0,0.0,0.0,0.0,0.0,0.0,6.121495502161354,0.0,0.0,0.0,0.0,0.0,0.0,0.0,6.121495502161354,0.0,0.0,6.121495502161354,0.0,0.0,0.0,6.121495502161354,0.0,0.0,0.0,0.0,0.0,7.218643271861805,0.0,0.0,0.0,0.0,0.0,6.121495502161354,0.0,0.0,8.199014422492134,0.0,0.0,6.121495502161354,0.0,0.0,0.0,0.0,0.0,6.121495502161354,0.0,0.0,0.0,6.813544494621113,0.0,0.0,0.0,0.0,6.813544494621113,0.0,0.0,0.0,0.0
883,0.0,0.0,0.0,0.0,6.7266330027636645,7.419180722820095,0.0,6.7266330027636645,6.7266330027636645,6.034683666227958,6.7266330027636645,0.0,0.0,0.0,0.0,0.0,0.0,6.034683666227958,0.0,0.0,0.0,0.0,0.0,0.0,6.7266330027636645,0.0,0.0,0.0,0.0,0.0,0.0,0.0,0.0,0.0,0.0,0.0,6.034683666227958,6.034683666227958,0.0,6.034683666227958,0.0,6.7266330027636645,0.0,0.0,0.0,0.0,0.0,0.0,6.034683666227958,0.0,6.034683666227958,0.0,0.0,0.0,0.0,0.0,6.034683666227958,0.0,0.0
884,0.0,0.0,0.0,0.0,0.0,5.603115631169576,0.0,0.0,0.0,0.0,0.0,0.0,5.603115631169576,0.0,0.0,0.0,0.0,0.0,0.0,0.0,0.0,0.0,0.0,0.0,0.0,0.0,6.294417930749521,6.294417930749521,7.6793263940916345,0.0,0.0,5.603115631169576,0.0,5.603115631169576,0.0,0.0,7.9023774838928835,0.0,0.0,7.545861040171172,0.0,0.0,0.0,0.0,5.603115631169576,0.0,5.603115631169576,0.0,0.0,6.294417930749521,0.0,0.0,0.0,0.0,0.0,0.0,0.0,0.0,0.0
890,0.0,0.0,0.0,0.0,0.0,0.0,0.0,0.0,0.0,0.0,0.0,0.0,0.0,0.0,0.0,0.0,0.0,6.077143515095717,0.0,0.0,0.0,6.077143515095717,0.0,0.0,0.0,0.0,0.0,6.077143515095717,6.077143515095717,0.0,0.0,0.0,6.7691426758635,6.077143515095717,6.077143515095717,0.0,8.154575156406663,0.0,0.0,7.461715351917766,0.0,0.0,0.0,0.0,0.0,0.0,6.7691426758635,0.0,0.0,6.077143515095717,0.0,0.0,0.0,0.0,0.0,0.0,0.0,0.0,0.0
901,0.0,0.0,0.0,0.0,0.0,0.0,0.0,0.0,0.0,0.0,0.0,0.0,0.0,0.0,0.0,0.0,0.0,0.0,0.0,0.0,0.0,0.0,5.845940345101734,0.0,0.0,0.0,0.0,6.537640672314758,0.0,0.0,0.0,0.0,0.0,5.845940345101734,0.0,0.0,8.615814497805694,0.0,0.0,7.230063640424056,0.0,0.0,0.0,0.0,0.0,0.0,0.0,0.0,0.0,6.942623030403143,0.0,0.0,0.0,0.0,5.845940345101734,5.845940345101734,0.0,0.0,0.0
905,0.0,0.0,0.0,0.0,0.0,0.0,0.0,0.0,0.0,0.0,0.0,0.0,0.0,0.0,0.0,0.0,0.0,0.0,0.0,0.0,0.0,5.863282231151497,0.0,0.0,0.0,0.0,0.0,7.732676827045459,5.17297292060993,0.0,0.0,6.55500745091254,0.0,0.0,0.0,0.0,8.534781466538485,0.0,0.0,6.777866367269159,0.0,0.0,0.0,0.0,0.0,5.17297292060993,5.17297292060993,0.0,0.0,5.17297292060993,0.0,0.0,0.0,0.0,0.0,0.0,0.0,0.0,0.0
909,0.0,0.0,0.0,0.0,0.0,0.0,0.0,0.0,0.0,0.0,0.0,0.0,0.0,0.0,0.0,0.0,0.0,0.0,0.0,0.0,0.0,5.7477993600729755,0.0,0.0,0.0,0.0,0.0,7.1316985104669115,6.439350371100098,0.0,0.0,5.7477993600729755,0.0,5.7477993600729755,0.0,0.0,8.047509510981422,0.0,0.0,7.824445930877619,5.7477993600729755,0.0,0.0,0.0,0.0,0.0,6.439350371100098,0.0,0.0,5.7477993600729755,0.0,0.0,0.0,0.0,5.7477993600729755,0.0,0.0,0.0,0.0
938,0.0,0.0,0.0,0.0,0.0,0.0,0.0,0.0,0.0,0.0,0.0,0.0,0.0,0.0,0.0,0.0,0.0,0.0,0.0,0.0,0.0,0.0,0.0,0.0,0.0,0.0,0.0,6.813544494621113,7.218643271861805,0.0,0.0,0.0,6.121495502161354,0.0,0.0,0.0,8.604387884935699,6.121495502161354,0.0,6.813544494621113,0.0,0.0,0.0,0.0,0.0,0.0,6.121495502161354,0.0,0.0,0.0,0.0,0.0,0.0,0.0,0.0,0.0,0.0,0.0,0.0
942,0.0,0.0,0.0,0.0,0.0,0.0,0.0,0.0,6.077143515095717,0.0,0.0,0.0,0.0,0.0,0.0,0.0,0.0,0.0,0.0,0.0,0.0,0.0,0.0,0.0,6.077143515095717,0.0,0.0,7.174224817643044,0.0,0.0,0.0,0.0,0.0,6.077143515095717,0.0,0.0,8.55994445413599,0.0,0.0,7.461715351917766,0.0,0.0,0.0,0.0,0.0,0.0,6.077143515095717,0.0,0.0,0.0,0.0,0.0,0.0,0.0,0.0,0.0,0.0,0.0,0.0
949,0.0,0.0,0.0,0.0,0.0,0.0,0.0,0.0,0.0,0.0,0.0,0.0,0.0,0.0,0.0,0.0,0.0,0.0,0.0,0.0,0.0,5.954840459801967,0.0,0.0,0.0,0.0,0.0,5.954840459801967,0.0,0.0,0.0,6.646690170246266,0.0,5.954840459801967,0.0,0.0,8.785610107493078,5.954840459801967,0.0,6.646690170246266,0.0,0.0,0.0,0.0,0.0,0.0,5.954840459801967,0.0,0.0,0.0,0.0,0.0,0.0,0.0,0.0,0.0,0.0,0.0,0.0
951,0.0,0.0,0.0,0.0,0.0,0.0,0.0,0.0,0.0,0.0,0.0,0.0,0.0,0.0,0.0,0.0,0.0,0.0,0.0,0.0,0.0,0.0,0.0,0.0,0.0,0.0,0.0,6.2166061010848646,0.0,0.0,0.0,0.0,6.2166061010848646,0.0,0.0,0.0,8.922791623969637,0.0,0.0,6.2166061010848646,0.0,0.0,0.0,0.0,0.0,6.2166061010848646,0.0,0.0,0.0,0.0,0.0,0.0,0.0,0.0,6.2166061010848646,0.0,0.0,0.0,0.0
966,0.0,0.0,0.0,0.0,0.0,0.0,0.0,0.0,0.0,0.0,0.0,0.0,0.0,0.0,0.0,0.0,0.0,0.0,0.0,0.0,0.0,5.408167787478715,0.0,0.0,0.0,0.0,0.0,7.196187070324464,6.503789046997708,0.0,0.0,0.0,0.0,5.408167787478715,0.0,0.0,8.58191919497788,0.0,0.0,7.196187070324464,0.0,0.0,0.0,0.0,0.0,0.0,0.0,0.0,0.0,6.503789046997708,0.0,0.0,0.0,0.0,5.408167787478715,0.0,0.0,0.0,0.0
967,0.0,0.0,0.0,0.0,0.0,0.0,0.0,0.0,0.0,0.0,0.0,0.0,0.0,0.0,0.0,0.0,0.0,0.0,0.0,0.0,0.0,0.0,0.0,0.0,0.0,0.0,0.0,7.0140153898827995,6.608999776101094,0.0,0.0,5.917199867519596,0.0,6.608999776101094,0.0,0.0,8.31264420319664,0.0,0.0,7.301472639381708,0.0,0.0,0.0,0.0,5.917199867519596,0.0,5.917199867519596,0.0,0.0,5.917199867519596,0.0,0.0,0.0,0.0,5.917199867519596,0.0,0.0,0.0,0.0
971,0.0,0.0,5.576547010488493,0.0,0.0,0.0,0.0,0.0,0.0,0.0,0.0,0.0,5.576547010488493,0.0,0.0,0.0,0.0,5.576547010488493,0.0,0.0,0.0,5.576547010488493,0.0,0.0,0.0,0.0,0.0,5.576547010488493,6.959998122405276,0.0,0.0,0.0,0.0,5.576547010488493,0.0,0.0,8.212082933606414,5.576547010488493,0.0,7.519207071154333,0.0,0.0,0.0,0.0,0.0,6.267799590092823,6.267799590092823,0.0,0.0,6.267799590092823,0.0,0.0,0.0,0.0,0.0,0.0,0.0,0.0,0.0
984,0.0,0.0,0.0,0.0,0.0,0.0,0.0,0.0,0.0,0.0,0.0,0.0,5.3439278778000885,0.0,0.0,0.0,0.0,0.0,0.0,0.0,0.0,7.1316985104669115,0.0,0.0,0.0,0.0,0.0,0.0,5.3439278778000885,0.0,0.0,5.3439278778000885,0.0,0.0,0.0,0.0,8.517393171418904,0.0,0.0,7.419180722820095,0.0,0.0,0.0,0.0,0.0,6.439350371100098,5.3439278778000885,0.0,0.0,6.034683666227958,0.0,0.0,0.0,0.0,5.3439278778000885,0.0,0.0,0.0,0.0
992,0.0,0.0,0.0,0.0,0.0,0.0,0.0,0.0,0.0,0.0,0.0,0.0,0.0,0.0,0.0,0.0,0.0,0.0,0.0,0.0,0.0,5.687374080428037,0.0,0.0,0.0,0.0,0.0,7.294097528698879,7.294097528698879,0.0,0.0,5.687374080428037,0.0,0.0,0.0,0.0,7.8815821311339604,0.0,0.0,6.783724827624065,0.0,0.0,0.0,0.0,5.687374080428037,6.378825584555548,0.0,0.0,0.0,5.687374080428037,0.0,0.0,0.0,0.0,7.07112384743449,0.0,6.378825584555548,0.0,0.0
997,0.0,0.0,5.917199867519596,0.0,0.0,0.0,0.0,0.0,0.0,0.0,0.0,0.0,0.0,0.0,0.0,0.0,0.0,0.0,0.0,0.0,0.0,5.917199867519596,0.0,0.0,0.0,0.0,0.0,7.7067128739802735,5.917199867519596,6.608999776101094,0.0,5.917199867519596,5.917199867519596,6.608999776101094,0.0,0.0,6.608999776101094,7.0140153898827995,0.0,5.917199867519596,0.0,0.0,0.0,0.0,0.0,0.0,0.0,0.0,0.0,0.0,0.0,0.0,0.0,0.0,6.608999776101094,5.917199867519596,7.0140153898827995,0.0,0.0
998,0.0,0.0,0.0,0.0,0.0,0.0,0.0,0.0,0.0,0.0,0.0,0.0,0.0,0.0,0.0,0.0,0.0,0.0,0.0,0.0,0.0,0.0,0.0,0.0,0.0,0.0,0.0,7.0909098220799835,0.0,5.993961427306569,5.993961427306569,5.993961427306569,0.0,5.993961427306569,0.0,0.0,8.071218539969863,0.0,0.0,6.68586094706836,0.0,0.0,0.0,0.0,0.0,6.68586094706836,7.0909098220799835,0.0,0.0,5.993961427306569,0.0,0.0,0.0,0.0,0.0,0.0,6.68586094706836,0.0,0.0
1000,0.0,0.0,0.0,0.0,0.0,0.0,0.0,0.0,0.0,0.0,0.0,0.0,0.0,0.0,0.0,0.0,0.0,0.0,0.0,0.0,0.0,0.0,0.0,0.0,0.0,0.0,0.0,8.27232625629005,0.0,6.077143515095717,6.077143515095717,6.7691426758635,6.7691426758635,6.077143515095717,0.0,0.0,0.0,0.0,0.0,6.7691426758635,0.0,0.0,0.0,0.0,0.0,0.0,7.174224817643044,0.0,0.0,0.0,0.0,0.0,0.0,0.0,6.077143515095717,6.077143515095717,0.0,0.0,0.0
1001,0.0,0.0,0.0,0.0,0.0,0.0,5.687374080428037,0.0,0.0,0.0,0.0,0.0,0.0,0.0,0.0,0.0,0.0,0.0,0.0,0.0,0.0,0.0,0.0,0.0,0.0,0.0,0.0,6.378825584555548,6.783724827624065,0.0,0.0,0.0,5.687374080428037,6.378825584555548,0.0,0.0,8.517393171418904,0.0,0.0,6.783724827624065,0.0,0.0,0.0,0.0,0.0,0.0,6.378825584555548,0.0,0.0,6.378825584555548,0.0,0.0,0.0,0.0,5.687374080428037,0.0,0.0,0.0,0.0
1015,0.0,0.0,0.0,0.0,0.0,0.0,0.0,0.0,0.0,0.0,0.0,0.0,0.0,6.034683666227958,0.0,0.0,0.0,6.034683666227958,0.0,0.0,0.0,6.034683666227958,0.0,0.0,0.0,0.0,0.0,7.419180722820095,0.0,0.0,0.0,6.034683666227958,0.0,0.0,0.0,0.0,8.430399972446597,0.0,0.0,7.1316985104669115,0.0,0.0,0.0,0.0,0.0,0.0,0.0,0.0,0.0,6.7266330027636645,0.0,0.0,0.0,0.0,0.0,0.0,0.0,0.0,0.0
1020,0.0,0.0,0.0,0.0,0.0,0.0,0.0,0.0,0.0,0.0,0.0,0.0,0.0,0.0,0.0,0.0,0.0,0.0,0.0,0.0,0.0,5.954840459801967,0.0,0.0,0.0,0.0,0.0,6.646690170246266,0.0,0.0,0.0,5.954840459801967,5.954840459801967,0.0,0.0,0.0,8.724995042992788,0.0,0.0,7.051722413950769,0.0,0.0,0.0,0.0,0.0,5.954840459801967,0.0,0.0,0.0,5.954840459801967,0.0,0.0,0.0,0.0,0.0,0.0,0.0,0.0,0.0
1021,0.0,0.0,5.88093194910298,0.0,0.0,0.0,0.0,0.0,0.0,0.0,0.0,0.0,0.0,0.0,0.0,0.0,0.0,5.88093194910298,0.0,0.0,0.0,6.572682063274631,0.0,0.0,0.0,0.0,0.0,6.572682063274631,6.572682063274631,0.0,0.0,5.88093194910298,5.88093194910298,5.88093194910298,5.88093194910298,0.0,7.4881336174935935,0.0,0.0,7.4881336174935935,0.0,0.0,0.0,0.0,0.0,5.88093194910298,0.0,0.0,0.0,5.88093194910298,0.0,0.0,0.0,0.0,6.572682063274631,5.88093194910298,5.88093194910298,0.0,0.0
1038,0.0,0.0,0.0,0.0,0.0,0.0,0.0,0.0,0.0,0.0,0.0,0.0,0.0,0.0,0.0,0.0,0.0,0.0,0.0,0.0,0.0,6.813544494621113,0.0,0.0,0.0,0.0,0.0,7.218643271861805,0.0,6.813544494621113,6.121495502161354,7.506142128543193,6.121495502161354,7.218643271861805,0.0,6.121495502161354,0.0,6.121495502161354,0.0,6.121495502161354,0.0,0.0,0.0,0.0,0.0,6.121495502161354,6.121495502161354,0.0,0.0,0.0,0.0,0.0,0.0,0.0,6.121495502161354,0.0,0.0,0.0,0.0
1052,0.0,0.0,0.0,0.0,0.0,0.0,0.0,0.0,0.0,0.0,0.0,0.0,6.167915732334905,0.0,0.0,0.0,0.0,0.0,0.0,0.0,0.0,0.0,0.0,0.0,0.0,0.0,0.0,6.860014563948276,7.265129978035143,0.0,0.0,0.0,0.0,7.265129978035143,0.0,0.0,7.265129978035143,0.0,0.0,6.167915732334905,0.0,0.0,6.167915732334905,0.0,0.0,0.0,6.860014563948276,0.0,0.0,6.167915732334905,6.167915732334905,0.0,0.0,0.0,7.265129978035143,0.0,0.0,0.0,0.0
1057,0.0,0.0,0.0,0.0,0.0,0.0,0.0,0.0,0.0,0.0,0.0,0.0,0.0,0.0,0.0,0.0,0.0,0.0,0.0,0.0,0.0,6.077143515095717,0.0,0.0,0.0,0.0,0.0,6.7691426758635,8.154575156406663,0.0,0.0,0.0,0.0,0.0,0.0,0.0,8.021084822563147,0.0,0.0,7.684743962713568,0.0,0.0,0.0,0.0,0.0,0.0,0.0,0.0,0.0,0.0,0.0,0.0,0.0,0.0,0.0,0.0,0.0,0.0,0.0
1069,0.0,0.0,0.0,0.0,0.0,0.0,0.0,0.0,0.0,0.0,0.0,0.0,0.0,0.0,0.0,0.0,0.0,5.7477993600729755,0.0,0.0,0.0,5.7477993600729755,0.0,0.0,0.0,0.0,0.0,6.439350371100098,6.844282856026563,0.0,0.0,5.7477993600729755,5.7477993600729755,5.7477993600729755,0.0,0.0,8.689211855214294,0.0,0.0,6.439350371100098,0.0,0.0,0.0,0.0,0.0,0.0,5.7477993600729755,0.0,0.0,0.0,0.0,0.0,0.0,0.0,0.0,0.0,0.0,0.0,0.0
1085,0.0,0.0,0.0,0.0,0.0,0.0,0.0,0.0,0.0,0.0,0.0,0.0,0.0,0.0,0.0,0.0,0.0,6.034683666227958,0.0,0.0,0.0,6.034683666227958,0.0,0.0,0.0,0.0,0.0,0.0,0.0,6.034683666227958,6.034683666227958,0.0,6.034683666227958,6.034683666227958,0.0,0.0,0.0,7.1316985104669115,0.0,6.034683666227958,0.0,0.0,0.0,0.0,0.0,6.7266330027636645,8.11202803831707,0.0,0.0,0.0,0.0,0.0,0.0,0.0,7.1316985104669115,0.0,0.0,6.034683666227958,0.0
1086,0.0,0.0,0.0,0.0,0.0,0.0,0.0,0.0,0.0,0.0,0.0,0.0,0.0,0.0,0.0,0.0,0.0,0.0,0.0,0.0,0.0,6.034683666227958,0.0,0.0,0.0,0.0,0.0,6.7266330027636645,6.949536812997092,0.0,0.0,0.0,0.0,5.3439278778000885,0.0,5.3439278778000885,8.474842250875707,0.0,0.0,7.1316985104669115,0.0,0.0,0.0,0.0,5.3439278778000885,0.0,6.034683666227958,0.0,0.0,5.3439278778000885,0.0,0.0,0.0,0.0,6.034683666227958,0.0,0.0,0.0,0.0
1093,0.0,0.0,0.0,0.0,0.0,0.0,0.0,0.0,0.0,0.0,0.0,0.0,0.0,0.0,0.0,0.0,0.0,0.0,0.0,0.0,0.0,0.0,0.0,0.0,0.0,0.0,0.0,7.100951831504149,7.323930505239588,0.0,0.0,5.717127377459133,5.717127377459133,0.0,0.0,0.0,8.422102987415462,0.0,0.0,7.100951831504149,0.0,0.0,0.0,0.0,0.0,0.0,5.717127377459133,0.0,0.0,6.408628631315172,0.0,0.0,0.0,0.0,0.0,0.0,0.0,0.0,0.0
1099,0.0,0.0,0.0,0.0,0.0,0.0,0.0,0.0,0.0,0.0,0.0,0.0,6.167915732334905,0.0,0.0,0.0,0.0,0.0,0.0,0.0,0.0,0.0,0.0,0.0,0.0,0.0,0.0,6.167915732334905,7.552637157608365,0.0,0.0,0.0,0.0,0.0,0.0,0.0,8.11202803831707,6.860014563948276,0.0,7.265129978035143,0.0,0.0,0.0,0.0,0.0,0.0,0.0,0.0,0.0,6.167915732334905,0.0,0.0,0.0,0.0,0.0,6.860014563948276,0.0,0.0,0.0
1108,0.0,0.0,0.0,0.0,0.0,0.0,0.0,0.0,0.0,0.0,0.0,0.0,0.0,0.0,0.0,0.0,0.0,0.0,0.0,0.0,0.0,7.218643271861805,0.0,0.0,0.0,0.0,0.0,7.729175734280353,6.121495502161354,0.0,0.0,6.121495502161354,0.0,0.0,0.0,0.0,8.065522304010056,0.0,0.0,7.729175734280353,0.0,0.0,0.0,0.0,0.0,0.0,0.0,0.0,0.0,0.0,0.0,0.0,0.0,0.0,0.0,0.0,0.0,0.0,0.0
1115,0.0,0.0,0.0,0.0,0.0,0.0,0.0,0.0,0.0,0.0,0.0,0.0,0.0,0.0,0.0,0.0,0.0,6.90875477931522,0.0,0.0,0.0,7.313886831633462,0.0,0.0,0.0,0.0,0.0,6.2166061010848646,0.0,0.0,0.0,0.0,0.0,7.313886831633462,0.0,0.0,6.2166061010848646,6.2166061010848646,0.0,0.0,0.0,0.0,0.0,0.0,6.2166061010848646,6.90875477931522,6.90875477931522,0.0,0.0,0.0,0.0,0.0,0.0,0.0,6.90875477931522,0.0,0.0,6.90875477931522,0.0
1117,0.0,0.0,6.7691426758635,0.0,0.0,0.0,0.0,0.0,0.0,0.0,0.0,0.0,6.077143515095717,0.0,0.0,0.0,0.0,0.0,0.0,0.0,0.0,0.0,0.0,0.0,0.0,0.0,0.0,6.7691426758635,0.0,6.077143515095717,6.077143515095717,6.7691426758635,6.077143515095717,0.0,0.0,0.0,6.7691426758635,7.174224817643044,0.0,0.0,0.0,0.0,0.0,0.0,0.0,0.0,7.461715351917766,0.0,0.0,0.0,0.0,0.0,0.0,0.0,6.7691426758635,0.0,6.7691426758635,0.0,0.0
1122,0.0,0.0,0.0,0.0,0.0,0.0,0.0,0.0,0.0,0.0,0.0,0.0,0.0,0.0,0.0,0.0,0.0,0.0,0.0,0.0,0.0,6.167915732334905,0.0,0.0,6.167915732334905,0.0,0.0,6.167915732334905,6.860014563948276,0.0,0.0,0.0,0.0,6.167915732334905,0.0,0.0,7.775675758511548,0.0,0.0,8.11202803831707,0.0,0.0,0.0,0.0,0.0,0.0,0.0,0.0,0.0,7.265129978035143,0.0,0.0,0.0,0.0,0.0,0.0,0.0,0.0,0.0
1125,0.0,0.0,0.0,0.0,0.0,0.0,0.0,0.0,0.0,0.0,0.0,0.0,0.0,0.0,0.0,0.0,0.0,0.0,0.0,0.0,0.0,0.0,0.0,0.0,0.0,0.0,0.0,6.986641392902984,6.986641392902984,0.0,0.0,6.294417930749521,0.0,0.0,0.0,0.0,8.48999975166003,0.0,0.0,6.699267321402614,0.0,0.0,0.0,0.0,5.603115631169576,5.603115631169576,5.603115631169576,0.0,0.0,6.699267321402614,0.0,0.0,0.0,0.0,0.0,0.0,0.0,0.0,0.0
1137,0.0,0.0,0.0,0.0,0.0,0.0,0.0,0.0,0.0,0.0,0.0,0.0,0.0,0.0,0.0,0.0,0.0,0.0,0.0,0.0,0.0,0.0,0.0,0.0,0.0,0.0,0.0,7.461715351917766,7.174224817643044,0.0,0.0,6.077143515095717,0.0,6.7691426758635,0.0,0.0,7.174224817643044,0.0,0.0,7.461715351917766,0.0,0.0,0.0,0.0,0.0,0.0,7.174224817643044,0.0,0.0,6.7691426758635,0.0,0.0,0.0,0.0,0.0,0.0,0.0,0.0,6.077143515095717
1148,0.0,0.0,6.2166061010848646,0.0,7.313886831633462,7.313886831633462,6.2166061010848646,0.0,0.0,0.0,0.0,0.0,0.0,0.0,0.0,0.0,0.0,0.0,0.0,0.0,0.0,0.0,0.0,0.0,0.0,0.0,0.0,0.0,7.601402334583733,0.0,0.0,0.0,7.313886831633462,0.0,0.0,0.0,0.0,6.90875477931522,6.2166061010848646,0.0,0.0,0.0,0.0,0.0,0.0,0.0,0.0,0.0,0.0,6.2166061010848646,0.0,0.0,0.0,0.0,6.2166061010848646,0.0,0.0,0.0,0.0
1161,0.0,0.0,0.0,0.0,0.0,0.0,0.0,0.0,0.0,0.0,0.0,0.0,6.2166061010848646,0.0,0.0,0.0,0.0,0.0,0.0,0.0,0.0,0.0,0.0,0.0,0.0,0.0,0.0,6.90875477931522,6.2166061010848646,0.0,0.0,6.2166061010848646,0.0,6.2166061010848646,0.0,0.0,8.412054873292933,0.0,0.0,7.601402334583733,0.0,0.0,0.0,0.0,0.0,0.0,6.2166061010848646,0.0,0.0,0.0,0.0,0.0,0.0,0.0,0.0,0.0,0.0,0.0,0.0
1178,0.0,0.0,0.0,0.0,0.0,0.0,0.0,0.0,0.0,0.0,0.0,0.0,0.0,0.0,0.0,0.0,0.0,0.0,0.0,0.0,0.0,5.576547010488493,0.0,0.0,0.0,0.0,0.0,6.6726323660391405,0.0,0.0,0.0,6.267799590092823,5.576547010488493,5.576547010488493,0.0,0.0,8.868731809091818,0.0,0.0,6.267799590092823,0.0,0.0,0.0,0.0,0.0,0.0,0.0,0.0,0.0,5.576547010488493,0.0,0.0,0.0,0.0,0.0,0.0,0.0,0.0,0.0
1188,0.0,0.0,0.0,0.0,0.0,0.0,0.0,0.0,0.0,0.0,0.0,0.0,0.0,0.0,0.0,0.0,0.0,0.0,0.0,0.0,0.0,0.0,0.0,0.0,0.0,0.0,0.0,8.11202803831707,7.552637157608365,0.0,0.0,0.0,0.0,0.0,0.0,0.0,7.552637157608365,0.0,0.0,7.957927342245102,0.0,0.0,0.0,0.0,0.0,0.0,0.0,0.0,0.0,0.0,0.0,0.0,0.0,0.0,0.0,0.0,0.0,0.0,0.0
1202,0.0,0.0,0.0,0.0,0.0,0.0,0.0,0.0,0.0,0.0,0.0,0.0,5.954840459801967,0.0,0.0,0.0,0.0,0.0,0.0,0.0,0.0,0.0,0.0,0.0,0.0,0.0,0.0,5.954840459801967,6.646690170246266,0.0,0.0,0.0,0.0,0.0,0.0,0.0,8.896819645864378,0.0,0.0,7.051722413950769,0.0,0.0,0.0,0.0,0.0,0.0,0.0,0.0,0.0,0.0,0.0,0.0,0.0,0.0,0.0,0.0,0.0,0.0,0.0
1203,0.0,0.0,0.0,0.0,0.0,0.0,0.0,0.0,0.0,0.0,0.0,0.0,0.0,0.0,0.0,0.0,0.0,0.0,0.0,0.0,0.0,6.813544494621113,0.0,0.0,0.0,0.0,0.0,6.813544494621113,6.408628631315172,0.0,0.0,0.0,0.0,0.0,0.0,0.0,8.658445458805312,0.0,0.0,6.813544494621113,0.0,0.0,0.0,0.0,0.0,5.717127377459133,0.0,0.0,0.0,6.408628631315172,0.0,0.0,0.0,0.0,0.0,0.0,0.0,0.0,0.0
1221,0.0,0.0,0.0,0.0,0.0,0.0,0.0,0.0,0.0,0.0,0.0,0.0,0.0,0.0,0.0,0.0,0.0,0.0,0.0,0.0,0.0,6.2166061010848646,0.0,0.0,0.0,0.0,0.0,6.2166061010848646,7.313886831633462,0.0,0.0,0.0,0.0,6.2166061010848646,0.0,0.0,6.90875477931522,0.0,0.0,0.0,0.0,0.0,6.2166061010848646,0.0,6.2166061010848646,6.2166061010848646,6.2166061010848646,0.0,0.0,7.313886831633462,6.2166061010848646,0.0,0.0,0.0,7.601402334583733,0.0,0.0,0.0,0.0
1229,0.0,0.0,0.0,0.0,0.0,0.0,0.0,0.0,0.0,0.0,0.0,0.0,0.0,0.0,0.0,0.0,0.0,0.0,0.0,0.0,0.0,0.0,0.0,0.0,0.0,0.0,0.0,6.439350371100098,5.7477993600729755,0.0,0.0,0.0,0.0,5.7477993600729755,0.0,0.0,8.740496729931813,0.0,0.0,7.1316985104669115,0.0,0.0,0.0,0.0,0.0,6.439350371100098,5.7477993600729755,0.0,0.0,0.0,0.0,0.0,0.0,0.0,5.7477993600729755,0.0,0.0,0.0,0.0
1235,0.0,0.0,0.0,0.0,5.55067114056188,6.646690170246266,0.0,0.0,0.0,0.0,0.0,0.0,0.0,0.0,0.0,5.55067114056188,0.0,0.0,0.0,5.55067114056188,0.0,0.0,5.55067114056188,0.0,5.55067114056188,0.0,0.0,6.646690170246266,6.646690170246266,0.0,0.0,0.0,0.0,0.0,0.0,0.0,8.255088893154603,5.55067114056188,0.0,6.934047611962654,0.0,0.0,0.0,0.0,0.0,0.0,5.55067114056188,0.0,6.241874007624498,0.0,6.241874007624498,0.0,0.0,0.0,0.0,0.0,0.0,0.0,0.0
1240,0.0,0.0,0.0,0.0,6.121495502161354,0.0,6.121495502161354,0.0,0.0,0.0,0.0,0.0,0.0,0.0,0.0,0.0,0.0,6.121495502161354,0.0,0.0,0.0,0.0,0.0,0.0,6.121495502161354,0.0,0.0,7.911423987306794,0.0,7.218643271861805,6.121495502161354,0.0,6.121495502161354,6.121495502161354,6.121495502161354,0.0,0.0,0.0,0.0,0.0,0.0,0.0,0.0,0.0,0.0,6.121495502161354,7.506142128543193,0.0,0.0,0.0,0.0,0.0,0.0,0.0,0.0,0.0,0.0,0.0,0.0
1245,0.0,0.0,0.0,0.0,0.0,0.0,0.0,0.0,0.0,0.0,0.0,0.0,0.0,0.0,0.0,0.0,0.0,0.0,0.0,0.0,0.0,0.0,0.0,0.0,0.0,0.0,0.0,5.954840459801967,0.0,0.0,0.0,5.954840459801967,0.0,0.0,0.0,0.0,8.785610107493078,0.0,0.0,7.051722413950769,0.0,0.0,0.0,0.0,0.0,0.0,5.954840459801967,0.0,0.0,0.0,0.0,0.0,0.0,0.0,6.646690170246266,0.0,0.0,5.954840459801967,0.0
1255,0.0,0.0,0.0,0.0,0.0,0.0,0.0,0.0,6.2166061010848646,0.0,0.0,0.0,0.0,0.0,0.0,0.0,0.0,0.0,0.0,0.0,0.0,6.2166061010848646,0.0,0.0,0.0,0.0,0.0,6.90875477931522,8.006700845440367,0.0,0.0,0.0,6.2166061010848646,0.0,0.0,0.0,7.824445930877619,0.0,0.0,6.90875477931522,6.2166061010848646,0.0,0.0,0.0,0.0,0.0,6.2166061010848646,0.0,0.0,0.0,0.0,0.0,0.0,0.0,0.0,0.0,0.0,0.0,0.0
1261,0.0,0.0,0.0,0.0,0.0,0.0,0.0,0.0,0.0,0.0,0.0,0.0,0.0,0.0,0.0,0.0,0.0,0.0,0.0,0.0,0.0,0.0,0.0,0.0,0.0,0.0,0.0,5.687374080428037,6.378825584555548,0.0,0.0,6.783724827624065,0.0,6.378825584555548,0.0,0.0,8.67988210646565,0.0,0.0,6.783724827624065,0.0,0.0,0.0,0.0,0.0,5.687374080428037,0.0,0.0,0.0,5.687374080428037,0.0,0.0,0.0,0.0,5.687374080428037,0.0,0.0,0.0,0.0
1267,0.0,0.0,0.0,0.0,0.0,0.0,5.917199867519596,0.0,0.0,0.0,0.0,0.0,0.0,0.0,0.0,0.0,5.917199867519596,0.0,0.0,0.0,0.0,5.917199867519596,0.0,0.0,0.0,0.0,0.0,6.608999776101094,6.608999776101094,0.0,0.0,0.0,0.0,0.0,0.0,0.0,8.479660534176022,0.0,0.0,7.301472639381708,5.917199867519596,0.0,0.0,0.0,0.0,0.0,0.0,0.0,0.0,5.917199867519596,0.0,5.917199867519596,0.0,0.0,0.0,0.0,0.0,0.0,0.0
1277,0.0,0.0,0.0,0.0,0.0,0.0,5.993961427306569,0.0,0.0,0.0,0.0,5.993961427306569,0.0,0.0,0.0,5.993961427306569,0.0,5.993961427306569,0.0,0.0,7.0909098220799835,0.0,0.0,0.0,0.0,0.0,0.0,0.0,0.0,0.0,0.0,0.0,0.0,0.0,8.188966863648876,0.0,0.0,0.0,0.0,0.0,0.0,0.0,0.0,6.68586094706836,0.0,0.0,0.0,0.0,7.601402334583733,0.0,0.0,0.0,0.0,0.0,5.993961427306569,5.993961427306569,0.0,0.0,0.0
1293,0.0,0.0,0.0,0.0,0.0,6.034683666227958,0.0,0.0,0.0,0.0,0.0,0.0,0.0,0.0,0.0,0.0,0.0,0.0,0.0,0.0,0.0,6.034683666227958,0.0,0.0,0.0,0.0,0.0,6.034683666227958,0.0,7.419180722820095,0.0,6.7266330027636645,6.034683666227958,0.0,0.0,0.0,7.824445930877619,6.034683666227958,0.0,0.0,0.0,0.0,0.0,0.0,0.0,0.0,6.7266330027636645,0.0,0.0,0.0,0.0,0.0,0.0,0.0,0.0,6.7266330027636645,7.1316985104669115,0.0,0.0
1309,0.0,0.0,0.0,0.0,0.0,0.0,0.0,0.0,0.0,0.0,0.0,0.0,6.077143515095717,0.0,0.0,0.0,0.0,0.0,0.0,0.0,0.0,6.077143515095717,0.0,0.0,0.0,0.0,0.0,6.7691426758635,6.7691426758635,0.0,0.0,0.0,0.0,0.0,0.0,0.0,8.472950497898037,0.0,0.0,7.461715351917766,0.0,0.0,0.0,0.0,0.0,0.0,6.077143515095717,0.0,0.0,0.0,0.0,0.0,0.0,0.0,6.077143515095717,0.0,0.0,0.0,0.0
1346,0.0,0.0,0.0,0.0,0.0,0.0,0.0,0.0,0.0,0.0,0.0,0.0,0.0,0.0,6.034683666227958,0.0,0.0,6.034683666227958,0.0,0.0,0.0,0.0,0.0,0.0,0.0,0.0,0.0,7.419180722820095,0.0,0.0,0.0,6.034683666227958,0.0,6.7266330027636645,0.0,0.0,8.671515285122727,0.0,0.0,0.0,0.0,0.0,0.0,0.0,0.0,0.0,6.034683666227958,0.0,0.0,0.0,0.0,0.0,0.0,0.0,0.0,0.0,0.0,0.0,0.0
1356,0.0,0.0,0.0,0.0,5.993961427306569,0.0,0.0,0.0,0.0,0.0,0.0,0.0,0.0,0.0,0.0,0.0,0.0,0.0,0.0,0.0,7.3783837129967145,5.993961427306569,0.0,0.0,5.993961427306569,0.0,0.0,5.993961427306569,6.68586094706836,0.0,0.0,0.0,6.68586094706836,0.0,5.993961427306569,0.0,7.601402334583733,0.0,0.0,5.993961427306569,0.0,0.0,0.0,6.68586094706836,0.0,0.0,0.0,0.0,6.68586094706836,5.993961427306569,0.0,0.0,0.0,0.0,0.0,5.993961427306569,0.0,0.0,0.0
1364,0.0,0.0,0.0,0.0,0.0,0.0,0.0,0.0,0.0,0.0,0.0,0.0,0.0,0.0,0.0,0.0,0.0,0.0,0.0,0.0,0.0,5.845940345101734,0.0,0.0,6.537640672314758,0.0,0.0,6.942623030403143,5.845940345101734,0.0,0.0,0.0,0.0,0.0,0.0,5.845940345101734,8.48230899301099,0.0,0.0,6.537640672314758,0.0,0.0,0.0,0.0,5.845940345101734,0.0,5.845940345101734,0.0,0.0,6.942623030403143,0.0,0.0,0.0,0.0,0.0,0.0,0.0,0.0,0.0
1366,0.0,0.0,0.0,0.0,0.0,0.0,0.0,0.0,0.0,0.0,0.0,0.0,6.034683666227958,6.034683666227958,0.0,0.0,0.0,0.0,0.0,0.0,0.0,7.419180722820095,0.0,0.0,0.0,0.0,0.0,7.419180722820095,7.642204338899188,0.0,0.0,0.0,6.034683666227958,0.0,0.0,0.0,6.034683666227958,0.0,0.0,7.1316985104669115,0.0,0.0,0.0,0.0,0.0,0.0,6.034683666227958,0.0,0.0,7.1316985104669115,0.0,0.0,0.0,0.0,0.0,0.0,0.0,0.0,0.0
1379,0.0,0.0,5.630414969030203,0.0,5.630414969030203,0.0,0.0,0.0,0.0,0.0,0.0,0.0,0.0,0.0,0.0,0.0,0.0,0.0,0.0,0.0,7.236979086878522,0.0,0.0,0.0,5.630414969030203,0.0,0.0,0.0,0.0,0.0,0.0,5.630414969030203,0.0,0.0,0.0,0.0,8.762472158940103,0.0,0.0,5.630414969030203,0.0,5.630414969030203,0.0,0.0,0.0,5.630414969030203,0.0,0.0,0.0,0.0,0.0,0.0,0.0,0.0,0.0,0.0,0.0,5.630414969030203,0.0
1388,0.0,0.0,5.993961427306569,0.0,0.0,0.0,0.0,0.0,0.0,0.0,0.0,0.0,0.0,0.0,0.0,0.0,0.0,0.0,0.0,0.0,0.0,6.68586094706836,0.0,0.0,0.0,0.0,0.0,7.0909098220799835,7.0909098220799835,0.0,0.0,0.0,0.0,5.993961427306569,0.0,0.0,7.783640596221253,7.0909098220799835,0.0,7.3783837129967145,0.0,0.0,0.0,0.0,0.0,0.0,0.0,0.0,0.0,6.68586094706836,0.0,0.0,0.0,0.0,0.0,0.0,0.0,0.0,0.0
1395,0.0,0.0,5.917199867519596,0.0,0.0,0.0,0.0,0.0,0.0,0.0,0.0,0.0,0.0,0.0,0.0,0.0,0.0,5.917199867519596,0.0,0.0,0.0,0.0,0.0,0.0,0.0,0.0,0.0,8.31264420319664,6.608999776101094,6.608999776101094,0.0,0.0,0.0,0.0,5.917199867519596,0.0,7.0140153898827995,0.0,0.0,0.0,0.0,0.0,0.0,0.0,0.0,5.917199867519596,7.524481272658421,0.0,0.0,0.0,0.0,0.0,0.0,0.0,0.0,0.0,0.0,0.0,0.0
1396,0.0,0.0,0.0,0.0,0.0,0.0,0.0,0.0,0.0,0.0,0.0,0.0,0.0,0.0,0.0,0.0,0.0,0.0,0.0,0.0,0.0,6.077143515095717,0.0,0.0,0.0,0.0,0.0,0.0,6.7691426758635,0.0,0.0,6.077143515095717,6.077143515095717,0.0,0.0,0.0,8.472950497898037,6.077143515095717,0.0,7.461715351917766,0.0,0.0,0.0,0.0,0.0,0.0,6.077143515095717,0.0,0.0,0.0,0.0,0.0,0.0,0.0,0.0,0.0,0.0,6.077143515095717,0.0
1397,0.0,0.0,0.0,0.0,0.0,0.0,0.0,0.0,0.0,0.0,0.0,0.0,0.0,0.0,0.0,0.0,0.0,0.0,0.0,0.0,0.0,6.034683666227958,0.0,0.0,0.0,0.0,0.0,6.034683666227958,7.1316985104669115,0.0,0.0,6.034683666227958,0.0,0.0,0.0,0.0,8.229777750081887,0.0,0.0,7.978539489064328,0.0,0.0,0.0,0.0,0.0,0.0,6.034683666227958,0.0,0.0,6.034683666227958,0.0,0.0,0.0,0.0,0.0,0.0,0.0,0.0,0.0
1403,0.0,0.0,0.0,0.0,5.954840459801967,0.0,0.0,0.0,0.0,0.0,0.0,0.0,0.0,0.0,0.0,0.0,0.0,0.0,0.0,0.0,0.0,5.954840459801967,0.0,0.0,0.0,0.0,0.0,6.646690170246266,5.954840459801967,0.0,0.0,0.0,0.0,0.0,0.0,0.0,8.59148686061291,7.051722413950769,0.0,5.954840459801967,0.0,0.0,0.0,0.0,0.0,5.954840459801967,0.0,0.0,0.0,6.646690170246266,0.0,0.0,0.0,0.0,0.0,0.0,0.0,0.0,0.0
1408,0.0,0.0,0.0,0.0,0.0,0.0,0.0,0.0,0.0,5.717127377459133,0.0,0.0,0.0,0.0,0.0,0.0,0.0,0.0,0.0,0.0,0.0,5.717127377459133,0.0,0.0,0.0,0.0,0.0,7.100951831504149,6.408628631315172,0.0,0.0,0.0,5.717127377459133,0.0,0.0,0.0,8.199014422492134,0.0,0.0,8.199014422492134,0.0,0.0,0.0,0.0,0.0,0.0,0.0,0.0,0.0,0.0,0.0,0.0,0.0,0.0,0.0,0.0,0.0,0.0,0.0
1409,0.0,0.0,0.0,0.0,0.0,0.0,5.386288427820895,0.0,0.0,0.0,0.0,0.0,0.0,0.0,0.0,0.0,0.0,5.386288427820895,0.0,0.0,0.0,5.386288427820895,0.0,0.0,0.0,0.0,0.0,7.86698888515497,6.481843423133274,0.0,0.0,0.0,0.0,0.0,0.0,0.0,8.326380030613937,0.0,0.0,6.481843423133274,0.0,0.0,0.0,0.0,0.0,6.481843423133274,0.0,0.0,0.0,6.481843423133274,0.0,0.0,0.0,0.0,0.0,0.0,0.0,0.0,0.0
1425,0.0,0.0,0.0,0.0,0.0,0.0,5.88093194910298,0.0,0.0,0.0,0.0,0.0,0.0,0.0,0.0,0.0,0.0,0.0,0.0,0.0,0.0,0.0,0.0,0.0,0.0,0.0,0.0,7.4881336174935935,6.572682063274631,0.0,0.0,5.88093194910298,0.0,6.572682063274631,0.0,0.0,8.363275817704324,0.0,0.0,7.265129978035143,0.0,0.0,0.0,0.0,0.0,0.0,0.0,0.0,0.0,0.0,0.0,0.0,0.0,0.0,0.0,0.0,5.88093194910298,0.0,0.0
1433,0.0,0.0,0.0,0.0,6.7691426758635,0.0,0.0,0.0,0.0,0.0,0.0,0.0,0.0,6.077143515095717,0.0,0.0,0.0,0.0,0.0,0.0,0.0,0.0,0.0,0.0,0.0,0.0,0.0,7.174224817643044,6.7691426758635,0.0,0.0,0.0,0.0,6.077143515095717,0.0,0.0,8.154575156406663,0.0,0.0,7.684743962713568,0.0,0.0,0.0,0.0,0.0,6.077143515095717,0.0,0.0,0.0,0.0,0.0,0.0,0.0,0.0,0.0,0.0,0.0,0.0,0.0
1445,0.0,0.0,0.0,0.0,0.0,0.0,0.0,0.0,0.0,0.0,0.0,0.0,0.0,0.0,0.0,0.0,0.0,0.0,0.0,0.0,0.0,0.0,0.0,0.0,0.0,0.0,0.0,6.7266330027636645,0.0,0.0,0.0,0.0,0.0,6.034683666227958,0.0,0.0,8.976851828606984,0.0,0.0,6.034683666227958,0.0,0.0,0.0,0.0,0.0,0.0,6.034683666227958,0.0,0.0,0.0,0.0,0.0,0.0,0.0,0.0,0.0,0.0,0.0,0.0
1456,0.0,0.0,0.0,0.0,0.0,0.0,0.0,0.0,0.0,0.0,0.0,0.0,0.0,0.0,0.0,0.0,0.0,0.0,0.0,0.0,0.0,0.0,0.0,0.0,0.0,0.0,0.0,6.68586094706836,5.993961427306569,0.0,0.0,0.0,0.0,0.0,0.0,0.0,8.824824939175638,0.0,0.0,7.3783837129967145,0.0,0.0,0.0,0.0,0.0,0.0,0.0,0.0,0.0,0.0,0.0,0.0,0.0,0.0,5.993961427306569,0.0,0.0,0.0,0.0
1472,0.0,0.0,0.0,0.0,0.0,0.0,0.0,0.0,0.0,0.0,0.0,0.0,0.0,0.0,0.0,0.0,0.0,0.0,0.0,0.0,0.0,6.90875477931522,0.0,0.0,0.0,0.0,6.2166061010848646,6.90875477931522,0.0,7.313886831633462,0.0,6.2166061010848646,6.90875477931522,0.0,0.0,0.0,6.90875477931522,0.0,0.0,6.90875477931522,0.0,0.0,0.0,0.0,0.0,6.2166061010848646,6.90875477931522,0.0,0.0,6.90875477931522,0.0,0.0,0.0,0.0,0.0,0.0,0.0,0.0,0.0
1486,0.0,0.0,0.0,0.0,5.5254529391317835,0.0,0.0,0.0,0.0,0.0,0.0,0.0,0.0,0.0,0.0,0.0,0.0,6.2166061010848646,0.0,5.5254529391317835,0.0,6.2166061010848646,0.0,0.0,0.0,0.0,0.0,5.5254529391317835,6.621405651764134,0.0,0.0,0.0,5.5254529391317835,5.5254529391317835,0.0,0.0,8.517393171418904,0.0,0.0,7.313886831633462,0.0,0.0,0.0,0.0,0.0,0.0,6.2166061010848646,0.0,0.0,0.0,0.0,0.0,0.0,0.0,0.0,0.0,0.0,0.0,0.0
1495,0.0,0.0,0.0,0.0,0.0,0.0,0.0,0.0,0.0,0.0,0.0,0.0,0.0,0.0,0.0,0.0,0.0,0.0,0.0,0.0,0.0,0.0,0.0,0.0,0.0,0.0,0.0,7.53689712956617,6.439350371100098,0.0,0.0,0.0,0.0,0.0,0.0,0.0,8.57800603081275,0.0,0.0,7.1316985104669115,0.0,0.0,0.0,0.0,0.0,0.0,5.7477993600729755,0.0,0.0,5.7477993600729755,0.0,0.0,0.0,0.0,0.0,0.0,5.7477993600729755,0.0,0.0
1496,0.0,0.0,0.0,0.0,0.0,0.0,0.0,0.0,0.0,0.0,0.0,0.0,0.0,0.0,0.0,0.0,0.0,0.0,0.0,0.0,0.0,6.077143515095717,0.0,0.0,0.0,0.0,0.0,6.7691426758635,7.174224817643044,0.0,0.0,6.077143515095717,0.0,0.0,0.0,0.0,8.714067757883157,0.0,0.0,0.0,0.0,0.0,0.0,0.0,0.0,0.0,6.077143515095717,0.0,0.0,6.077143515095717,0.0,0.0,0.0,0.0,0.0,0.0,0.0,0.0,0.0
1498,0.0,0.0,0.0,0.0,0.0,6.408628631315172,5.717127377459133,0.0,0.0,0.0,0.0,0.0,0.0,0.0,0.0,0.0,0.0,0.0,0.0,0.0,0.0,5.717127377459133,0.0,0.0,0.0,0.0,0.0,6.408628631315172,5.717127377459133,0.0,0.0,0.0,0.0,0.0,0.0,0.0,8.709730070452691,0.0,0.0,6.813544494621113,0.0,0.0,0.0,0.0,0.0,5.717127377459133,5.717127377459133,0.0,0.0,0.0,0.0,0.0,0.0,0.0,0.0,0.0,0.0,0.0,5.717127377459133
1556,0.0,0.0,5.954840459801967,0.0,5.954840459801967,5.954840459801967,0.0,0.0,5.954840459801967,0.0,0.0,5.954840459801967,0.0,0.0,0.0,0.0,0.0,0.0,0.0,0.0,8.437367126940535,0.0,0.0,0.0,0.0,0.0,0.0,0.0,0.0,0.0,0.0,5.954840459801967,0.0,0.0,5.954840459801967,0.0,6.646690170246266,5.954840459801967,0.0,0.0,0.0,0.0,0.0,7.051722413950769,0.0,0.0,0.0,0.0,0.0,0.0,0.0,0.0,0.0,0.0,0.0,0.0,5.954840459801967,0.0,0.0
1563,0.0,0.0,0.0,0.0,0.0,0.0,0.0,0.0,0.0,0.0,0.0,0.0,0.0,0.0,0.0,0.0,0.0,0.0,0.0,0.0,0.0,5.779448372398339,0.0,0.0,0.0,0.0,0.0,5.779448372398339,7.722706075656924,0.0,0.0,0.0,0.0,5.779448372398339,0.0,0.0,8.174530218767941,0.0,0.0,7.973922129964331,0.0,0.0,0.0,0.0,0.0,0.0,0.0,0.0,0.0,5.779448372398339,0.0,0.0,0.0,0.0,0.0,0.0,0.0,0.0,0.0
1582,0.0,0.0,0.0,0.0,0.0,0.0,0.0,0.0,0.0,0.0,0.0,0.0,0.0,0.0,0.0,0.0,0.0,0.0,0.0,0.0,0.0,6.121495502161354,0.0,0.0,0.0,0.0,0.0,0.0,6.813544494621113,0.0,0.0,0.0,0.0,0.0,0.0,0.0,8.892024131405389,0.0,0.0,6.813544494621113,0.0,0.0,0.0,0.0,0.0,0.0,6.121495502161354,0.0,0.0,0.0,0.0,0.0,0.0,0.0,0.0,0.0,0.0,0.0,0.0
1591,0.0,0.0,0.0,0.0,6.2166061010848646,0.0,0.0,0.0,0.0,0.0,0.0,0.0,0.0,0.0,0.0,0.0,0.0,0.0,0.0,0.0,0.0,6.2166061010848646,0.0,0.0,6.2166061010848646,0.0,0.0,6.90875477931522,0.0,0.0,0.0,6.90875477931522,7.313886831633462,6.2166061010848646,0.0,0.0,8.006700845440367,0.0,0.0,0.0,0.0,0.0,0.0,0.0,0.0,6.90875477931522,6.2166061010848646,0.0,0.0,0.0,0.0,0.0,0.0,0.0,0.0,0.0,0.0,0.0,0.0
1594,0.0,0.0,0.0,0.0,0.0,0.0,0.0,0.0,0.0,0.0,0.0,0.0,0.0,0.0,0.0,0.0,0.0,6.860014563948276,0.0,0.0,0.0,7.265129978035143,0.0,0.0,0.0,0.0,0.0,6.860014563948276,6.167915732334905,0.0,0.0,6.167915732334905,0.0,6.860014563948276,0.0,0.0,8.11202803831707,0.0,0.0,6.167915732334905,0.0,0.0,0.0,0.0,0.0,0.0,6.167915732334905,0.0,0.0,0.0,0.0,0.0,0.0,6.167915732334905,0.0,0.0,0.0,0.0,0.0
1625,0.0,0.0,0.0,0.0,0.0,0.0,0.0,0.0,0.0,0.0,0.0,0.0,0.0,0.0,0.0,0.0,0.0,0.0,0.0,0.0,0.0,0.0,0.0,0.0,0.0,0.0,0.0,0.0,6.813544494621113,0.0,0.0,0.0,0.0,0.0,0.0,0.0,8.684416492530723,6.813544494621113,0.0,7.218643271861805,0.0,0.0,0.0,0.0,0.0,6.121495502161354,0.0,0.0,0.0,6.121495502161354,0.0,0.0,0.0,0.0,0.0,0.0,0.0,0.0,0.0
1634,0.0,0.0,0.0,0.0,7.775675758511548,7.265129978035143,6.167915732334905,0.0,0.0,0.0,0.0,6.860014563948276,0.0,0.0,0.0,6.167915732334905,0.0,0.0,0.0,6.167915732334905,0.0,0.0,6.167915732334905,0.0,6.860014563948276,0.0,0.0,0.0,0.0,0.0,6.167915732334905,0.0,0.0,0.0,0.0,0.0,0.0,6.167915732334905,0.0,6.167915732334905,0.0,6.167915732334905,0.0,0.0,0.0,6.167915732334905,0.0,0.0,0.0,0.0,0.0,0.0,0.0,0.0,0.0,0.0,0.0,0.0,0.0
1642,0.0,0.0,0.0,0.0,0.0,0.0,0.0,0.0,0.0,0.0,0.0,0.0,5.954840459801967,6.646690170246266,0.0,0.0,0.0,5.954840459801967,0.0,0.0,0.0,7.051722413950769,0.0,0.0,0.0,0.0,0.0,6.646690170246266,0.0,7.339187983916088,5.954840459801967,5.954840459801967,0.0,5.954840459801967,0.0,0.0,7.339187983916088,0.0,0.0,5.954840459801967,0.0,0.0,0.0,0.0,5.954840459801967,5.954840459801967,6.646690170246266,0.0,0.0,5.954840459801967,0.0,0.0,0.0,0.0,0.0,0.0,0.0,0.0,0.0
1644,0.0,0.0,0.0,0.0,0.0,0.0,0.0,0.0,0.0,0.0,0.0,0.0,0.0,0.0,0.0,0.0,0.0,0.0,0.0,0.0,0.0,6.875998255971096,0.0,0.0,0.0,0.0,0.0,7.3864108878045425,5.779448372398339,6.875998255971096,5.779448372398339,6.875998255971096,6.471049148040832,5.779448372398339,0.0,0.0,6.471049148040832,0.0,0.0,5.779448372398339,0.0,0.0,0.0,0.0,0.0,5.779448372398339,7.1634222284534985,0.0,0.0,0.0,0.0,0.0,0.0,0.0,6.875998255971096,5.779448372398339,0.0,0.0,0.0
1652,0.0,0.0,6.167915732334905,0.0,0.0,0.0,0.0,0.0,0.0,0.0,0.0,0.0,0.0,0.0,0.0,0.0,0.0,0.0,0.0,0.0,0.0,6.167915732334905,0.0,0.0,0.0,0.0,0.0,7.552637157608365,0.0,0.0,0.0,7.552637157608365,6.167915732334905,6.860014563948276,0.0,0.0,6.860014563948276,6.167915732334905,0.0,0.0,0.0,0.0,0.0,0.0,0.0,7.552637157608365,6.167915732334905,0.0,0.0,0.0,0.0,0.0,0.0,0.0,0.0,0.0,0.0,0.0,0.0
1670,0.0,0.0,0.0,0.0,6.2166061010848646,0.0,0.0,0.0,0.0,0.0,0.0,6.2166061010848646,0.0,0.0,0.0,0.0,0.0,0.0,0.0,0.0,0.0,0.0,0.0,0.0,0.0,0.0,0.0,0.0,7.313886831633462,0.0,0.0,6.2166061010848646,0.0,0.0,0.0,0.0,8.160803920954665,0.0,0.0,7.601402334583733,0.0,0.0,0.0,0.0,0.0,0.0,6.2166061010848646,0.0,0.0,0.0,0.0,0.0,0.0,0.0,6.2166061010848646,0.0,0.0,6.2166061010848646,0.0
1673,0.0,0.0,0.0,0.0,0.0,0.0,0.0,0.0,0.0,0.0,0.0,0.0,0.0,0.0,0.0,0.0,0.0,5.917199867519596,0.0,0.0,0.0,0.0,0.0,0.0,0.0,0.0,0.0,6.608999776101094,7.0140153898827995,0.0,0.0,0.0,5.917199867519596,5.917199867519596,0.0,0.0,8.479660534176022,0.0,0.0,7.524481272658421,0.0,0.0,0.0,0.0,0.0,5.917199867519596,0.0,0.0,0.0,0.0,0.0,0.0,0.0,0.0,0.0,0.0,0.0,0.0,0.0
1682,0.0,0.0,0.0,0.0,0.0,0.0,0.0,0.0,0.0,0.0,0.0,0.0,6.034683666227958,0.0,0.0,0.0,0.0,0.0,0.0,0.0,0.0,0.0,0.0,0.0,0.0,0.0,0.0,6.7266330027636645,6.034683666227958,0.0,0.0,0.0,6.034683666227958,6.034683666227958,0.0,0.0,8.671515285122727,6.034683666227958,0.0,6.034683666227958,0.0,0.0,0.0,0.0,0.0,0.0,6.7266330027636645,0.0,0.0,0.0,0.0,0.0,0.0,0.0,0.0,0.0,0.0,0.0,0.0
1729,0.0,0.0,0.0,0.0,0.0,0.0,0.0,0.0,0.0,0.0,0.0,0.0,0.0,0.0,0.0,0.0,0.0,6.121495502161354,0.0,0.0,0.0,0.0,0.0,0.0,0.0,0.0,0.0,6.813544494621113,0.0,0.0,0.0,6.813544494621113,6.813544494621113,0.0,0.0,0.0,8.065522304010056,0.0,0.0,7.506142128543193,0.0,0.0,0.0,0.0,0.0,0.0,0.0,0.0,0.0,6.813544494621113,0.0,0.0,0.0,0.0,6.813544494621113,0.0,0.0,0.0,0.0
1739,0.0,0.0,0.0,0.0,0.0,0.0,5.845940345101734,0.0,0.0,0.0,0.0,0.0,0.0,0.0,0.0,0.0,0.0,0.0,0.0,0.0,0.0,5.845940345101734,0.0,0.0,0.0,0.0,0.0,7.230063640424056,0.0,6.942623030403143,0.0,6.537640672314758,6.537640672314758,0.0,0.0,5.845940345101734,6.942623030403143,5.845940345101734,0.0,5.845940345101734,0.0,0.0,0.0,0.0,5.845940345101734,7.230063640424056,0.0,0.0,0.0,5.845940345101734,0.0,0.0,0.0,0.0,6.942623030403143,0.0,5.845940345101734,0.0,0.0
1741,0.0,0.0,0.0,0.0,0.0,0.0,0.0,0.0,0.0,0.0,0.0,0.0,5.993961427306569,0.0,0.0,0.0,0.0,5.993961427306569,0.0,0.0,0.0,5.993961427306569,0.0,0.0,0.0,0.0,0.0,0.0,5.993961427306569,0.0,0.0,5.993961427306569,0.0,6.68586094706836,0.0,0.0,8.188966863648876,0.0,0.0,7.783640596221253,0.0,0.0,0.0,0.0,0.0,5.993961427306569,0.0,0.0,0.0,5.993961427306569,0.0,0.0,0.0,0.0,0.0,5.993961427306569,0.0,0.0,0.0
1742,0.0,0.0,0.0,0.0,0.0,0.0,0.0,5.603115631169576,0.0,0.0,0.0,0.0,0.0,0.0,0.0,0.0,0.0,0.0,0.0,0.0,0.0,0.0,0.0,0.0,0.0,0.0,0.0,7.209600098101059,5.603115631169576,0.0,0.0,0.0,5.603115631169576,5.603115631169576,0.0,0.0,8.48999975166003,0.0,0.0,7.209600098101059,0.0,0.0,0.0,0.0,5.603115631169576,0.0,6.294417930749521,0.0,0.0,0.0,0.0,0.0,0.0,0.0,5.603115631169576,0.0,0.0,5.603115631169576,0.0
1752,0.0,0.0,0.0,0.0,0.0,0.0,0.0,0.0,0.0,0.0,0.0,0.0,0.0,0.0,0.0,0.0,0.0,0.0,0.0,0.0,0.0,7.294097528698879,0.0,0.0,0.0,0.0,0.0,8.249190709087875,5.687374080428037,6.378825584555548,0.0,6.378825584555548,0.0,0.0,0.0,5.687374080428037,0.0,0.0,0.0,6.378825584555548,0.0,0.0,0.0,0.0,0.0,6.378825584555548,6.378825584555548,0.0,0.0,0.0,0.0,0.0,0.0,0.0,6.378825584555548,6.378825584555548,0.0,0.0,0.0
1782,0.0,0.0,0.0,0.0,0.0,0.0,0.0,0.0,0.0,0.0,0.0,0.0,0.0,0.0,0.0,0.0,0.0,5.993961427306569,0.0,0.0,0.0,0.0,0.0,0.0,0.0,0.0,0.0,0.0,5.993961427306569,0.0,0.0,5.993961427306569,0.0,6.68586094706836,0.0,0.0,8.630700432209833,0.0,0.0,6.68586094706836,5.993961427306569,0.0,0.0,0.0,0.0,5.993961427306569,5.993961427306569,0.0,0.0,0.0,0.0,0.0,0.0,0.0,0.0,0.0,5.993961427306569,0.0,0.0
1792,0.0,6.077143515095717,0.0,0.0,0.0,6.077143515095717,6.7691426758635,0.0,0.0,0.0,0.0,0.0,0.0,0.0,0.0,0.0,0.0,0.0,0.0,0.0,0.0,0.0,0.0,6.7691426758635,0.0,6.077143515095717,0.0,6.077143515095717,0.0,0.0,0.0,0.0,6.077143515095717,0.0,0.0,0.0,7.174224817643044,0.0,0.0,7.86698888515497,0.0,6.077143515095717,0.0,0.0,0.0,0.0,0.0,0.0,6.7691426758635,0.0,0.0,0.0,0.0,0.0,6.7691426758635,0.0,0.0,0.0,0.0
1818,0.0,0.0,0.0,0.0,0.0,0.0,0.0,0.0,0.0,0.0,0.0,0.0,5.6584861997410245,0.0,0.0,0.0,0.0,5.6584861997410245,0.0,0.0,0.0,5.6584861997410245,0.0,0.0,0.0,0.0,0.0,6.349887961580832,5.6584861997410245,0.0,0.0,6.349887961580832,0.0,5.6584861997410245,0.0,0.0,8.363275817704324,6.754770585794848,0.0,7.04216128901732,0.0,0.0,0.0,0.0,0.0,0.0,6.754770585794848,0.0,0.0,0.0,0.0,0.0,0.0,0.0,0.0,0.0,5.6584861997410245,0.0,0.0
1821,0.0,0.0,0.0,0.0,0.0,0.0,0.0,0.0,0.0,0.0,0.0,0.0,0.0,0.0,0.0,0.0,0.0,0.0,0.0,0.0,0.0,0.0,0.0,0.0,0.0,0.0,0.0,6.7266330027636645,0.0,0.0,0.0,0.0,0.0,6.034683666227958,0.0,0.0,8.86564105219058,0.0,0.0,6.034683666227958,0.0,0.0,0.0,0.0,0.0,6.034683666227958,6.034683666227958,0.0,0.0,6.034683666227958,0.0,0.0,0.0,0.0,0.0,0.0,0.0,0.0,0.0
1828,0.0,0.0,0.0,0.0,0.0,0.0,0.0,0.0,0.0,0.0,0.0,0.0,0.0,0.0,0.0,0.0,0.0,0.0,0.0,0.0,0.0,0.0,0.0,0.0,0.0,0.0,0.0,7.824445930877619,6.7266330027636645,0.0,0.0,0.0,6.034683666227958,6.034683666227958,0.0,0.0,7.419180722820095,0.0,0.0,7.419180722820095,6.034683666227958,0.0,0.0,0.0,0.0,6.034683666227958,6.034683666227958,0.0,0.0,6.034683666227958,0.0,0.0,0.0,0.0,6.034683666227958,6.034683666227958,0.0,0.0,0.0
1831,0.0,0.0,0.0,0.0,0.0,0.0,0.0,0.0,0.0,0.0,0.0,0.0,0.0,0.0,0.0,0.0,0.0,0.0,0.0,0.0,0.0,0.0,0.0,0.0,0.0,0.0,0.0,6.034683666227958,6.034683666227958,0.0,0.0,6.034683666227958,6.034683666227958,0.0,0.0,0.0,8.430399972446597,6.034683666227958,0.0,7.824445930877619,0.0,0.0,0.0,0.0,0.0,0.0,6.034683666227958,0.0,0.0,0.0,0.0,0.0,0.0,0.0,6.034683666227958,0.0,0.0,0.0,0.0
1848,0.0,0.0,0.0,0.0,0.0,0.0,0.0,0.0,0.0,0.0,0.0,0.0,0.0,0.0,0.0,0.0,0.0,0.0,0.0,0.0,0.0,0.0,0.0,0.0,0.0,0.0,0.0,7.051722413950769,0.0,6.646690170246266,0.0,0.0,0.0,6.646690170246266,0.0,0.0,8.032010322833477,0.0,0.0,8.149757258459449,0.0,0.0,0.0,0.0,0.0,0.0,5.954840459801967,0.0,0.0,0.0,0.0,0.0,0.0,0.0,5.954840459801967,0.0,0.0,0.0,0.0
1859,0.0,0.0,0.0,0.0,0.0,0.0,0.0,0.0,0.0,0.0,0.0,0.0,6.2166061010848646,0.0,0.0,0.0,0.0,0.0,0.0,0.0,0.0,6.2166061010848646,0.0,0.0,0.0,0.0,0.0,6.2166061010848646,6.2166061010848646,0.0,0.0,0.0,0.0,0.0,0.0,0.0,8.77971129020447,0.0,0.0,6.90875477931522,0.0,0.0,0.0,0.0,0.0,0.0,0.0,0.0,0.0,0.0,0.0,0.0,0.0,0.0,6.2166061010848646,0.0,0.0,0.0,0.0
1911,0.0,0.0,0.0,0.0,0.0,0.0,0.0,0.0,0.0,0.0,0.0,0.0,0.0,5.812138499293826,0.0,0.0,0.0,5.812138499293826,0.0,5.812138499293826,0.0,0.0,0.0,0.0,0.0,0.0,0.0,0.0,5.812138499293826,0.0,0.0,0.0,5.812138499293826,0.0,0.0,0.0,8.37432309038321,0.0,0.0,7.601402334583733,0.0,0.0,0.0,0.0,0.0,5.812138499293826,6.503789046997708,0.0,0.0,5.812138499293826,0.0,0.0,0.0,0.0,6.503789046997708,0.0,0.0,0.0,0.0
1959,0.0,0.0,0.0,0.0,6.7691426758635,7.461715351917766,7.174224817643044,0.0,0.0,0.0,6.7691426758635,6.7691426758635,0.0,6.077143515095717,0.0,0.0,0.0,0.0,0.0,6.077143515095717,0.0,0.0,6.077143515095717,0.0,6.077143515095717,0.0,0.0,0.0,0.0,0.0,0.0,0.0,0.0,0.0,0.0,0.0,6.077143515095717,0.0,0.0,6.077143515095717,0.0,0.0,0.0,0.0,0.0,0.0,0.0,0.0,0.0,6.077143515095717,7.174224817643044,0.0,0.0,0.0,0.0,0.0,0.0,0.0,0.0
1963,0.0,0.0,0.0,0.0,0.0,0.0,0.0,6.2166061010848646,0.0,0.0,0.0,0.0,0.0,0.0,0.0,0.0,0.0,0.0,0.0,0.0,0.0,6.2166061010848646,0.0,0.0,0.0,0.0,0.0,6.2166061010848646,6.2166061010848646,0.0,0.0,0.0,0.0,0.0,0.0,0.0,7.601402334583733,6.2166061010848646,0.0,7.824445930877619,0.0,6.2166061010848646,6.2166061010848646,0.0,0.0,0.0,6.90875477931522,0.0,0.0,0.0,0.0,0.0,0.0,0.0,6.90875477931522,0.0,0.0,0.0,0.0
1976,0.0,0.0,0.0,0.0,0.0,0.0,0.0,0.0,0.0,0.0,0.0,0.0,0.0,0.0,0.0,0.0,0.0,6.077143515095717,0.0,0.0,0.0,6.7691426758635,0.0,0.0,0.0,0.0,0.0,6.077143515095717,0.0,0.0,0.0,0.0,0.0,6.7691426758635,0.0,0.0,8.783049678728222,0.0,0.0,6.077143515095717,0.0,0.0,0.0,0.0,6.077143515095717,0.0,0.0,0.0,0.0,0.0,0.0,0.0,0.0,0.0,0.0,0.0,0.0,0.0,0.0
1999,0.0,0.0,0.0,0.0,0.0,0.0,0.0,0.0,0.0,0.0,0.0,0.0,0.0,0.0,0.0,0.0,0.0,0.0,0.0,0.0,0.0,6.034683666227958,0.0,0.0,0.0,0.0,0.0,6.034683666227958,6.034683666227958,0.0,0.0,6.034683666227958,6.034683666227958,0.0,0.0,0.0,8.597420497435067,6.7266330027636645,0.0,6.7266330027636645,0.0,0.0,0.0,0.0,0.0,0.0,6.034683666227958,0.0,0.0,0.0,0.0,0.0,0.0,0.0,0.0,0.0,6.034683666227958,0.0,0.0
2006,0.0,0.0,0.0,0.0,0.0,0.0,0.0,0.0,0.0,0.0,0.0,5.603115631169576,0.0,0.0,0.0,0.0,0.0,5.603115631169576,0.0,0.0,0.0,5.603115631169576,0.0,0.0,0.0,0.0,0.0,6.986641392902984,7.391798405165924,0.0,0.0,5.603115631169576,0.0,0.0,0.0,0.0,8.37224240483758,0.0,0.0,6.986641392902984,0.0,0.0,0.0,0.0,5.603115631169576,5.603115631169576,0.0,0.0,0.0,0.0,0.0,0.0,0.0,0.0,5.603115631169576,0.0,0.0,0.0,0.0
2023,0.0,0.0,0.0,0.0,0.0,0.0,0.0,0.0,0.0,0.0,0.0,0.0,6.7266330027636645,0.0,0.0,0.0,0.0,0.0,0.0,0.0,0.0,6.034683666227958,0.0,0.0,0.0,0.0,0.0,6.034683666227958,6.7266330027636645,0.0,0.0,0.0,0.0,0.0,0.0,0.0,7.824445930877619,0.0,0.0,8.33511160582689,0.0,0.0,0.0,0.0,0.0,0.0,0.0,0.0,0.0,0.0,0.0,0.0,0.0,0.0,0.0,0.0,6.034683666227958,6.034683666227958,0.0
2024,0.0,0.0,0.0,0.0,0.0,0.0,0.0,0.0,0.0,0.0,0.0,0.0,0.0,0.0,0.0,0.0,0.0,5.954840459801967,0.0,0.0,0.0,0.0,0.0,0.0,0.0,0.0,0.0,5.954840459801967,0.0,0.0,0.0,6.646690170246266,0.0,5.954840459801967,0.0,0.0,8.517393171418904,0.0,0.0,7.744436542654315,0.0,0.0,0.0,0.0,0.0,5.954840459801967,0.0,0.0,0.0,5.954840459801967,0.0,0.0,0.0,0.0,0.0,0.0,0.0,0.0,0.0
2034,0.0,0.0,0.0,0.0,0.0,0.0,0.0,0.0,0.0,0.0,0.0,0.0,0.0,0.0,0.0,0.0,0.0,6.167915732334905,0.0,0.0,0.0,0.0,0.0,0.0,0.0,0.0,0.0,7.265129978035143,7.775675758511548,0.0,0.0,0.0,0.0,0.0,0.0,0.0,7.552637157608365,0.0,0.0,7.775675758511548,0.0,0.0,0.0,0.0,6.167915732334905,0.0,6.860014563948276,0.0,0.0,0.0,0.0,0.0,0.0,0.0,0.0,0.0,0.0,0.0,0.0
2087,0.0,0.0,0.0,0.0,0.0,0.0,0.0,0.0,0.0,0.0,0.0,0.0,0.0,0.0,0.0,0.0,0.0,0.0,0.0,0.0,0.0,5.993961427306569,0.0,0.0,0.0,0.0,0.0,7.0909098220799835,0.0,0.0,0.0,0.0,0.0,0.0,0.0,0.0,8.764209507142004,0.0,0.0,7.3783837129967145,0.0,0.0,0.0,0.0,0.0,5.993961427306569,0.0,0.0,0.0,0.0,0.0,0.0,0.0,0.0,0.0,0.0,0.0,0.0,0.0
2088,0.0,0.0,0.0,0.0,0.0,0.0,0.0,0.0,0.0,0.0,0.0,0.0,0.0,0.0,0.0,0.0,0.0,0.0,0.0,0.0,0.0,0.0,0.0,0.0,0.0,0.0,0.0,0.0,6.860014563948276,0.0,0.0,0.0,0.0,0.0,0.0,0.0,8.650899568730047,0.0,0.0,7.957927342245102,0.0,0.0,0.0,0.0,0.0,0.0,6.167915732334905,0.0,0.0,0.0,0.0,0.0,0.0,0.0,0.0,0.0,0.0,0.0,0.0
2089,0.0,0.0,0.0,0.0,0.0,0.0,0.0,0.0,0.0,0.0,0.0,0.0,0.0,0.0,0.0,0.0,0.0,0.0,0.0,0.0,0.0,7.0140153898827995,0.0,0.0,0.0,0.0,0.0,7.0140153898827995,7.301472639381708,0.0,0.0,6.608999776101094,0.0,0.0,0.0,0.0,7.524481272658421,0.0,0.0,7.860799294944249,0.0,0.0,0.0,0.0,0.0,0.0,5.917199867519596,0.0,0.0,5.917199867519596,0.0,0.0,0.0,0.0,5.917199867519596,0.0,0.0,0.0,0.0
2112,0.0,6.167915732334905,0.0,0.0,6.860014563948276,0.0,6.167915732334905,0.0,0.0,0.0,6.167915732334905,6.167915732334905,0.0,0.0,0.0,0.0,0.0,0.0,0.0,0.0,8.11202803831707,0.0,0.0,0.0,6.167915732334905,0.0,0.0,0.0,0.0,0.0,0.0,0.0,0.0,0.0,6.167915732334905,0.0,6.167915732334905,0.0,0.0,0.0,0.0,0.0,0.0,0.0,0.0,0.0,6.167915732334905,0.0,7.265129978035143,0.0,0.0,0.0,0.0,0.0,0.0,6.167915732334905,0.0,0.0,0.0
2125,0.0,0.0,0.0,6.121495502161354,6.813544494621113,7.911423987306794,0.0,6.121495502161354,0.0,0.0,0.0,0.0,0.0,0.0,0.0,0.0,0.0,0.0,0.0,0.0,0.0,0.0,0.0,0.0,6.121495502161354,0.0,0.0,0.0,0.0,0.0,0.0,0.0,0.0,0.0,0.0,0.0,0.0,6.121495502161354,0.0,6.121495502161354,0.0,7.506142128543193,6.121495502161354,0.0,0.0,6.121495502161354,6.121495502161354,0.0,0.0,0.0,0.0,0.0,0.0,0.0,6.121495502161354,0.0,6.121495502161354,0.0,0.0
2138,0.0,0.0,0.0,0.0,0.0,0.0,0.0,0.0,0.0,0.0,0.0,0.0,0.0,0.0,0.0,0.0,0.0,0.0,0.0,0.0,0.0,0.0,0.0,0.0,0.0,0.0,0.0,7.552637157608365,6.167915732334905,0.0,0.0,0.0,0.0,0.0,0.0,0.0,8.468613005199892,6.167915732334905,0.0,7.552637157608365,0.0,0.0,0.0,0.0,0.0,6.167915732334905,0.0,0.0,0.0,0.0,0.0,0.0,0.0,0.0,0.0,0.0,0.0,0.0,0.0
2152,0.0,0.0,0.0,0.0,0.0,0.0,0.0,0.0,0.0,0.0,0.0,0.0,6.077143515095717,0.0,0.0,0.0,0.0,6.077143515095717,0.0,0.0,0.0,6.7691426758635,0.0,0.0,0.0,0.0,0.0,7.174224817643044,0.0,0.0,0.0,0.0,0.0,6.077143515095717,0.0,0.0,8.55994445413599,0.0,0.0,6.7691426758635,0.0,0.0,0.0,0.0,0.0,0.0,6.077143515095717,0.0,0.0,0.0,0.0,0.0,0.0,0.0,0.0,0.0,0.0,0.0,0.0
2163,0.0,0.0,0.0,0.0,0.0,0.0,0.0,0.0,0.0,0.0,0.0,0.0,0.0,0.0,0.0,0.0,0.0,0.0,0.0,0.0,0.0,6.349887961580832,0.0,0.0,0.0,0.0,0.0,7.04216128901732,6.349887961580832,0.0,0.0,0.0,5.6584861997410245,5.6584861997410245,0.0,0.0,8.59961548321485,0.0,0.0,6.754770585794848,0.0,0.0,0.0,0.0,0.0,5.6584861997410245,0.0,0.0,0.0,5.6584861997410245,0.0,0.0,0.0,0.0,5.6584861997410245,0.0,0.0,0.0,0.0
2187,0.0,0.0,0.0,0.0,0.0,0.0,0.0,0.0,0.0,0.0,0.0,0.0,0.0,0.0,0.0,0.0,0.0,0.0,0.0,0.0,0.0,6.90875477931522,0.0,0.0,0.0,6.2166061010848646,0.0,6.90875477931522,0.0,0.0,0.0,6.90875477931522,0.0,0.0,0.0,0.0,8.412054873292933,0.0,0.0,6.90875477931522,0.0,0.0,0.0,0.0,6.2166061010848646,0.0,6.2166061010848646,0.0,0.0,0.0,0.0,0.0,0.0,0.0,0.0,0.0,0.0,0.0,0.0
2210,0.0,0.0,0.0,0.0,0.0,0.0,0.0,0.0,0.0,0.0,0.0,0.0,0.0,0.0,0.0,0.0,0.0,6.167915732334905,0.0,0.0,0.0,6.167915732334905,0.0,0.0,0.0,0.0,0.0,7.552637157608365,0.0,6.167915732334905,6.167915732334905,0.0,0.0,6.167915732334905,0.0,6.860014563948276,6.860014563948276,0.0,0.0,6.167915732334905,0.0,0.0,0.0,0.0,0.0,6.167915732334905,7.775675758511548,0.0,0.0,0.0,0.0,0.0,0.0,0.0,6.167915732334905,0.0,0.0,0.0,0.0
2215,0.0,0.0,6.167915732334905,0.0,0.0,0.0,0.0,0.0,0.0,0.0,0.0,0.0,0.0,0.0,0.0,0.0,0.0,0.0,0.0,0.0,0.0,0.0,0.0,0.0,0.0,0.0,0.0,6.167915732334905,6.860014563948276,0.0,0.0,0.0,0.0,6.167915732334905,0.0,0.0,8.650899568730047,0.0,0.0,6.860014563948276,0.0,0.0,0.0,0.0,0.0,0.0,6.167915732334905,0.0,0.0,6.167915732334905,0.0,0.0,0.0,0.0,0.0,0.0,0.0,0.0,0.0
2230,0.0,0.0,0.0,0.0,6.90875477931522,6.90875477931522,0.0,0.0,0.0,0.0,0.0,7.601402334583733,0.0,0.0,0.0,7.601402334583733,0.0,0.0,0.0,7.313886831633462,0.0,0.0,6.2166061010848646,0.0,6.2166061010848646,0.0,0.0,0.0,0.0,0.0,0.0,0.0,0.0,0.0,0.0,0.0,0.0,0.0,0.0,0.0,0.0,0.0,6.2166061010848646,0.0,0.0,0.0,0.0,0.0,6.2166061010848646,0.0,6.2166061010848646,0.0,0.0,0.0,0.0,0.0,0.0,0.0,0.0
2244,0.0,0.0,0.0,0.0,0.0,0.0,0.0,0.0,0.0,0.0,0.0,0.0,0.0,0.0,0.0,0.0,0.0,6.167915732334905,0.0,0.0,0.0,0.0,0.0,0.0,0.0,0.0,0.0,0.0,6.167915732334905,0.0,0.0,0.0,6.167915732334905,0.0,0.0,0.0,8.938537897880014,0.0,0.0,6.167915732334905,0.0,0.0,0.0,0.0,0.0,0.0,6.167915732334905,0.0,0.0,0.0,0.0,0.0,0.0,0.0,0.0,0.0,0.0,0.0,0.0
2253,0.0,0.0,0.0,0.0,0.0,0.0,0.0,0.0,0.0,0.0,0.0,0.0,0.0,0.0,0.0,0.0,0.0,0.0,0.0,0.0,0.0,5.476861958311282,0.0,0.0,0.0,0.0,0.0,6.572682063274631,6.572682063274631,0.0,0.0,0.0,0.0,0.0,0.0,0.0,8.608347561646678,0.0,0.0,7.265129978035143,0.0,0.0,0.0,0.0,0.0,5.476861958311282,6.167915732334905,0.0,0.0,5.476861958311282,0.0,0.0,0.0,0.0,0.0,6.167915732334905,0.0,0.0,0.0
2274,0.0,0.0,0.0,0.0,0.0,0.0,0.0,0.0,0.0,0.0,0.0,0.0,0.0,0.0,0.0,0.0,0.0,0.0,0.0,0.0,0.0,0.0,0.0,0.0,0.0,0.0,0.0,7.601402334583733,0.0,7.313886831633462,0.0,6.2166061010848646,6.90875477931522,7.313886831633462,0.0,0.0,6.90875477931522,0.0,0.0,6.2166061010848646,0.0,0.0,0.0,0.0,0.0,0.0,6.2166061010848646,0.0,0.0,6.2166061010848646,0.0,0.0,0.0,0.0,6.90875477931522,0.0,0.0,0.0,0.0
2280,0.0,0.0,0.0,0.0,0.0,0.0,0.0,0.0,0.0,0.0,0.0,0.0,0.0,0.0,0.0,0.0,0.0,0.0,0.0,0.0,0.0,0.0,0.0,0.0,0.0,0.0,0.0,7.601402334583733,6.2166061010848646,0.0,0.0,0.0,0.0,0.0,0.0,0.0,8.412054873292933,0.0,0.0,7.601402334583733,0.0,0.0,0.0,0.0,0.0,6.2166061010848646,0.0,0.0,0.0,6.2166061010848646,0.0,0.0,0.0,0.0,0.0,0.0,0.0,0.0,0.0
2328,0.0,0.0,6.860014563948276,0.0,0.0,0.0,0.0,0.0,0.0,0.0,0.0,0.0,0.0,0.0,0.0,0.0,0.0,0.0,0.0,0.0,0.0,6.167915732334905,0.0,0.0,0.0,0.0,0.0,8.363275817704324,0.0,0.0,6.167915732334905,6.860014563948276,6.167915732334905,6.860014563948276,0.0,0.0,6.167915732334905,0.0,0.0,0.0,0.0,0.0,0.0,0.0,0.0,0.0,0.0,0.0,0.0,0.0,0.0,0.0,0.0,0.0,6.167915732334905,6.167915732334905,0.0,0.0,0.0
2334,0.0,0.0,0.0,0.0,0.0,0.0,0.0,0.0,0.0,0.0,0.0,0.0,0.0,0.0,0.0,0.0,0.0,0.0,0.0,0.0,0.0,0.0,0.0,0.0,0.0,0.0,0.0,6.503789046997708,6.503789046997708,0.0,0.0,0.0,0.0,0.0,0.0,0.0,8.805025252619144,0.0,0.0,7.601402334583733,0.0,0.0,0.0,0.0,0.0,0.0,0.0,0.0,0.0,0.0,0.0,0.0,0.0,0.0,0.0,0.0,0.0,0.0,0.0
2336,0.0,0.0,5.993961427306569,0.0,0.0,0.0,0.0,0.0,0.0,0.0,0.0,5.993961427306569,0.0,0.0,0.0,5.993961427306569,0.0,0.0,0.0,0.0,7.3783837129967145,0.0,5.993961427306569,0.0,0.0,0.0,0.0,0.0,0.0,0.0,0.0,0.0,0.0,0.0,6.68586094706836,0.0,0.0,5.993961427306569,0.0,0.0,0.0,0.0,0.0,0.0,0.0,0.0,0.0,0.0,8.294299608857235,0.0,0.0,0.0,0.0,0.0,0.0,7.3783837129967145,0.0,0.0,0.0
2371,0.0,0.0,0.0,0.0,0.0,0.0,0.0,0.0,0.0,0.0,0.0,0.0,0.0,0.0,0.0,0.0,0.0,0.0,0.0,0.0,0.0,5.954840459801967,0.0,0.0,0.0,0.0,0.0,7.898525342618926,5.954840459801967,0.0,0.0,0.0,5.954840459801967,0.0,0.0,0.0,5.954840459801967,0.0,0.0,8.149757258459449,0.0,0.0,5.954840459801967,0.0,0.0,0.0,7.339187983916088,0.0,0.0,0.0,0.0,0.0,0.0,0.0,5.954840459801967,0.0,0.0,0.0,0.0
2426,0.0,0.0,0.0,0.0,0.0,0.0,0.0,0.0,0.0,0.0,0.0,0.0,0.0,0.0,0.0,0.0,0.0,0.0,0.0,0.0,0.0,6.7266330027636645,0.0,0.0,0.0,0.0,0.0,7.824445930877619,7.1316985104669115,0.0,0.0,6.034683666227958,0.0,6.034683666227958,0.0,0.0,7.978539489064328,0.0,0.0,7.1316985104669115,0.0,0.0,0.0,0.0,0.0,0.0,0.0,0.0,0.0,6.034683666227958,0.0,0.0,0.0,0.0,0.0,0.0,0.0,0.0,0.0
2452,0.0,0.0,7.07112384743449,0.0,0.0,0.0,0.0,0.0,0.0,0.0,0.0,0.0,0.0,0.0,0.0,0.0,0.0,0.0,0.0,0.0,0.0,0.0,0.0,0.0,0.0,0.0,0.0,7.07112384743449,6.378825584555548,0.0,0.0,0.0,0.0,0.0,0.0,0.0,8.169169790350047,6.378825584555548,0.0,7.294097528698879,0.0,0.0,0.0,0.0,0.0,0.0,5.687374080428037,0.0,0.0,6.378825584555548,0.0,0.0,0.0,0.0,0.0,0.0,6.378825584555548,0.0,0.0
2453,0.0,0.0,0.0,0.0,0.0,0.0,0.0,0.0,0.0,0.0,0.0,0.0,0.0,0.0,0.0,0.0,0.0,0.0,0.0,0.0,0.0,0.0,0.0,0.0,0.0,0.0,0.0,0.0,6.813544494621113,0.0,0.0,0.0,0.0,6.121495502161354,0.0,0.0,8.892024131405389,0.0,0.0,0.0,0.0,0.0,0.0,0.0,0.0,0.0,6.121495502161354,0.0,0.0,6.121495502161354,0.0,0.0,0.0,0.0,6.121495502161354,0.0,0.0,0.0,0.0
2471,0.0,0.0,6.167915732334905,0.0,0.0,0.0,0.0,0.0,0.0,0.0,0.0,0.0,0.0,0.0,0.0,0.0,0.0,0.0,0.0,0.0,0.0,6.860014563948276,0.0,0.0,0.0,0.0,0.0,6.860014563948276,7.552637157608365,0.0,0.0,0.0,0.0,7.552637157608365,0.0,0.0,6.167915732334905,6.860014563948276,0.0,7.775675758511548,0.0,0.0,0.0,0.0,0.0,0.0,0.0,0.0,0.0,0.0,0.0,0.0,0.0,0.0,0.0,0.0,0.0,0.0,0.0
2473,0.0,0.0,5.917199867519596,0.0,0.0,0.0,0.0,0.0,0.0,0.0,0.0,0.0,0.0,0.0,6.608999776101094,0.0,0.0,0.0,0.0,0.0,0.0,5.917199867519596,0.0,0.0,5.917199867519596,0.0,0.0,6.608999776101094,7.0140153898827995,0.0,0.0,6.608999776101094,6.608999776101094,5.917199867519596,0.0,0.0,7.994282490711376,0.0,0.0,7.0140153898827995,0.0,0.0,0.0,0.0,0.0,0.0,0.0,0.0,0.0,0.0,0.0,0.0,0.0,0.0,5.917199867519596,0.0,0.0,0.0,0.0
2485,0.0,0.0,0.0,0.0,0.0,0.0,0.0,0.0,0.0,0.0,0.0,0.0,0.0,0.0,0.0,0.0,0.0,0.0,0.0,0.0,0.0,0.0,0.0,0.0,0.0,0.0,0.0,6.90875477931522,6.90875477931522,0.0,0.0,0.0,0.0,6.2166061010848646,6.2166061010848646,0.0,6.90875477931522,0.0,0.0,8.517393171418904,0.0,0.0,6.2166061010848646,0.0,0.0,0.0,0.0,0.0,0.0,0.0,0.0,0.0,0.0,0.0,6.2166061010848646,0.0,0.0,0.0,0.0
2519,0.0,0.0,0.0,0.0,5.717127377459133,0.0,0.0,0.0,0.0,0.0,0.0,0.0,0.0,0.0,0.0,0.0,0.0,0.0,0.0,0.0,0.0,5.717127377459133,0.0,0.0,0.0,0.0,0.0,7.506142128543193,6.813544494621113,0.0,0.0,0.0,0.0,6.408628631315172,5.717127377459133,0.0,8.199014422492134,0.0,0.0,6.813544494621113,0.0,0.0,0.0,0.0,0.0,0.0,5.717127377459133,0.0,0.0,6.813544494621113,0.0,0.0,0.0,0.0,0.0,0.0,0.0,0.0,0.0
2521,0.0,0.0,0.0,0.0,0.0,0.0,0.0,0.0,0.0,0.0,0.0,0.0,0.0,0.0,0.0,0.0,0.0,0.0,0.0,0.0,0.0,6.90875477931522,0.0,0.0,0.0,0.0,0.0,6.90875477931522,7.313886831633462,0.0,0.0,0.0,0.0,0.0,0.0,0.0,8.160803920954665,0.0,0.0,6.90875477931522,0.0,0.0,0.0,0.0,0.0,6.90875477931522,6.2166061010848646,0.0,0.0,6.2166061010848646,0.0,0.0,0.0,0.0,0.0,0.0,0.0,0.0,0.0
2545,0.0,0.0,0.0,0.0,0.0,0.0,0.0,0.0,0.0,0.0,0.0,0.0,0.0,0.0,0.0,0.0,0.0,6.2166061010848646,0.0,0.0,0.0,7.313886831633462,0.0,0.0,0.0,0.0,0.0,0.0,6.2166061010848646,0.0,0.0,7.313886831633462,0.0,6.2166061010848646,0.0,0.0,6.2166061010848646,6.2166061010848646,0.0,6.2166061010848646,0.0,0.0,0.0,0.0,0.0,0.0,7.824445930877619,0.0,0.0,6.2166061010848646,0.0,0.0,0.0,0.0,0.0,0.0,6.90875477931522,0.0,0.0
2555,0.0,0.0,0.0,0.0,8.160803920954665,7.824445930877619,0.0,0.0,0.0,6.2166061010848646,0.0,0.0,0.0,0.0,0.0,0.0,0.0,0.0,0.0,0.0,0.0,0.0,6.90875477931522,0.0,0.0,0.0,0.0,0.0,0.0,0.0,0.0,0.0,0.0,0.0,0.0,0.0,0.0,0.0,0.0,0.0,0.0,0.0,0.0,0.0,0.0,6.2166061010848646,0.0,0.0,6.90875477931522,0.0,6.2166061010848646,0.0,0.0,0.0,0.0,0.0,0.0,0.0,6.2166061010848646
2584,0.0,0.0,0.0,0.0,0.0,0.0,0.0,0.0,0.0,0.0,0.0,0.0,0.0,0.0,0.0,0.0,0.0,6.90875477931522,0.0,0.0,0.0,6.2166061010848646,0.0,0.0,0.0,0.0,0.0,6.90875477931522,0.0,6.2166061010848646,0.0,7.601402334583733,6.2166061010848646,6.90875477931522,0.0,6.2166061010848646,0.0,0.0,0.0,6.2166061010848646,0.0,0.0,0.0,0.0,0.0,6.2166061010848646,6.90875477931522,0.0,0.0,0.0,0.0,0.0,0.0,0.0,0.0,6.2166061010848646,0.0,6.2166061010848646,0.0
2610,0.0,0.0,0.0,0.0,0.0,0.0,0.0,0.0,0.0,0.0,0.0,0.0,0.0,0.0,0.0,0.0,0.0,5.993961427306569,0.0,0.0,0.0,7.0909098220799835,0.0,0.0,0.0,0.0,0.0,7.3783837129967145,0.0,0.0,0.0,5.993961427306569,5.993961427306569,0.0,0.0,0.0,8.38958706681109,0.0,0.0,7.3783837129967145,0.0,0.0,0.0,0.0,0.0,0.0,0.0,0.0,0.0,0.0,0.0,0.0,0.0,0.0,0.0,0.0,0.0,0.0,0.0
2611,0.0,0.0,0.0,0.0,0.0,0.0,0.0,0.0,0.0,0.0,0.0,0.0,6.121495502161354,0.0,0.0,0.0,0.0,0.0,0.0,0.0,0.0,0.0,0.0,0.0,0.0,0.0,0.0,6.121495502161354,6.813544494621113,0.0,0.0,0.0,6.813544494621113,0.0,0.0,0.0,8.517393171418904,0.0,0.0,7.729175734280353,0.0,0.0,0.0,0.0,0.0,0.0,0.0,0.0,0.0,0.0,0.0,0.0,0.0,0.0,0.0,0.0,0.0,0.0,0.0
2686,0.0,0.0,0.0,0.0,0.0,0.0,0.0,0.0,0.0,0.0,0.0,0.0,0.0,0.0,0.0,0.0,0.0,6.19196338744912,0.0,0.0,0.0,6.19196338744912,5.5008599231751285,0.0,0.0,0.0,0.0,6.884087141437953,7.289210874467346,0.0,0.0,5.5008599231751285,0.0,5.5008599231751285,5.5008599231751285,0.0,8.4414230506328,0.0,0.0,5.5008599231751285,0.0,0.0,0.0,0.0,0.0,0.0,0.0,0.0,0.0,6.596746327567768,0.0,0.0,0.0,0.0,0.0,0.0,0.0,0.0,0.0
2687,0.0,0.0,0.0,0.0,0.0,0.0,6.2166061010848646,0.0,0.0,0.0,0.0,0.0,0.0,0.0,0.0,0.0,0.0,0.0,0.0,0.0,0.0,6.2166061010848646,0.0,0.0,0.0,0.0,0.0,6.90875477931522,6.2166061010848646,0.0,0.0,0.0,0.0,6.2166061010848646,0.0,0.0,8.294299608857235,0.0,0.0,8.006700845440367,0.0,0.0,0.0,0.0,0.0,0.0,0.0,0.0,0.0,0.0,0.0,0.0,0.0,0.0,0.0,0.0,0.0,0.0,0.0
2689,0.0,0.0,0.0,0.0,0.0,0.0,0.0,0.0,0.0,0.0,0.0,0.0,0.0,0.0,0.0,0.0,0.0,0.0,0.0,0.0,0.0,6.167915732334905,0.0,0.0,0.0,0.0,0.0,7.775675758511548,6.167915732334905,0.0,0.0,0.0,0.0,6.167915732334905,0.0,0.0,8.2455219414855,0.0,0.0,7.775675758511548,0.0,0.0,0.0,0.0,0.0,0.0,0.0,0.0,0.0,0.0,0.0,0.0,0.0,0.0,0.0,0.0,0.0,0.0,0.0
2703,0.0,0.0,0.0,0.0,0.0,0.0,0.0,0.0,0.0,0.0,0.0,0.0,0.0,0.0,0.0,0.0,0.0,0.0,0.0,0.0,0.0,0.0,0.0,0.0,0.0,0.0,0.0,6.90875477931522,7.313886831633462,0.0,0.0,0.0,0.0,0.0,0.0,0.0,8.412054873292933,0.0,0.0,7.313886831633462,0.0,0.0,0.0,0.0,0.0,0.0,7.313886831633462,0.0,0.0,0.0,0.0,0.0,0.0,0.0,0.0,0.0,0.0,0.0,0.0
2747,0.0,0.0,0.0,0.0,0.0,0.0,0.0,0.0,0.0,0.0,0.0,0.0,0.0,0.0,0.0,0.0,0.0,0.0,0.0,0.0,0.0,0.0,0.0,0.0,0.0,0.0,0.0,7.601402334583733,7.824445930877619,0.0,0.0,0.0,0.0,0.0,0.0,0.0,8.294299608857235,0.0,0.0,7.313886831633462,0.0,0.0,0.0,0.0,0.0,0.0,0.0,0.0,0.0,0.0,0.0,0.0,0.0,0.0,0.0,0.0,0.0,0.0,0.0
2749,0.0,0.0,0.0,0.0,0.0,0.0,0.0,0.0,0.0,0.0,0.0,0.0,0.0,0.0,0.0,0.0,0.0,0.0,0.0,0.0,0.0,0.0,0.0,0.0,0.0,0.0,0.0,6.646690170246266,5.954840459801967,0.0,0.0,0.0,0.0,0.0,0.0,0.0,8.517393171418904,6.646690170246266,0.0,7.562201611235652,0.0,0.0,0.0,0.0,0.0,5.954840459801967,5.954840459801967,0.0,0.0,0.0,0.0,0.0,0.0,0.0,0.0,0.0,5.954840459801967,0.0,0.0
2801,0.0,0.0,0.0,0.0,0.0,0.0,0.0,0.0,0.0,0.0,0.0,0.0,0.0,0.0,0.0,0.0,0.0,0.0,0.0,0.0,0.0,6.077143515095717,0.0,0.0,0.0,0.0,0.0,6.7691426758635,6.077143515095717,0.0,0.0,0.0,0.0,6.077143515095717,0.0,0.0,8.63997242093645,0.0,0.0,7.461715351917766,0.0,0.0,0.0,0.0,0.0,0.0,0.0,0.0,0.0,0.0,0.0,0.0,0.0,0.0,6.077143515095717,0.0,0.0,0.0,0.0
2802,0.0,0.0,0.0,0.0,0.0,0.0,0.0,0.0,0.0,0.0,0.0,0.0,0.0,0.0,0.0,0.0,0.0,0.0,0.0,0.0,0.0,5.88093194910298,0.0,0.0,0.0,0.0,0.0,6.977681048517689,7.265129978035143,0.0,0.0,5.88093194910298,0.0,6.572682063274631,0.0,0.0,8.443300580685964,0.0,0.0,5.88093194910298,0.0,0.0,0.0,0.0,0.0,0.0,5.88093194910298,0.0,0.0,0.0,0.0,0.0,0.0,0.0,6.572682063274631,0.0,0.0,0.0,0.0
2803,0.0,0.0,0.0,0.0,0.0,0.0,0.0,0.0,0.0,0.0,0.0,0.0,0.0,0.0,0.0,0.0,0.0,0.0,0.0,0.0,0.0,0.0,0.0,0.0,0.0,0.0,0.0,0.0,0.0,0.0,0.0,0.0,0.0,6.2166061010848646,0.0,0.0,8.987321812850125,0.0,0.0,6.90875477931522,0.0,0.0,0.0,0.0,0.0,6.2166061010848646,0.0,0.0,0.0,0.0,0.0,0.0,0.0,0.0,0.0,0.0,0.0,0.0,0.0
2809,0.0,0.0,0.0,0.0,0.0,0.0,0.0,0.0,0.0,0.0,0.0,0.0,0.0,0.0,0.0,0.0,0.0,0.0,0.0,0.0,0.0,6.077143515095717,0.0,0.0,0.0,0.0,0.0,7.174224817643044,6.077143515095717,0.0,0.0,0.0,0.0,0.0,0.0,0.0,8.847578617955772,0.0,0.0,6.7691426758635,0.0,0.0,0.0,0.0,0.0,0.0,0.0,0.0,0.0,0.0,0.0,0.0,0.0,0.0,0.0,0.0,0.0,0.0,0.0
2818,0.0,0.0,0.0,0.0,0.0,0.0,0.0,0.0,0.0,0.0,0.0,0.0,0.0,0.0,0.0,0.0,0.0,6.2166061010848646,0.0,0.0,0.0,0.0,6.2166061010848646,0.0,6.2166061010848646,0.0,0.0,7.601402334583733,0.0,0.0,0.0,7.313886831633462,0.0,0.0,0.0,0.0,6.2166061010848646,6.90875477931522,6.2166061010848646,0.0,0.0,0.0,0.0,0.0,0.0,6.90875477931522,6.2166061010848646,0.0,0.0,0.0,0.0,0.0,0.0,0.0,6.2166061010848646,0.0,6.2166061010848646,0.0,6.2166061010848646
2827,0.0,0.0,0.0,0.0,0.0,0.0,0.0,0.0,0.0,0.0,0.0,0.0,0.0,0.0,0.0,0.0,0.0,0.0,0.0,0.0,0.0,0.0,0.0,0.0,0.0,0.0,0.0,7.7067128739802735,0.0,0.0,0.0,0.0,0.0,0.0,0.0,0.0,8.479660534176022,0.0,0.0,7.7067128739802735,0.0,0.0,0.0,0.0,0.0,0.0,0.0,0.0,0.0,6.608999776101094,0.0,0.0,0.0,0.0,0.0,0.0,0.0,0.0,0.0
2840,0.0,0.0,0.0,0.0,0.0,0.0,0.0,0.0,0.0,0.0,0.0,0.0,0.0,0.0,0.0,0.0,0.0,0.0,0.0,0.0,0.0,0.0,0.0,0.0,0.0,0.0,0.0,7.7067128739802735,5.917199867519596,0.0,0.0,5.917199867519596,5.917199867519596,0.0,0.0,0.0,8.553753674135422,0.0,0.0,7.0140153898827995,0.0,0.0,0.0,0.0,0.0,5.917199867519596,0.0,0.0,0.0,0.0,0.0,0.0,0.0,0.0,0.0,0.0,0.0,0.0,0.0
2843,0.0,0.0,0.0,0.0,6.439350371100098,5.7477993600729755,5.7477993600729755,0.0,0.0,0.0,0.0,0.0,0.0,5.7477993600729755,0.0,0.0,0.0,0.0,0.0,0.0,0.0,0.0,0.0,0.0,5.7477993600729755,0.0,0.0,7.354682176897896,6.439350371100098,0.0,0.0,5.7477993600729755,0.0,0.0,0.0,0.0,8.30979995019326,0.0,0.0,6.439350371100098,0.0,0.0,0.0,0.0,0.0,5.7477993600729755,5.7477993600729755,0.0,0.0,0.0,0.0,5.7477993600729755,0.0,0.0,0.0,0.0,0.0,0.0,0.0
2881,0.0,0.0,0.0,0.0,0.0,0.0,0.0,0.0,0.0,0.0,0.0,0.0,0.0,0.0,0.0,0.0,0.0,0.0,0.0,0.0,0.0,6.167915732334905,0.0,0.0,0.0,0.0,0.0,7.265129978035143,7.265129978035143,6.167915732334905,0.0,0.0,6.167915732334905,0.0,0.0,0.0,8.363275817704324,0.0,0.0,0.0,0.0,0.0,0.0,0.0,0.0,6.167915732334905,0.0,0.0,0.0,6.860014563948276,0.0,0.0,0.0,0.0,0.0,0.0,0.0,0.0,0.0
2886,0.0,0.0,0.0,0.0,0.0,0.0,0.0,0.0,0.0,0.0,0.0,0.0,0.0,0.0,0.0,0.0,0.0,0.0,0.0,0.0,0.0,6.2166061010848646,0.0,0.0,0.0,0.0,0.0,0.0,0.0,0.0,0.0,0.0,0.0,0.0,0.0,0.0,8.922791623969637,0.0,0.0,7.601402334583733,0.0,0.0,0.0,0.0,0.0,0.0,0.0,0.0,0.0,0.0,0.0,0.0,0.0,0.0,0.0,0.0,0.0,0.0,0.0
3009,0.0,0.0,0.0,0.0,0.0,6.90875477931522,0.0,0.0,0.0,0.0,0.0,0.0,0.0,0.0,0.0,0.0,0.0,0.0,0.0,0.0,7.313886831633462,0.0,0.0,0.0,0.0,0.0,0.0,0.0,0.0,0.0,0.0,0.0,0.0,0.0,7.824445930877619,0.0,6.2166061010848646,0.0,6.2166061010848646,0.0,0.0,0.0,0.0,6.90875477931522,6.2166061010848646,0.0,0.0,0.0,7.313886831633462,0.0,6.2166061010848646,0.0,0.0,0.0,0.0,6.2166061010848646,0.0,0.0,0.0
3011,0.0,0.0,0.0,0.0,0.0,0.0,0.0,0.0,0.0,0.0,0.0,0.0,0.0,0.0,0.0,0.0,0.0,0.0,0.0,0.0,0.0,5.88093194910298,0.0,0.0,0.0,0.0,0.0,6.977681048517689,6.977681048517689,0.0,0.0,5.88093194910298,0.0,0.0,0.0,0.0,8.586372712149801,0.0,0.0,6.977681048517689,0.0,0.0,0.0,0.0,0.0,0.0,5.88093194910298,0.0,0.0,0.0,0.0,0.0,0.0,0.0,0.0,5.88093194910298,0.0,0.0,0.0
3013,0.0,0.0,0.0,0.0,0.0,0.0,0.0,0.0,0.0,0.0,0.0,0.0,0.0,0.0,0.0,0.0,0.0,0.0,0.0,0.0,0.0,6.2166061010848646,0.0,0.0,0.0,0.0,0.0,6.2166061010848646,0.0,0.0,0.0,0.0,0.0,6.90875477931522,0.0,0.0,8.294299608857235,0.0,0.0,7.824445930877619,0.0,0.0,0.0,0.0,6.2166061010848646,0.0,0.0,0.0,0.0,0.0,0.0,6.2166061010848646,0.0,0.0,6.2166061010848646,0.0,0.0,0.0,0.0
3045,0.0,0.0,0.0,0.0,7.856182134112137,6.471049148040832,6.471049148040832,0.0,0.0,0.0,5.779448372398339,5.779448372398339,0.0,0.0,0.0,0.0,0.0,0.0,0.0,5.779448372398339,0.0,0.0,0.0,0.0,6.875998255971096,0.0,0.0,0.0,0.0,0.0,0.0,0.0,0.0,0.0,0.0,0.0,0.0,0.0,0.0,0.0,5.779448372398339,0.0,0.0,0.0,0.0,0.0,0.0,8.174530218767941,0.0,5.779448372398339,0.0,0.0,0.0,0.0,0.0,0.0,0.0,0.0,0.0
3070,0.0,0.0,0.0,0.0,0.0,0.0,0.0,0.0,0.0,0.0,0.0,0.0,0.0,0.0,0.0,0.0,0.0,6.2166061010848646,0.0,0.0,0.0,6.2166061010848646,0.0,0.0,0.0,0.0,0.0,7.313886831633462,0.0,0.0,0.0,7.313886831633462,7.313886831633462,0.0,0.0,0.0,7.601402334583733,0.0,0.0,0.0,0.0,0.0,0.0,0.0,0.0,0.0,6.2166061010848646,0.0,0.0,6.90875477931522,0.0,0.0,0.0,0.0,6.90875477931522,0.0,0.0,0.0,0.0
3101,0.0,0.0,0.0,0.0,0.0,0.0,0.0,5.812138499293826,0.0,0.0,0.0,0.0,0.0,0.0,0.0,0.0,0.0,0.0,0.0,0.0,0.0,0.0,0.0,0.0,0.0,0.0,0.0,7.601402334583733,6.503789046997708,0.0,0.0,0.0,0.0,0.0,0.0,0.0,8.207310953201803,0.0,0.0,6.90875477931522,0.0,0.0,0.0,0.0,5.812138499293826,6.90875477931522,5.812138499293826,0.0,0.0,5.812138499293826,0.0,0.0,0.0,0.0,5.812138499293826,0.0,0.0,0.0,0.0
3104,0.0,0.0,0.0,0.0,0.0,0.0,0.0,0.0,0.0,0.0,0.0,0.0,0.0,0.0,0.0,0.0,0.0,0.0,0.0,0.0,0.0,6.034683666227958,0.0,0.0,0.0,0.0,0.0,7.824445930877619,0.0,0.0,0.0,6.7266330027636645,0.0,6.034683666227958,0.0,0.0,8.430399972446597,6.034683666227958,0.0,6.034683666227958,0.0,0.0,0.0,0.0,0.0,0.0,6.034683666227958,0.0,0.0,0.0,0.0,0.0,0.0,0.0,0.0,0.0,0.0,0.0,0.0
3116,0.0,0.0,0.0,0.0,6.077143515095717,0.0,0.0,0.0,0.0,0.0,0.0,0.0,0.0,0.0,0.0,0.0,0.0,0.0,0.0,0.0,0.0,6.077143515095717,0.0,0.0,0.0,0.0,0.0,6.077143515095717,6.077143515095717,0.0,0.0,0.0,0.0,0.0,0.0,0.0,8.783049678728222,0.0,0.0,6.7691426758635,0.0,0.0,0.0,0.0,0.0,0.0,0.0,0.0,0.0,0.0,6.077143515095717,0.0,0.0,0.0,6.077143515095717,0.0,0.0,0.0,0.0
3126,0.0,0.0,0.0,0.0,0.0,0.0,0.0,0.0,0.0,0.0,0.0,0.0,0.0,0.0,0.0,0.0,0.0,0.0,0.0,0.0,0.0,5.812138499293826,0.0,0.0,0.0,0.0,0.0,6.503789046997708,7.196187070324464,0.0,0.0,5.812138499293826,0.0,0.0,0.0,0.0,7.888959461698937,0.0,0.0,7.7554816189874085,0.0,0.0,0.0,0.0,0.0,6.503789046997708,6.503789046997708,0.0,0.0,5.812138499293826,0.0,0.0,0.0,0.0,5.812138499293826,5.812138499293826,0.0,0.0,0.0
3127,0.0,0.0,0.0,0.0,0.0,0.0,0.0,0.0,0.0,0.0,0.0,0.0,0.0,0.0,0.0,0.0,0.0,6.167915732334905,6.167915732334905,0.0,0.0,0.0,0.0,0.0,0.0,0.0,0.0,0.0,6.167915732334905,0.0,0.0,0.0,0.0,0.0,0.0,0.0,0.0,0.0,0.0,0.0,6.860014563948276,0.0,0.0,0.0,0.0,0.0,0.0,8.938537897880014,0.0,0.0,0.0,0.0,0.0,0.0,0.0,0.0,0.0,0.0,0.0
3152,0.0,0.0,0.0,0.0,0.0,0.0,0.0,0.0,0.0,0.0,0.0,0.0,6.034683666227958,0.0,0.0,0.0,0.0,6.7266330027636645,0.0,0.0,0.0,0.0,0.0,0.0,6.034683666227958,0.0,0.0,6.034683666227958,0.0,0.0,0.0,0.0,6.034683666227958,0.0,0.0,0.0,8.33511160582689,0.0,0.0,0.0,0.0,0.0,0.0,6.034683666227958,0.0,6.034683666227958,6.034683666227958,0.0,0.0,6.034683666227958,0.0,0.0,0.0,0.0,6.7266330027636645,6.034683666227958,6.034683666227958,0.0,0.0
3219,0.0,0.0,0.0,0.0,0.0,0.0,0.0,0.0,0.0,0.0,0.0,0.0,6.167915732334905,0.0,0.0,0.0,0.0,0.0,0.0,0.0,0.0,0.0,0.0,0.0,0.0,0.0,0.0,0.0,6.167915732334905,0.0,0.0,0.0,0.0,0.0,0.0,0.0,8.730928817129902,0.0,0.0,6.860014563948276,6.167915732334905,0.0,0.0,0.0,0.0,0.0,6.167915732334905,0.0,0.0,6.167915732334905,0.0,0.0,0.0,0.0,6.167915732334905,0.0,0.0,0.0,0.0
3254,0.0,0.0,0.0,0.0,0.0,0.0,0.0,0.0,0.0,0.0,0.0,0.0,0.0,0.0,0.0,0.0,0.0,0.0,0.0,0.0,0.0,6.167915732334905,0.0,0.0,0.0,0.0,0.0,0.0,7.775675758511548,0.0,0.0,0.0,0.0,0.0,0.0,0.0,8.363275817704324,6.167915732334905,0.0,6.167915732334905,0.0,0.0,0.0,0.0,0.0,0.0,0.0,0.0,0.0,6.167915732334905,0.0,0.0,0.0,0.0,7.265129978035143,0.0,0.0,0.0,0.0
3358,0.0,0.0,0.0,0.0,0.0,0.0,0.0,0.0,0.0,0.0,0.0,0.0,0.0,0.0,0.0,0.0,0.0,0.0,0.0,0.0,0.0,6.121495502161354,0.0,0.0,0.0,0.0,0.0,0.0,6.813544494621113,0.0,0.0,0.0,0.0,0.0,0.0,0.0,8.95264066606581,0.0,0.0,0.0,0.0,0.0,0.0,0.0,0.0,0.0,6.813544494621113,0.0,0.0,0.0,0.0,0.0,0.0,0.0,0.0,0.0,0.0,0.0,0.0
3387,0.0,0.0,6.077143515095717,0.0,0.0,0.0,0.0,0.0,0.0,0.0,0.0,0.0,0.0,0.0,0.0,0.0,0.0,0.0,0.0,0.0,0.0,0.0,0.0,0.0,0.0,0.0,0.0,6.7691426758635,0.0,7.174224817643044,6.077143515095717,6.7691426758635,6.7691426758635,6.077143515095717,0.0,0.0,7.684743962713568,0.0,0.0,0.0,0.0,0.0,0.0,0.0,0.0,0.0,7.461715351917766,0.0,0.0,0.0,0.0,0.0,0.0,6.077143515095717,6.077143515095717,0.0,0.0,0.0,0.0
3394,0.0,0.0,0.0,0.0,0.0,0.0,0.0,0.0,0.0,0.0,0.0,0.0,0.0,0.0,0.0,0.0,0.0,5.917199867519596,0.0,0.0,0.0,0.0,0.0,0.0,0.0,0.0,0.0,0.0,7.301472639381708,0.0,0.0,5.917199867519596,5.917199867519596,0.0,0.0,0.0,8.479660534176022,0.0,0.0,7.524481272658421,0.0,0.0,0.0,0.0,0.0,0.0,5.917199867519596,0.0,0.0,5.917199867519596,0.0,0.0,0.0,0.0,0.0,0.0,0.0,0.0,0.0
3410,0.0,0.0,0.0,0.0,0.0,6.167915732334905,0.0,0.0,0.0,0.0,0.0,0.0,0.0,0.0,0.0,0.0,0.0,0.0,0.0,0.0,0.0,0.0,0.0,0.0,0.0,0.0,6.167915732334905,7.552637157608365,6.167915732334905,0.0,0.0,0.0,0.0,6.167915732334905,0.0,0.0,7.265129978035143,0.0,0.0,8.11202803831707,0.0,0.0,0.0,0.0,6.167915732334905,6.167915732334905,0.0,0.0,0.0,6.167915732334905,0.0,0.0,0.0,0.0,0.0,0.0,0.0,0.0,0.0
3415,0.0,0.0,0.0,0.0,0.0,0.0,0.0,0.0,0.0,0.0,0.0,0.0,0.0,0.0,0.0,0.0,0.0,0.0,0.0,0.0,0.0,0.0,0.0,0.0,0.0,0.0,0.0,0.0,7.196187070324464,0.0,0.0,0.0,5.812138499293826,0.0,0.0,0.0,8.448414582687667,0.0,0.0,7.888959461698937,0.0,0.0,0.0,0.0,5.812138499293826,5.812138499293826,5.812138499293826,0.0,0.0,0.0,0.0,0.0,0.0,0.0,0.0,0.0,0.0,0.0,0.0
3432,0.0,0.0,0.0,0.0,0.0,0.0,0.0,0.0,0.0,0.0,0.0,0.0,6.167915732334905,0.0,0.0,0.0,0.0,0.0,0.0,0.0,0.0,6.167915732334905,0.0,0.0,0.0,0.0,0.0,6.860014563948276,6.167915732334905,0.0,0.0,0.0,0.0,0.0,0.0,0.0,8.730928817129902,6.167915732334905,0.0,0.0,0.0,0.0,0.0,0.0,0.0,0.0,0.0,0.0,0.0,6.167915732334905,0.0,0.0,0.0,0.0,0.0,6.167915732334905,0.0,0.0,0.0
3468,0.0,0.0,0.0,0.0,0.0,0.0,0.0,0.0,0.0,0.0,0.0,0.0,6.077143515095717,0.0,0.0,0.0,0.0,0.0,0.0,0.0,0.0,6.077143515095717,0.0,0.0,0.0,0.0,0.0,6.7691426758635,6.077143515095717,0.0,0.0,0.0,0.0,0.0,0.0,0.0,8.472950497898037,0.0,0.0,7.461715351917766,0.0,0.0,0.0,0.0,0.0,0.0,6.077143515095717,0.0,0.0,6.077143515095717,0.0,0.0,0.0,0.0,0.0,0.0,0.0,6.077143515095717,0.0
3524,0.0,0.0,0.0,0.0,0.0,0.0,0.0,0.0,0.0,0.0,0.0,0.0,0.0,0.0,0.0,0.0,0.0,0.0,0.0,0.0,0.0,0.0,0.0,0.0,0.0,0.0,0.0,7.0909098220799835,0.0,0.0,0.0,6.68586094706836,0.0,0.0,0.0,0.0,8.699681400989514,0.0,0.0,7.601402334583733,0.0,0.0,0.0,0.0,0.0,0.0,0.0,0.0,0.0,0.0,0.0,0.0,0.0,0.0,0.0,0.0,0.0,0.0,0.0
3534,0.0,0.0,0.0,0.0,0.0,0.0,0.0,0.0,0.0,0.0,0.0,0.0,0.0,0.0,0.0,0.0,0.0,0.0,0.0,0.0,0.0,0.0,0.0,0.0,0.0,0.0,0.0,5.993961427306569,6.68586094706836,0.0,0.0,0.0,0.0,5.993961427306569,0.0,0.0,8.556606193773073,0.0,0.0,7.937731775260109,0.0,0.0,0.0,0.0,0.0,0.0,0.0,0.0,0.0,5.993961427306569,0.0,0.0,0.0,0.0,0.0,0.0,0.0,0.0,0.0
3579,0.0,0.0,0.0,0.0,0.0,0.0,0.0,0.0,0.0,0.0,0.0,0.0,0.0,0.0,0.0,0.0,0.0,6.121495502161354,0.0,6.121495502161354,0.0,6.121495502161354,0.0,0.0,0.0,0.0,0.0,6.813544494621113,7.729175734280353,0.0,0.0,0.0,6.121495502161354,6.121495502161354,0.0,0.0,6.813544494621113,0.0,0.0,7.911423987306794,0.0,0.0,0.0,0.0,0.0,0.0,0.0,0.0,0.0,6.121495502161354,0.0,0.0,0.0,0.0,6.121495502161354,0.0,0.0,0.0,0.0
3594,0.0,0.0,0.0,0.0,0.0,0.0,0.0,0.0,0.0,0.0,0.0,0.0,6.077143515095717,0.0,0.0,0.0,0.0,0.0,0.0,0.0,0.0,0.0,0.0,0.0,0.0,0.0,0.0,6.077143515095717,6.077143515095717,0.0,0.0,0.0,0.0,0.0,0.0,0.0,8.63997242093645,0.0,0.0,7.86698888515497,0.0,0.0,0.0,0.0,0.0,0.0,6.077143515095717,0.0,0.0,0.0,0.0,0.0,0.0,0.0,0.0,0.0,0.0,0.0,0.0
3634,0.0,0.0,0.0,0.0,0.0,0.0,0.0,0.0,0.0,0.0,0.0,0.0,0.0,0.0,0.0,0.0,0.0,0.0,0.0,0.0,0.0,5.7477993600729755,0.0,0.0,0.0,0.0,0.0,6.439350371100098,6.844282856026563,0.0,0.0,5.7477993600729755,0.0,0.0,0.0,0.0,8.740496729931813,0.0,0.0,6.844282856026563,0.0,0.0,0.0,0.0,0.0,0.0,0.0,0.0,0.0,5.7477993600729755,0.0,0.0,5.7477993600729755,0.0,0.0,0.0,0.0,0.0,0.0
3638,0.0,0.0,0.0,0.0,0.0,0.0,0.0,0.0,0.0,0.0,0.0,0.0,0.0,0.0,0.0,0.0,0.0,0.0,0.0,0.0,0.0,6.875998255971096,0.0,0.0,0.0,0.0,0.0,7.1634222284534985,6.471049148040832,0.0,0.0,0.0,0.0,0.0,0.0,0.0,8.174530218767941,0.0,0.0,7.722706075656924,0.0,0.0,0.0,0.0,0.0,0.0,5.779448372398339,0.0,0.0,6.471049148040832,0.0,0.0,0.0,0.0,5.779448372398339,0.0,0.0,0.0,0.0
3695,0.0,0.0,0.0,0.0,0.0,0.0,0.0,0.0,0.0,0.0,0.0,0.0,0.0,0.0,0.0,0.0,0.0,0.0,0.0,0.0,0.0,0.0,0.0,0.0,0.0,0.0,0.0,5.845940345101734,0.0,0.0,0.0,0.0,0.0,0.0,0.0,0.0,8.978664836927088,0.0,0.0,6.537640672314758,5.845940345101734,0.0,0.0,0.0,0.0,5.845940345101734,5.845940345101734,0.0,0.0,0.0,0.0,0.0,0.0,0.0,0.0,0.0,0.0,0.0,0.0
3699,0.0,0.0,0.0,0.0,0.0,0.0,0.0,0.0,0.0,0.0,0.0,0.0,0.0,0.0,0.0,0.0,0.0,0.0,0.0,0.0,0.0,0.0,0.0,0.0,0.0,0.0,0.0,6.7691426758635,0.0,0.0,0.0,0.0,0.0,6.077143515095717,0.0,0.0,8.965345683558091,0.0,0.0,0.0,0.0,0.0,0.0,0.0,6.077143515095717,0.0,6.077143515095717,0.0,0.0,0.0,0.0,0.0,0.0,0.0,0.0,0.0,0.0,0.0,0.0
3715,0.0,0.0,5.954840459801967,0.0,0.0,0.0,0.0,0.0,0.0,0.0,0.0,0.0,0.0,0.0,0.0,0.0,0.0,0.0,0.0,0.0,0.0,0.0,0.0,0.0,0.0,0.0,0.0,7.051722413950769,6.646690170246266,0.0,0.0,0.0,0.0,5.954840459801967,5.954840459801967,0.0,7.898525342618926,0.0,0.0,8.032010322833477,0.0,0.0,0.0,0.0,0.0,0.0,0.0,0.0,0.0,5.954840459801967,0.0,0.0,0.0,0.0,0.0,5.954840459801967,5.954840459801967,0.0,0.0
3727,0.0,0.0,0.0,0.0,0.0,0.0,0.0,0.0,0.0,0.0,0.0,0.0,0.0,0.0,0.0,0.0,0.0,0.0,0.0,0.0,0.0,6.2166061010848646,0.0,0.0,0.0,0.0,0.0,7.313886831633462,7.601402334583733,0.0,0.0,0.0,0.0,0.0,0.0,0.0,8.294299608857235,0.0,0.0,7.601402334583733,0.0,0.0,0.0,0.0,0.0,0.0,0.0,0.0,0.0,0.0,0.0,0.0,0.0,0.0,0.0,0.0,0.0,0.0,0.0
3728,0.0,0.0,0.0,0.0,0.0,0.0,0.0,0.0,0.0,0.0,0.0,0.0,0.0,0.0,0.0,0.0,0.0,0.0,0.0,0.0,0.0,6.7691426758635,0.0,0.0,0.0,0.0,0.0,0.0,6.7691426758635,0.0,0.0,6.077143515095717,0.0,0.0,0.0,0.0,8.908194785069472,0.0,0.0,0.0,0.0,0.0,0.0,0.0,0.0,0.0,0.0,0.0,0.0,0.0,0.0,0.0,0.0,0.0,6.077143515095717,0.0,0.0,0.0,0.0
3729,0.0,0.0,0.0,0.0,0.0,0.0,0.0,0.0,0.0,0.0,0.0,0.0,0.0,0.0,0.0,0.0,0.0,0.0,0.0,0.0,0.0,0.0,0.0,0.0,0.0,0.0,0.0,0.0,6.813544494621113,0.0,0.0,0.0,0.0,0.0,0.0,0.0,9.063852680554907,0.0,0.0,6.121495502161354,0.0,0.0,0.0,0.0,0.0,0.0,0.0,0.0,0.0,0.0,0.0,0.0,0.0,0.0,0.0,0.0,0.0,0.0,0.0
3731,0.0,0.0,6.121495502161354,0.0,0.0,0.0,0.0,0.0,6.121495502161354,0.0,0.0,0.0,0.0,0.0,0.0,0.0,0.0,0.0,0.0,0.0,0.0,0.0,0.0,0.0,0.0,0.0,0.0,0.0,6.813544494621113,0.0,0.0,0.0,0.0,0.0,0.0,0.0,8.758512378744623,6.121495502161354,0.0,6.813544494621113,0.0,0.0,0.0,0.0,0.0,0.0,0.0,0.0,0.0,0.0,0.0,0.0,0.0,0.0,0.0,0.0,6.121495502161354,0.0,0.0
3807,0.0,0.0,0.0,0.0,0.0,0.0,0.0,0.0,0.0,0.0,0.0,0.0,0.0,0.0,0.0,0.0,0.0,5.88093194910298,0.0,0.0,0.0,0.0,0.0,0.0,0.0,0.0,0.0,5.88093194910298,0.0,0.0,0.0,5.88093194910298,0.0,0.0,0.0,0.0,8.874008125555884,0.0,0.0,7.265129978035143,0.0,0.0,0.0,0.0,0.0,5.88093194910298,0.0,0.0,0.0,0.0,0.0,0.0,0.0,0.0,0.0,0.0,0.0,0.0,0.0
3834,0.0,0.0,0.0,0.0,0.0,0.0,0.0,0.0,0.0,0.0,0.0,0.0,0.0,0.0,0.0,0.0,0.0,0.0,0.0,0.0,0.0,0.0,0.0,0.0,0.0,0.0,0.0,7.506142128543193,0.0,6.121495502161354,0.0,7.218643271861805,0.0,0.0,0.0,0.0,7.506142128543193,0.0,6.121495502161354,0.0,0.0,0.0,0.0,0.0,0.0,7.218643271861805,6.813544494621113,0.0,0.0,0.0,6.121495502161354,0.0,0.0,0.0,6.813544494621113,0.0,0.0,0.0,6.121495502161354
3844,0.0,0.0,0.0,0.0,0.0,0.0,0.0,0.0,0.0,0.0,0.0,0.0,0.0,0.0,0.0,0.0,0.0,0.0,0.0,0.0,0.0,0.0,0.0,0.0,0.0,0.0,0.0,6.077143515095717,7.174224817643044,0.0,0.0,0.0,0.0,0.0,0.0,0.0,8.63997242093645,0.0,0.0,7.174224817643044,0.0,0.0,0.0,0.0,0.0,0.0,6.077143515095717,0.0,0.0,6.7691426758635,0.0,0.0,0.0,0.0,0.0,0.0,0.0,0.0,0.0
3889,0.0,0.0,0.0,0.0,0.0,0.0,0.0,0.0,0.0,0.0,0.0,0.0,0.0,0.0,0.0,0.0,0.0,0.0,0.0,0.0,0.0,0.0,0.0,0.0,0.0,0.0,0.0,0.0,0.0,0.0,0.0,0.0,0.0,6.121495502161354,0.0,0.0,9.115140186122302,0.0,0.0,6.121495502161354,0.0,0.0,0.0,0.0,0.0,0.0,0.0,0.0,0.0,0.0,0.0,0.0,0.0,0.0,0.0,0.0,0.0,0.0,0.0
3900,0.0,0.0,0.0,0.0,7.601402334583733,8.006700845440367,6.2166061010848646,0.0,0.0,6.2166061010848646,0.0,0.0,0.0,0.0,0.0,0.0,0.0,6.90875477931522,0.0,0.0,0.0,0.0,6.2166061010848646,0.0,0.0,0.0,0.0,0.0,0.0,0.0,0.0,0.0,0.0,6.2166061010848646,0.0,0.0,0.0,0.0,0.0,6.2166061010848646,0.0,0.0,0.0,0.0,0.0,0.0,6.90875477931522,0.0,0.0,0.0,6.2166061010848646,0.0,0.0,0.0,0.0,0.0,0.0,0.0,0.0
3913,0.0,0.0,0.0,0.0,0.0,0.0,0.0,0.0,0.0,0.0,0.0,0.0,0.0,0.0,0.0,0.0,0.0,6.121495502161354,0.0,0.0,0.0,0.0,0.0,0.0,0.0,0.0,0.0,6.121495502161354,7.218643271861805,0.0,0.0,0.0,6.121495502161354,0.0,0.0,0.0,8.827494775632239,0.0,0.0,6.121495502161354,0.0,0.0,0.0,0.0,0.0,0.0,0.0,0.0,0.0,0.0,0.0,0.0,0.0,0.0,0.0,0.0,0.0,0.0,0.0
3930,0.0,0.0,0.0,0.0,0.0,0.0,0.0,0.0,0.0,0.0,0.0,0.0,0.0,0.0,0.0,0.0,0.0,6.121495502161354,0.0,0.0,0.0,0.0,0.0,0.0,0.0,0.0,0.0,7.911423987306794,6.121495502161354,0.0,0.0,6.121495502161354,0.0,0.0,0.0,0.0,7.911423987306794,0.0,0.0,7.218643271861805,0.0,0.0,0.0,0.0,0.0,0.0,6.813544494621113,0.0,0.0,6.121495502161354,0.0,0.0,0.0,0.0,6.121495502161354,0.0,0.0,0.0,0.0
3956,0.0,0.0,0.0,0.0,0.0,0.0,0.0,0.0,0.0,0.0,0.0,0.0,6.7691426758635,0.0,0.0,0.0,0.0,6.077143515095717,0.0,0.0,0.0,0.0,0.0,0.0,0.0,0.0,0.0,7.86698888515497,0.0,6.077143515095717,6.077143515095717,6.077143515095717,0.0,0.0,0.0,6.7691426758635,0.0,0.0,0.0,0.0,0.0,0.0,0.0,0.0,0.0,6.7691426758635,7.684743962713568,0.0,0.0,0.0,0.0,0.0,0.0,0.0,6.7691426758635,0.0,0.0,0.0,0.0
4054,0.0,0.0,0.0,0.0,0.0,0.0,0.0,0.0,0.0,0.0,0.0,0.0,0.0,0.0,0.0,0.0,0.0,0.0,0.0,0.0,0.0,6.646690170246266,0.0,0.0,0.0,0.0,0.0,6.646690170246266,5.954840459801967,0.0,0.0,5.954840459801967,5.954840459801967,5.954840459801967,0.0,0.0,8.517393171418904,0.0,0.0,7.051722413950769,0.0,0.0,0.0,0.0,0.0,0.0,0.0,0.0,0.0,5.954840459801967,0.0,0.0,0.0,0.0,5.954840459801967,0.0,0.0,0.0,0.0
4055,0.0,0.0,0.0,0.0,0.0,0.0,0.0,0.0,0.0,0.0,0.0,0.0,0.0,0.0,0.0,0.0,0.0,6.121495502161354,0.0,0.0,0.0,7.218643271861805,0.0,0.0,0.0,0.0,0.0,0.0,0.0,0.0,0.0,6.121495502161354,0.0,0.0,0.0,0.0,8.827494775632239,0.0,0.0,6.813544494621113,0.0,0.0,0.0,0.0,0.0,0.0,0.0,0.0,0.0,0.0,0.0,0.0,0.0,0.0,0.0,0.0,0.0,0.0,0.0
4056,0.0,0.0,0.0,0.0,0.0,0.0,0.0,0.0,0.0,0.0,0.0,0.0,0.0,0.0,0.0,0.0,0.0,0.0,0.0,0.0,0.0,6.167915732334905,0.0,0.0,0.0,0.0,0.0,8.2455219414855,0.0,0.0,0.0,0.0,0.0,6.167915732334905,0.0,0.0,8.2455219414855,0.0,0.0,7.265129978035143,0.0,0.0,0.0,0.0,0.0,0.0,0.0,0.0,0.0,0.0,0.0,0.0,0.0,0.0,0.0,0.0,0.0,0.0,0.0
4122,0.0,0.0,0.0,0.0,0.0,0.0,0.0,0.0,0.0,0.0,0.0,0.0,0.0,0.0,0.0,0.0,0.0,0.0,0.0,0.0,0.0,6.167915732334905,0.0,0.0,0.0,0.0,0.0,7.265129978035143,6.860014563948276,0.0,0.0,0.0,6.167915732334905,6.167915732334905,0.0,0.0,8.11202803831707,0.0,0.0,7.552637157608365,0.0,0.0,0.0,0.0,0.0,0.0,0.0,0.0,0.0,6.167915732334905,0.0,0.0,0.0,0.0,0.0,6.167915732334905,0.0,0.0,0.0
4133,0.0,0.0,5.5254529391317835,0.0,0.0,0.0,0.0,0.0,0.0,0.0,0.0,0.0,0.0,0.0,0.0,0.0,0.0,0.0,0.0,0.0,0.0,5.5254529391317835,0.0,0.0,0.0,0.0,0.0,6.2166061010848646,7.1316985104669115,0.0,0.0,6.2166061010848646,5.5254529391317835,5.5254529391317835,0.0,5.5254529391317835,8.412054873292933,0.0,0.0,7.1316985104669115,0.0,0.0,0.0,0.0,0.0,0.0,0.0,0.0,0.0,5.5254529391317835,0.0,0.0,0.0,0.0,0.0,0.0,6.2166061010848646,0.0,0.0
4136,0.0,0.0,0.0,0.0,5.954840459801967,5.954840459801967,0.0,0.0,0.0,0.0,0.0,0.0,0.0,0.0,0.0,0.0,0.0,0.0,0.0,0.0,0.0,0.0,0.0,0.0,0.0,0.0,0.0,7.562201611235652,5.954840459801967,0.0,0.0,5.954840459801967,5.954840459801967,0.0,0.0,0.0,8.660467353369757,0.0,0.0,5.954840459801967,0.0,0.0,0.0,0.0,0.0,0.0,0.0,0.0,0.0,0.0,0.0,0.0,0.0,0.0,0.0,0.0,0.0,0.0,0.0
4141,0.0,0.0,0.0,6.077143515095717,0.0,0.0,0.0,0.0,0.0,0.0,0.0,0.0,0.0,0.0,0.0,0.0,0.0,6.7691426758635,0.0,0.0,0.0,0.0,0.0,0.0,0.0,0.0,0.0,7.174224817643044,0.0,6.7691426758635,6.077143515095717,7.174224817643044,6.7691426758635,6.7691426758635,0.0,0.0,0.0,0.0,0.0,0.0,0.0,0.0,0.0,0.0,0.0,6.077143515095717,7.684743962713568,0.0,0.0,0.0,0.0,0.0,0.0,0.0,6.077143515095717,0.0,0.0,0.0,0.0
4200,0.0,0.0,0.0,0.0,0.0,0.0,0.0,0.0,0.0,0.0,0.0,0.0,0.0,0.0,0.0,0.0,0.0,0.0,0.0,0.0,0.0,0.0,0.0,0.0,0.0,0.0,0.0,0.0,0.0,0.0,0.0,0.0,0.0,6.2166061010848646,0.0,0.0,8.77971129020447,0.0,0.0,7.313886831633462,0.0,0.0,0.0,0.0,0.0,0.0,6.90875477931522,0.0,0.0,6.2166061010848646,0.0,0.0,0.0,0.0,0.0,0.0,0.0,0.0,0.0
4214,0.0,0.0,0.0,0.0,0.0,0.0,0.0,0.0,0.0,0.0,0.0,0.0,0.0,0.0,0.0,0.0,0.0,6.2166061010848646,0.0,0.0,0.0,6.2166061010848646,0.0,0.0,6.2166061010848646,6.2166061010848646,0.0,7.313886831633462,7.601402334583733,0.0,0.0,0.0,0.0,6.90875477931522,0.0,0.0,0.0,0.0,0.0,0.0,0.0,0.0,7.313886831633462,0.0,6.2166061010848646,0.0,6.2166061010848646,0.0,0.0,6.90875477931522,0.0,0.0,0.0,0.0,0.0,0.0,0.0,0.0,0.0
4238,0.0,0.0,0.0,0.0,0.0,0.0,0.0,0.0,0.0,0.0,0.0,0.0,0.0,0.0,0.0,0.0,0.0,0.0,0.0,0.0,0.0,0.0,0.0,0.0,0.0,0.0,0.0,6.90875477931522,6.90875477931522,0.0,0.0,0.0,0.0,0.0,0.0,0.0,8.805025252619144,0.0,0.0,6.90875477931522,0.0,0.0,0.0,0.0,0.0,0.0,0.0,0.0,0.0,5.812138499293826,0.0,0.0,0.0,0.0,0.0,0.0,0.0,0.0,0.0
4239,0.0,0.0,0.0,0.0,0.0,0.0,0.0,0.0,0.0,0.0,0.0,0.0,0.0,0.0,0.0,0.0,0.0,0.0,0.0,0.0,0.0,0.0,0.0,0.0,0.0,0.0,0.0,0.0,7.265129978035143,0.0,0.0,0.0,0.0,0.0,0.0,0.0,8.730928817129902,0.0,0.0,7.265129978035143,0.0,0.0,0.0,0.0,0.0,0.0,6.167915732334905,0.0,0.0,0.0,0.0,0.0,0.0,0.0,6.167915732334905,0.0,0.0,0.0,0.0
4243,0.0,0.0,0.0,0.0,0.0,0.0,0.0,0.0,0.0,0.0,0.0,0.0,0.0,0.0,0.0,0.0,0.0,6.121495502161354,0.0,0.0,0.0,6.121495502161354,0.0,0.0,0.0,0.0,0.0,7.218643271861805,6.813544494621113,0.0,0.0,6.121495502161354,0.0,0.0,0.0,0.0,8.422102987415462,0.0,0.0,7.218643271861805,0.0,0.0,0.0,0.0,0.0,0.0,6.121495502161354,0.0,0.0,0.0,0.0,0.0,0.0,0.0,0.0,0.0,0.0,0.0,0.0
4337,0.0,0.0,6.2166061010848646,0.0,0.0,0.0,0.0,0.0,0.0,0.0,0.0,0.0,0.0,0.0,0.0,0.0,0.0,0.0,0.0,0.0,0.0,6.2166061010848646,0.0,0.0,0.0,0.0,0.0,6.2166061010848646,0.0,6.2166061010848646,0.0,6.2166061010848646,0.0,6.2166061010848646,6.2166061010848646,0.0,0.0,6.2166061010848646,0.0,0.0,0.0,0.0,0.0,0.0,0.0,6.2166061010848646,7.313886831633462,0.0,0.0,6.2166061010848646,0.0,0.0,0.0,0.0,6.2166061010848646,6.2166061010848646,7.824445930877619,0.0,0.0
4378,0.0,0.0,0.0,0.0,0.0,0.0,0.0,0.0,0.0,0.0,0.0,0.0,0.0,0.0,0.0,0.0,0.0,0.0,0.0,0.0,0.0,0.0,0.0,0.0,0.0,0.0,0.0,8.006700845440367,7.313886831633462,0.0,0.0,0.0,0.0,0.0,0.0,0.0,7.824445930877619,0.0,0.0,7.313886831633462,0.0,0.0,0.0,0.0,0.0,6.2166061010848646,0.0,0.0,0.0,6.90875477931522,0.0,0.0,0.0,0.0,0.0,0.0,0.0,0.0,0.0
4484,0.0,0.0,0.0,0.0,0.0,0.0,0.0,0.0,0.0,0.0,0.0,0.0,0.0,0.0,0.0,0.0,0.0,5.779448372398339,0.0,0.0,0.0,0.0,0.0,0.0,0.0,0.0,0.0,7.722706075656924,5.779448372398339,0.0,0.0,0.0,0.0,6.471049148040832,0.0,0.0,8.341540958063602,0.0,0.0,5.779448372398339,0.0,0.0,0.0,0.0,0.0,5.779448372398339,6.471049148040832,0.0,0.0,6.471049148040832,0.0,0.0,0.0,0.0,5.779448372398339,0.0,0.0,0.0,0.0
4486,0.0,0.0,0.0,0.0,0.0,5.993961427306569,0.0,0.0,0.0,0.0,0.0,0.0,0.0,0.0,0.0,0.0,0.0,0.0,0.0,0.0,0.0,0.0,0.0,0.0,0.0,0.0,0.0,5.993961427306569,5.993961427306569,0.0,0.0,6.68586094706836,5.993961427306569,5.993961427306569,0.0,0.0,8.556606193773073,0.0,0.0,7.0909098220799835,0.0,0.0,0.0,0.0,0.0,5.993961427306569,0.0,0.0,0.0,5.993961427306569,0.0,0.0,0.0,0.0,0.0,0.0,0.0,0.0,0.0
4565,0.0,0.0,0.0,0.0,0.0,0.0,0.0,0.0,0.0,0.0,0.0,0.0,0.0,0.0,0.0,0.0,0.0,6.572682063274631,0.0,0.0,0.0,7.265129978035143,0.0,0.0,0.0,0.0,0.0,6.977681048517689,7.824445930877619,0.0,0.0,0.0,0.0,0.0,0.0,0.0,7.824445930877619,0.0,0.0,6.977681048517689,0.0,0.0,0.0,0.0,0.0,0.0,0.0,0.0,0.0,6.572682063274631,0.0,0.0,0.0,0.0,0.0,0.0,0.0,0.0,0.0
4578,0.0,0.0,0.0,0.0,0.0,0.0,0.0,0.0,0.0,0.0,0.0,0.0,0.0,0.0,0.0,0.0,0.0,0.0,0.0,0.0,0.0,7.265129978035143,0.0,0.0,0.0,0.0,0.0,7.265129978035143,0.0,0.0,0.0,6.860014563948276,0.0,0.0,0.0,0.0,7.957927342245102,0.0,0.0,6.860014563948276,0.0,0.0,0.0,0.0,0.0,0.0,0.0,0.0,0.0,6.860014563948276,0.0,0.0,0.0,0.0,6.860014563948276,0.0,6.167915732334905,0.0,0.0
4592,0.0,0.0,0.0,0.0,0.0,0.0,0.0,0.0,0.0,0.0,0.0,0.0,6.167915732334905,0.0,0.0,0.0,0.0,0.0,0.0,0.0,0.0,6.167915732334905,0.0,0.0,0.0,0.0,0.0,0.0,7.775675758511548,0.0,0.0,6.860014563948276,0.0,6.167915732334905,0.0,0.0,7.775675758511548,0.0,0.0,7.265129978035143,0.0,0.0,0.0,0.0,0.0,6.167915732334905,0.0,0.0,0.0,6.167915732334905,0.0,0.0,0.0,0.0,0.0,0.0,0.0,6.167915732334905,0.0
4653,0.0,0.0,0.0,0.0,0.0,0.0,0.0,0.0,0.0,0.0,0.0,0.0,0.0,0.0,0.0,0.0,0.0,6.121495502161354,0.0,0.0,0.0,6.813544494621113,0.0,0.0,0.0,0.0,0.0,6.813544494621113,0.0,6.121495502161354,6.121495502161354,6.121495502161354,6.121495502161354,6.813544494621113,0.0,6.121495502161354,8.065522304010056,0.0,0.0,0.0,0.0,0.0,0.0,0.0,0.0,0.0,7.218643271861805,0.0,0.0,0.0,0.0,0.0,0.0,0.0,0.0,0.0,0.0,0.0,0.0
4663,0.0,0.0,0.0,0.0,0.0,0.0,0.0,0.0,6.167915732334905,0.0,0.0,0.0,0.0,0.0,0.0,0.0,0.0,0.0,0.0,0.0,0.0,6.167915732334905,0.0,0.0,0.0,0.0,0.0,6.860014563948276,6.860014563948276,0.0,0.0,0.0,6.167915732334905,0.0,0.0,0.0,8.363275817704324,0.0,0.0,7.265129978035143,0.0,0.0,0.0,0.0,0.0,0.0,6.167915732334905,0.0,0.0,0.0,0.0,0.0,0.0,0.0,6.167915732334905,0.0,0.0,0.0,0.0
4664,0.0,0.0,0.0,0.0,0.0,0.0,0.0,0.0,0.0,0.0,0.0,0.0,0.0,0.0,6.034683666227958,0.0,0.0,0.0,0.0,0.0,0.0,0.0,0.0,0.0,0.0,0.0,0.0,6.7266330027636645,6.034683666227958,0.0,0.0,0.0,6.034683666227958,6.7266330027636645,0.0,0.0,8.740496729931813,0.0,0.0,6.034683666227958,0.0,0.0,0.0,0.0,0.0,6.034683666227958,0.0,0.0,0.0,0.0,0.0,0.0,0.0,0.0,0.0,0.0,0.0,0.0,0.0
4721,0.0,0.0,0.0,0.0,0.0,0.0,0.0,0.0,0.0,0.0,0.0,0.0,6.2166061010848646,0.0,0.0,0.0,0.0,0.0,0.0,0.0,0.0,0.0,0.0,0.0,0.0,0.0,0.0,6.2166061010848646,6.90875477931522,0.0,0.0,0.0,6.90875477931522,0.0,0.0,0.0,8.160803920954665,0.0,0.0,8.160803920954665,0.0,0.0,0.0,0.0,0.0,0.0,0.0,0.0,0.0,0.0,0.0,0.0,0.0,0.0,0.0,0.0,0.0,0.0,0.0
4725,0.0,0.0,0.0,0.0,0.0,0.0,0.0,0.0,0.0,0.0,0.0,0.0,0.0,0.0,0.0,0.0,0.0,0.0,0.0,0.0,0.0,0.0,0.0,0.0,0.0,0.0,0.0,7.313886831633462,0.0,0.0,0.0,0.0,0.0,0.0,0.0,0.0,8.853808274977197,0.0,0.0,6.90875477931522,0.0,0.0,0.0,0.0,6.2166061010848646,0.0,0.0,0.0,0.0,0.0,0.0,0.0,0.0,0.0,0.0,0.0,0.0,0.0,0.0
4797,6.077143515095717,0.0,0.0,0.0,0.0,0.0,0.0,0.0,0.0,0.0,0.0,0.0,0.0,0.0,0.0,0.0,0.0,6.077143515095717,0.0,0.0,0.0,0.0,0.0,0.0,0.0,0.0,0.0,7.684743962713568,6.7691426758635,0.0,0.0,6.077143515095717,0.0,0.0,0.0,0.0,8.154575156406663,0.0,0.0,7.461715351917766,0.0,0.0,0.0,0.0,0.0,0.0,0.0,0.0,0.0,6.077143515095717,0.0,0.0,0.0,0.0,0.0,0.0,0.0,0.0,0.0
4800,0.0,0.0,0.0,0.0,0.0,0.0,0.0,0.0,0.0,0.0,0.0,0.0,0.0,0.0,0.0,0.0,0.0,0.0,0.0,0.0,0.0,0.0,0.0,0.0,0.0,0.0,0.0,7.313886831633462,6.2166061010848646,0.0,0.0,0.0,6.2166061010848646,6.2166061010848646,0.0,0.0,7.601402334583733,6.2166061010848646,0.0,8.294299608857235,0.0,0.0,0.0,0.0,0.0,6.2166061010848646,0.0,0.0,0.0,0.0,0.0,0.0,0.0,0.0,0.0,0.0,0.0,0.0,0.0
4854,0.0,0.0,6.167915732334905,0.0,0.0,0.0,0.0,0.0,0.0,0.0,0.0,0.0,6.167915732334905,0.0,0.0,0.0,0.0,0.0,0.0,0.0,0.0,0.0,0.0,0.0,0.0,0.0,0.0,7.265129978035143,0.0,0.0,0.0,0.0,0.0,0.0,6.167915732334905,0.0,0.0,7.957927342245102,0.0,6.167915732334905,0.0,0.0,0.0,0.0,0.0,0.0,6.860014563948276,0.0,0.0,0.0,0.0,0.0,0.0,0.0,6.167915732334905,0.0,7.775675758511548,0.0,0.0
4918,0.0,0.0,0.0,0.0,0.0,0.0,0.0,0.0,0.0,0.0,6.167915732334905,0.0,0.0,0.0,0.0,0.0,0.0,0.0,0.0,0.0,0.0,6.860014563948276,0.0,0.0,0.0,0.0,0.0,6.167915732334905,0.0,0.0,0.0,0.0,0.0,0.0,0.0,0.0,8.650899568730047,0.0,0.0,7.265129978035143,0.0,0.0,0.0,0.0,0.0,0.0,0.0,0.0,0.0,6.860014563948276,0.0,0.0,0.0,0.0,0.0,0.0,0.0,0.0,0.0
4973,0.0,0.0,0.0,0.0,0.0,0.0,0.0,0.0,0.0,0.0,0.0,0.0,0.0,0.0,0.0,0.0,6.167915732334905,0.0,0.0,0.0,0.0,6.167915732334905,0.0,0.0,0.0,0.0,0.0,7.552637157608365,0.0,6.167915732334905,0.0,6.167915732334905,6.860014563948276,0.0,0.0,0.0,7.775675758511548,0.0,0.0,6.167915732334905,0.0,0.0,0.0,0.0,0.0,0.0,7.552637157608365,0.0,0.0,6.167915732334905,0.0,0.0,0.0,0.0,0.0,0.0,0.0,0.0,0.0
5006,0.0,0.0,0.0,0.0,0.0,0.0,0.0,0.0,0.0,0.0,0.0,0.0,0.0,0.0,0.0,0.0,0.0,0.0,0.0,0.0,0.0,6.646690170246266,0.0,0.0,0.0,0.0,0.0,7.051722413950769,7.562201611235652,0.0,0.0,0.0,0.0,0.0,0.0,0.0,7.744436542654315,0.0,0.0,7.898525342618926,5.954840459801967,0.0,0.0,0.0,0.0,0.0,0.0,0.0,0.0,0.0,0.0,0.0,0.0,0.0,5.954840459801967,0.0,5.954840459801967,0.0,0.0
5105,0.0,0.0,0.0,0.0,0.0,0.0,0.0,0.0,0.0,0.0,0.0,0.0,0.0,0.0,0.0,0.0,0.0,6.167915732334905,0.0,0.0,0.0,6.167915732334905,0.0,0.0,0.0,0.0,0.0,6.860014563948276,6.167915732334905,0.0,0.0,0.0,0.0,6.167915732334905,0.0,0.0,8.2455219414855,0.0,0.0,6.860014563948276,0.0,0.0,0.0,0.0,0.0,6.167915732334905,7.265129978035143,0.0,0.0,0.0,0.0,0.0,0.0,0.0,6.167915732334905,0.0,0.0,0.0,0.0
5116,0.0,0.0,0.0,0.0,0.0,0.0,0.0,0.0,0.0,0.0,0.0,0.0,0.0,0.0,0.0,0.0,0.0,6.167915732334905,0.0,0.0,0.0,6.167915732334905,0.0,0.0,0.0,0.0,0.0,7.552637157608365,7.552637157608365,0.0,0.0,0.0,0.0,0.0,0.0,0.0,8.2455219414855,0.0,0.0,7.265129978035143,0.0,0.0,0.0,0.0,0.0,0.0,0.0,0.0,0.0,0.0,0.0,0.0,0.0,0.0,0.0,0.0,0.0,0.0,0.0
5142,0.0,0.0,0.0,0.0,0.0,0.0,0.0,0.0,0.0,0.0,0.0,0.0,0.0,0.0,0.0,0.0,0.0,0.0,0.0,0.0,0.0,6.167915732334905,0.0,0.0,0.0,0.0,0.0,6.860014563948276,6.167915732334905,0.0,0.0,0.0,0.0,6.167915732334905,0.0,0.0,8.805025252619144,0.0,0.0,0.0,0.0,0.0,0.0,0.0,0.0,6.167915732334905,6.167915732334905,0.0,0.0,0.0,0.0,0.0,0.0,0.0,0.0,0.0,0.0,0.0,0.0
5162,0.0,0.0,0.0,0.0,0.0,0.0,0.0,0.0,0.0,0.0,0.0,0.0,0.0,0.0,0.0,0.0,0.0,6.167915732334905,6.167915732334905,0.0,0.0,0.0,0.0,0.0,0.0,0.0,0.0,6.860014563948276,0.0,0.0,6.167915732334905,0.0,0.0,6.167915732334905,0.0,0.0,8.468613005199892,6.167915732334905,0.0,6.167915732334905,0.0,0.0,0.0,0.0,0.0,6.860014563948276,0.0,0.0,0.0,0.0,0.0,0.0,0.0,0.0,0.0,0.0,6.167915732334905,0.0,0.0
5170,0.0,0.0,0.0,0.0,6.034683666227958,0.0,0.0,0.0,0.0,0.0,0.0,0.0,0.0,0.0,0.0,0.0,0.0,0.0,0.0,0.0,0.0,6.034683666227958,0.0,0.0,0.0,0.0,0.0,6.7266330027636645,6.7266330027636645,0.0,0.0,6.034683666227958,0.0,0.0,0.0,0.0,7.824445930877619,0.0,0.0,7.978539489064328,0.0,0.0,0.0,0.0,0.0,0.0,6.034683666227958,0.0,0.0,6.034683666227958,0.0,0.0,0.0,0.0,6.7266330027636645,0.0,0.0,0.0,0.0
5172,0.0,0.0,0.0,0.0,0.0,0.0,0.0,0.0,0.0,0.0,0.0,0.0,0.0,0.0,0.0,0.0,0.0,0.0,0.0,0.0,0.0,0.0,0.0,0.0,0.0,0.0,0.0,7.3864108878045425,5.779448372398339,0.0,0.0,7.1634222284534985,6.875998255971096,0.0,0.0,0.0,8.07924821244501,0.0,0.0,7.568629169959492,0.0,0.0,0.0,0.0,0.0,0.0,5.779448372398339,0.0,0.0,0.0,0.0,0.0,0.0,0.0,5.779448372398339,0.0,0.0,0.0,0.0
5207,0.0,0.0,0.0,0.0,0.0,0.0,0.0,0.0,0.0,0.0,0.0,0.0,0.0,0.0,0.0,0.0,0.0,0.0,0.0,0.0,0.0,0.0,0.0,0.0,0.0,0.0,0.0,6.90875477931522,6.90875477931522,0.0,0.0,0.0,6.2166061010848646,0.0,0.0,0.0,8.612685172875459,0.0,0.0,7.313886831633462,0.0,0.0,0.0,0.0,0.0,0.0,0.0,0.0,0.0,0.0,0.0,0.0,0.0,0.0,0.0,0.0,6.2166061010848646,0.0,0.0
5208,0.0,0.0,0.0,0.0,0.0,0.0,6.167915732334905,0.0,0.0,0.0,0.0,0.0,0.0,0.0,0.0,0.0,0.0,0.0,0.0,0.0,0.0,6.860014563948276,0.0,0.0,0.0,0.0,0.0,6.167915732334905,6.860014563948276,0.0,0.0,0.0,0.0,0.0,0.0,0.0,8.874008125555884,0.0,0.0,0.0,0.0,0.0,0.0,0.0,0.0,0.0,0.0,0.0,0.0,0.0,0.0,0.0,0.0,0.0,0.0,0.0,0.0,0.0,0.0
5212,0.0,0.0,0.0,0.0,0.0,0.0,0.0,0.0,0.0,0.0,0.0,0.0,0.0,0.0,0.0,0.0,0.0,0.0,0.0,0.0,0.0,6.860014563948276,0.0,0.0,0.0,0.0,0.0,7.552637157608365,6.860014563948276,0.0,0.0,0.0,0.0,0.0,0.0,0.0,8.2455219414855,0.0,0.0,7.552637157608365,0.0,0.0,0.0,0.0,0.0,6.167915732334905,0.0,0.0,0.0,0.0,0.0,0.0,0.0,0.0,0.0,0.0,0.0,0.0,0.0
5277,0.0,0.0,0.0,0.0,0.0,0.0,0.0,0.0,0.0,0.0,0.0,0.0,0.0,0.0,0.0,0.0,0.0,0.0,0.0,0.0,0.0,0.0,0.0,0.0,0.0,0.0,0.0,6.860014563948276,0.0,0.0,0.0,0.0,6.860014563948276,0.0,0.0,0.0,8.2455219414855,0.0,0.0,6.860014563948276,6.167915732334905,0.0,0.0,0.0,6.860014563948276,6.860014563948276,0.0,0.0,0.0,6.860014563948276,0.0,0.0,0.0,0.0,0.0,0.0,0.0,0.0,0.0
5285,0.0,0.0,0.0,0.0,0.0,0.0,0.0,0.0,0.0,0.0,0.0,0.0,0.0,0.0,0.0,0.0,0.0,0.0,0.0,0.0,0.0,5.954840459801967,0.0,0.0,0.0,0.0,0.0,6.646690170246266,0.0,0.0,0.0,0.0,0.0,0.0,0.0,0.0,8.59148686061291,0.0,0.0,7.562201611235652,0.0,0.0,0.0,0.0,0.0,5.954840459801967,5.954840459801967,0.0,0.0,6.646690170246266,0.0,0.0,0.0,0.0,0.0,0.0,0.0,0.0,0.0
5292,0.0,0.0,0.0,0.0,0.0,0.0,0.0,0.0,0.0,0.0,0.0,0.0,0.0,0.0,0.0,0.0,0.0,0.0,0.0,0.0,0.0,6.167915732334905,0.0,0.0,0.0,0.0,0.0,7.265129978035143,0.0,0.0,0.0,0.0,0.0,0.0,0.0,0.0,8.650899568730047,6.167915732334905,0.0,7.265129978035143,0.0,0.0,0.0,0.0,0.0,0.0,0.0,0.0,0.0,0.0,0.0,0.0,0.0,0.0,0.0,0.0,6.167915732334905,0.0,0.0
5300,0.0,0.0,0.0,0.0,0.0,0.0,0.0,6.121495502161354,0.0,0.0,0.0,0.0,0.0,0.0,0.0,0.0,0.0,0.0,0.0,0.0,0.0,0.0,0.0,0.0,0.0,0.0,0.0,0.0,6.813544494621113,0.0,0.0,0.0,0.0,0.0,0.0,0.0,8.892024131405389,0.0,0.0,7.218643271861805,0.0,0.0,0.0,0.0,0.0,0.0,0.0,0.0,0.0,0.0,0.0,0.0,0.0,0.0,0.0,0.0,0.0,0.0,0.0
5318,0.0,0.0,0.0,0.0,0.0,0.0,0.0,0.0,0.0,0.0,0.0,0.0,0.0,0.0,0.0,0.0,0.0,0.0,0.0,0.0,0.0,0.0,0.0,0.0,0.0,0.0,0.0,0.0,7.265129978035143,0.0,0.0,6.167915732334905,0.0,0.0,6.167915732334905,0.0,8.874008125555884,0.0,0.0,6.167915732334905,0.0,0.0,0.0,0.0,0.0,0.0,0.0,0.0,0.0,0.0,0.0,0.0,0.0,0.0,0.0,0.0,0.0,0.0,0.0
5473,0.0,0.0,0.0,0.0,0.0,0.0,0.0,0.0,0.0,0.0,0.0,0.0,0.0,0.0,0.0,0.0,0.0,6.2166061010848646,0.0,0.0,0.0,7.313886831633462,0.0,0.0,0.0,0.0,0.0,7.313886831633462,7.313886831633462,0.0,0.0,6.2166061010848646,0.0,6.2166061010848646,0.0,0.0,6.90875477931522,0.0,0.0,8.006700845440367,0.0,0.0,0.0,0.0,0.0,0.0,0.0,0.0,0.0,0.0,0.0,0.0,0.0,0.0,0.0,0.0,0.0,0.0,0.0
5507,0.0,0.0,0.0,0.0,0.0,0.0,0.0,0.0,0.0,0.0,0.0,0.0,0.0,0.0,0.0,0.0,0.0,0.0,0.0,0.0,0.0,0.0,0.0,0.0,0.0,0.0,0.0,7.937731775260109,6.68586094706836,0.0,0.0,0.0,0.0,0.0,0.0,0.0,8.699681400989514,0.0,0.0,0.0,0.0,0.0,0.0,0.0,0.0,0.0,0.0,0.0,0.0,5.993961427306569,0.0,0.0,0.0,0.0,0.0,0.0,0.0,0.0,0.0
5618,0.0,0.0,0.0,0.0,0.0,0.0,0.0,0.0,0.0,0.0,0.0,0.0,0.0,0.0,0.0,0.0,0.0,6.077143515095717,0.0,0.0,0.0,0.0,0.0,0.0,0.0,0.0,0.0,6.7691426758635,7.461715351917766,0.0,0.0,0.0,6.077143515095717,0.0,0.0,0.0,8.63997242093645,0.0,0.0,6.7691426758635,0.0,0.0,0.0,0.0,0.0,0.0,0.0,0.0,0.0,0.0,0.0,0.0,0.0,0.0,0.0,0.0,0.0,0.0,0.0
5669,0.0,0.0,0.0,0.0,0.0,0.0,0.0,0.0,0.0,0.0,0.0,0.0,0.0,0.0,0.0,0.0,0.0,0.0,0.0,0.0,0.0,0.0,0.0,0.0,6.167915732334905,0.0,0.0,0.0,0.0,0.0,0.0,6.167915732334905,0.0,0.0,0.0,0.0,8.938537897880014,0.0,0.0,6.860014563948276,0.0,0.0,0.0,0.0,0.0,6.167915732334905,0.0,0.0,0.0,0.0,0.0,0.0,0.0,0.0,0.0,0.0,0.0,0.0,0.0
5699,0.0,0.0,0.0,0.0,0.0,0.0,0.0,0.0,0.0,0.0,0.0,0.0,0.0,0.0,0.0,0.0,0.0,6.121495502161354,0.0,0.0,0.0,0.0,0.0,0.0,0.0,0.0,0.0,0.0,6.121495502161354,0.0,0.0,0.0,0.0,0.0,0.0,0.0,8.604387884935699,0.0,0.0,8.065522304010056,0.0,0.0,0.0,0.0,0.0,0.0,0.0,0.0,0.0,6.121495502161354,0.0,0.0,0.0,0.0,0.0,0.0,0.0,0.0,0.0
5704,0.0,0.0,0.0,0.0,0.0,0.0,0.0,0.0,0.0,0.0,0.0,0.0,0.0,0.0,0.0,0.0,0.0,0.0,0.0,0.0,0.0,0.0,0.0,0.0,0.0,0.0,0.0,0.0,7.174224817643044,0.0,0.0,0.0,0.0,6.077143515095717,0.0,0.0,8.847578617955772,0.0,0.0,6.7691426758635,0.0,0.0,0.0,0.0,0.0,0.0,0.0,0.0,0.0,0.0,0.0,0.0,0.0,0.0,6.077143515095717,0.0,0.0,0.0,0.0
5707,0.0,0.0,0.0,0.0,0.0,0.0,0.0,0.0,0.0,0.0,0.0,0.0,0.0,0.0,0.0,0.0,0.0,0.0,0.0,0.0,0.0,0.0,0.0,0.0,0.0,0.0,0.0,0.0,6.813544494621113,0.0,0.0,6.121495502161354,0.0,0.0,0.0,0.0,8.827494775632239,0.0,0.0,7.506142128543193,0.0,0.0,0.0,0.0,0.0,0.0,0.0,0.0,0.0,0.0,0.0,0.0,0.0,0.0,0.0,0.0,0.0,0.0,0.0
5762,0.0,0.0,0.0,0.0,0.0,0.0,0.0,0.0,0.0,0.0,0.0,0.0,0.0,0.0,0.0,0.0,0.0,6.121495502161354,0.0,0.0,0.0,6.813544494621113,0.0,0.0,0.0,0.0,0.0,6.813544494621113,7.218643271861805,0.0,0.0,0.0,6.121495502161354,0.0,0.0,0.0,8.199014422492134,0.0,0.0,7.506142128543193,0.0,0.0,0.0,0.0,0.0,0.0,0.0,0.0,0.0,6.121495502161354,0.0,0.0,0.0,0.0,0.0,0.0,0.0,0.0,0.0
5773,0.0,0.0,0.0,0.0,0.0,0.0,0.0,0.0,0.0,0.0,0.0,0.0,0.0,0.0,0.0,0.0,0.0,0.0,0.0,0.0,0.0,0.0,0.0,0.0,6.167915732334905,0.0,0.0,6.167915732334905,0.0,0.0,0.0,6.167915732334905,0.0,0.0,0.0,0.0,8.2455219414855,6.860014563948276,0.0,7.775675758511548,0.0,0.0,0.0,0.0,0.0,6.860014563948276,6.167915732334905,0.0,0.0,0.0,0.0,0.0,0.0,0.0,0.0,0.0,0.0,0.0,0.0
5923,0.0,0.0,0.0,0.0,0.0,0.0,0.0,0.0,0.0,0.0,0.0,0.0,0.0,0.0,0.0,0.0,0.0,0.0,0.0,0.0,0.0,6.167915732334905,0.0,0.0,0.0,0.0,0.0,8.2455219414855,6.167915732334905,0.0,0.0,0.0,0.0,0.0,0.0,0.0,8.363275817704324,0.0,0.0,6.167915732334905,0.0,0.0,0.0,0.0,0.0,0.0,6.167915732334905,0.0,0.0,0.0,0.0,0.0,0.0,0.0,0.0,0.0,0.0,0.0,0.0
5924,0.0,0.0,0.0,0.0,0.0,0.0,0.0,6.077143515095717,0.0,0.0,0.0,0.0,0.0,6.077143515095717,0.0,0.0,0.0,0.0,0.0,0.0,0.0,0.0,0.0,0.0,0.0,0.0,0.0,7.461715351917766,6.077143515095717,0.0,0.0,0.0,0.0,6.077143515095717,0.0,0.0,8.472950497898037,0.0,0.0,6.7691426758635,0.0,0.0,0.0,0.0,0.0,0.0,6.077143515095717,0.0,0.0,0.0,0.0,0.0,0.0,0.0,6.077143515095717,0.0,0.0,0.0,0.0
5988,0.0,0.0,0.0,0.0,0.0,0.0,0.0,0.0,0.0,0.0,0.0,0.0,6.121495502161354,0.0,0.0,0.0,0.0,0.0,0.0,0.0,0.0,0.0,0.0,0.0,0.0,0.0,0.0,6.121495502161354,7.218643271861805,0.0,0.0,0.0,0.0,0.0,0.0,0.0,8.892024131405389,0.0,0.0,0.0,0.0,0.0,0.0,0.0,0.0,6.121495502161354,0.0,0.0,0.0,0.0,0.0,0.0,0.0,0.0,0.0,0.0,0.0,0.0,0.0
6060,0.0,0.0,0.0,0.0,0.0,0.0,0.0,0.0,0.0,0.0,0.0,0.0,0.0,0.0,0.0,0.0,0.0,0.0,0.0,0.0,0.0,6.90875477931522,0.0,0.0,0.0,0.0,0.0,6.90875477931522,6.90875477931522,0.0,0.0,0.0,0.0,0.0,0.0,0.0,8.699681400989514,0.0,0.0,6.2166061010848646,0.0,0.0,0.0,0.0,0.0,0.0,6.2166061010848646,0.0,0.0,0.0,0.0,0.0,0.0,0.0,0.0,0.0,0.0,0.0,0.0
6076,0.0,0.0,0.0,0.0,0.0,0.0,0.0,0.0,0.0,0.0,0.0,0.0,0.0,6.121495502161354,0.0,0.0,0.0,0.0,0.0,0.0,0.0,6.121495502161354,0.0,0.0,0.0,0.0,0.0,7.911423987306794,0.0,0.0,0.0,6.121495502161354,0.0,0.0,0.0,0.0,7.729175734280353,0.0,0.0,7.729175734280353,0.0,0.0,0.0,0.0,0.0,0.0,6.813544494621113,0.0,0.0,0.0,0.0,6.121495502161354,0.0,0.0,0.0,0.0,0.0,0.0,0.0
6202,0.0,0.0,0.0,0.0,0.0,0.0,0.0,0.0,0.0,0.0,0.0,0.0,0.0,0.0,0.0,0.0,0.0,0.0,0.0,0.0,0.0,7.506142128543193,0.0,0.0,0.0,0.0,0.0,6.813544494621113,6.813544494621113,0.0,0.0,0.0,6.121495502161354,0.0,0.0,0.0,8.065522304010056,0.0,0.0,7.729175734280353,0.0,0.0,0.0,0.0,0.0,0.0,0.0,0.0,0.0,6.121495502161354,0.0,0.0,0.0,0.0,0.0,0.0,0.0,0.0,0.0
6265,0.0,0.0,0.0,0.0,0.0,0.0,0.0,0.0,0.0,0.0,0.0,0.0,0.0,0.0,0.0,0.0,0.0,0.0,0.0,0.0,0.0,0.0,0.0,0.0,0.0,0.0,0.0,6.121495502161354,6.121495502161354,0.0,0.0,6.121495502161354,6.121495502161354,0.0,0.0,0.0,8.517393171418904,0.0,0.0,7.506142128543193,0.0,0.0,0.0,0.0,0.0,0.0,6.121495502161354,0.0,0.0,6.813544494621113,0.0,0.0,0.0,0.0,0.0,0.0,0.0,0.0,0.0
6563,0.0,0.0,0.0,0.0,0.0,0.0,0.0,0.0,0.0,0.0,0.0,0.0,0.0,0.0,0.0,0.0,0.0,6.90875477931522,0.0,0.0,0.0,0.0,0.0,0.0,0.0,0.0,0.0,7.824445930877619,0.0,0.0,0.0,6.90875477931522,6.2166061010848646,6.90875477931522,0.0,0.0,8.006700845440367,0.0,0.0,0.0,0.0,0.0,0.0,0.0,6.2166061010848646,0.0,0.0,0.0,0.0,6.2166061010848646,0.0,0.0,0.0,0.0,0.0,0.0,0.0,0.0,0.0
6661,0.0,0.0,0.0,0.0,0.0,0.0,0.0,0.0,0.0,0.0,0.0,0.0,0.0,0.0,0.0,0.0,0.0,0.0,0.0,0.0,0.0,7.313886831633462,0.0,0.0,0.0,0.0,0.0,6.90875477931522,0.0,0.0,0.0,0.0,0.0,0.0,0.0,0.0,8.699681400989514,6.2166061010848646,0.0,6.90875477931522,0.0,0.0,0.0,0.0,0.0,0.0,0.0,0.0,0.0,0.0,0.0,0.0,0.0,0.0,0.0,0.0,0.0,0.0,0.0
6664,0.0,0.0,0.0,0.0,0.0,0.0,0.0,0.0,0.0,0.0,0.0,0.0,0.0,0.0,0.0,0.0,0.0,0.0,0.0,0.0,0.0,0.0,0.0,0.0,0.0,0.0,0.0,6.7691426758635,7.174224817643044,0.0,0.0,0.0,0.0,6.077143515095717,0.0,0.0,8.783049678728222,0.0,0.0,6.077143515095717,0.0,0.0,0.0,0.0,0.0,0.0,0.0,0.0,0.0,0.0,0.0,0.0,0.0,0.0,0.0,0.0,6.077143515095717,0.0,0.0
6665,0.0,0.0,0.0,0.0,0.0,0.0,0.0,0.0,0.0,0.0,0.0,0.0,6.2166061010848646,0.0,0.0,0.0,0.0,0.0,0.0,0.0,0.0,6.2166061010848646,0.0,0.0,0.0,0.0,0.0,6.90875477931522,0.0,0.0,0.0,0.0,6.2166061010848646,0.0,0.0,0.0,8.517393171418904,0.0,0.0,7.601402334583733,0.0,0.0,0.0,0.0,0.0,0.0,6.2166061010848646,0.0,0.0,0.0,0.0,0.0,0.0,0.0,0.0,0.0,0.0,0.0,0.0
6841,0.0,0.0,0.0,0.0,0.0,0.0,0.0,0.0,0.0,0.0,0.0,0.0,6.034683666227958,0.0,0.0,0.0,0.0,0.0,0.0,0.0,0.0,0.0,0.0,0.0,0.0,0.0,0.0,6.034683666227958,6.034683666227958,0.0,0.0,6.034683666227958,0.0,0.0,0.0,0.0,8.976851828606984,0.0,0.0,6.034683666227958,0.0,0.0,0.0,0.0,0.0,0.0,0.0,0.0,0.0,0.0,0.0,0.0,0.0,0.0,0.0,0.0,0.0,0.0,0.0
7115,0.0,0.0,0.0,0.0,0.0,0.0,0.0,0.0,0.0,0.0,0.0,0.0,6.077143515095717,0.0,0.0,0.0,0.0,0.0,0.0,0.0,0.0,6.7691426758635,0.0,0.0,0.0,0.0,0.0,6.7691426758635,6.7691426758635,0.0,0.0,0.0,0.0,0.0,0.0,0.0,8.63997242093645,0.0,0.0,6.7691426758635,0.0,0.0,0.0,0.0,0.0,0.0,0.0,0.0,0.0,0.0,0.0,0.0,0.0,0.0,6.077143515095717,0.0,0.0,0.0,0.0
7244,0.0,0.0,0.0,0.0,0.0,0.0,0.0,0.0,0.0,0.0,0.0,0.0,0.0,0.0,0.0,0.0,0.0,0.0,0.0,0.0,0.0,6.2166061010848646,0.0,0.0,0.0,0.0,0.0,6.2166061010848646,6.2166061010848646,0.0,0.0,0.0,6.2166061010848646,6.2166061010848646,0.0,0.0,8.412054873292933,0.0,0.0,7.313886831633462,0.0,0.0,0.0,0.0,0.0,6.2166061010848646,6.2166061010848646,0.0,0.0,6.2166061010848646,0.0,0.0,0.0,0.0,0.0,0.0,0.0,0.0,0.0
7345,0.0,0.0,0.0,0.0,0.0,0.0,0.0,0.0,0.0,0.0,0.0,0.0,0.0,0.0,6.2166061010848646,0.0,0.0,0.0,0.0,0.0,0.0,6.90875477931522,0.0,0.0,0.0,0.0,0.0,7.601402334583733,6.90875477931522,0.0,0.0,6.2166061010848646,6.2166061010848646,0.0,0.0,0.0,8.006700845440367,0.0,0.0,6.90875477931522,0.0,0.0,0.0,0.0,0.0,0.0,0.0,0.0,0.0,6.2166061010848646,0.0,0.0,0.0,0.0,0.0,0.0,0.0,0.0,0.0
7409,0.0,0.0,0.0,0.0,0.0,0.0,0.0,0.0,0.0,0.0,0.0,0.0,0.0,0.0,0.0,0.0,0.0,0.0,0.0,0.0,0.0,0.0,0.0,0.0,0.0,0.0,0.0,0.0,6.167915732334905,0.0,0.0,0.0,0.0,0.0,0.0,0.0,8.999154800091612,0.0,0.0,6.167915732334905,0.0,0.0,0.0,0.0,0.0,0.0,6.167915732334905,0.0,0.0,6.167915732334905,0.0,0.0,0.0,0.0,0.0,0.0,0.0,0.0,0.0
7604,0.0,0.0,0.0,0.0,0.0,0.0,0.0,0.0,0.0,0.0,0.0,0.0,6.167915732334905,0.0,0.0,0.0,0.0,0.0,0.0,0.0,0.0,0.0,0.0,0.0,0.0,0.0,0.0,7.775675758511548,6.860014563948276,0.0,0.0,0.0,0.0,6.167915732334905,0.0,0.0,7.265129978035143,0.0,0.0,7.552637157608365,0.0,0.0,0.0,0.0,0.0,6.167915732334905,0.0,0.0,0.0,6.860014563948276,0.0,0.0,0.0,0.0,6.860014563948276,0.0,0.0,0.0,0.0
7765,0.0,0.0,0.0,0.0,0.0,0.0,0.0,0.0,0.0,0.0,0.0,0.0,0.0,0.0,0.0,0.0,0.0,0.0,0.0,0.0,0.0,6.121495502161354,0.0,0.0,0.0,0.0,6.121495502161354,8.065522304010056,6.813544494621113,0.0,0.0,0.0,0.0,0.0,0.0,0.0,8.422102987415462,0.0,0.0,6.121495502161354,0.0,0.0,0.0,0.0,0.0,0.0,0.0,0.0,0.0,0.0,0.0,0.0,0.0,0.0,0.0,0.0,0.0,0.0,0.0
7779,0.0,0.0,0.0,0.0,0.0,0.0,0.0,0.0,0.0,0.0,0.0,0.0,0.0,0.0,5.993961427306569,0.0,0.0,5.993961427306569,0.0,0.0,0.0,0.0,0.0,0.0,0.0,0.0,0.0,6.68586094706836,6.68586094706836,0.0,0.0,0.0,0.0,5.993961427306569,0.0,0.0,8.476579508530941,0.0,0.0,6.68586094706836,0.0,0.0,0.0,0.0,0.0,0.0,0.0,0.0,0.0,7.0909098220799835,0.0,0.0,0.0,0.0,5.993961427306569,0.0,0.0,0.0,0.0
7820,0.0,0.0,0.0,0.0,0.0,0.0,0.0,0.0,0.0,0.0,0.0,0.0,0.0,0.0,0.0,0.0,0.0,6.077143515095717,0.0,0.0,0.0,6.077143515095717,0.0,0.0,6.077143515095717,0.0,0.0,8.154575156406663,0.0,0.0,0.0,6.077143515095717,0.0,6.7691426758635,6.077143515095717,0.0,0.0,0.0,0.0,6.077143515095717,0.0,0.0,0.0,6.077143515095717,0.0,0.0,7.174224817643044,0.0,0.0,0.0,0.0,0.0,0.0,0.0,6.077143515095717,0.0,6.7691426758635,0.0,0.0
7875,0.0,0.0,0.0,0.0,0.0,0.0,0.0,0.0,0.0,0.0,0.0,0.0,0.0,0.0,0.0,0.0,0.0,6.2166061010848646,0.0,0.0,0.0,6.2166061010848646,0.0,0.0,0.0,0.0,0.0,6.90875477931522,0.0,0.0,0.0,0.0,6.2166061010848646,0.0,0.0,0.0,8.006700845440367,0.0,0.0,7.824445930877619,0.0,0.0,0.0,0.0,0.0,6.2166061010848646,6.2166061010848646,0.0,0.0,6.90875477931522,0.0,0.0,0.0,0.0,0.0,0.0,0.0,0.0,0.0
7880,0.0,0.0,0.0,0.0,0.0,0.0,0.0,0.0,0.0,0.0,0.0,0.0,0.0,0.0,0.0,0.0,0.0,0.0,0.0,0.0,0.0,0.0,0.0,0.0,0.0,0.0,0.0,6.813544494621113,6.813544494621113,0.0,0.0,0.0,0.0,0.0,0.0,0.0,8.758512378744623,0.0,0.0,7.506142128543193,0.0,0.0,0.0,0.0,0.0,0.0,0.0,0.0,0.0,0.0,0.0,0.0,0.0,0.0,0.0,0.0,0.0,0.0,0.0
7898,0.0,0.0,0.0,0.0,6.167915732334905,0.0,0.0,0.0,0.0,0.0,0.0,0.0,6.167915732334905,0.0,0.0,0.0,0.0,0.0,0.0,0.0,0.0,0.0,0.0,0.0,0.0,0.0,0.0,0.0,6.167915732334905,0.0,0.0,0.0,0.0,0.0,0.0,0.0,8.730928817129902,6.860014563948276,0.0,6.167915732334905,0.0,0.0,0.0,0.0,0.0,0.0,0.0,0.0,0.0,6.167915732334905,0.0,0.0,0.0,0.0,0.0,0.0,6.167915732334905,0.0,0.0
8001,0.0,0.0,0.0,0.0,0.0,0.0,0.0,0.0,0.0,0.0,0.0,0.0,0.0,0.0,0.0,0.0,0.0,6.2166061010848646,0.0,0.0,0.0,6.2166061010848646,0.0,0.0,6.2166061010848646,0.0,0.0,6.2166061010848646,6.2166061010848646,0.0,0.0,0.0,0.0,0.0,0.0,0.0,8.517393171418904,0.0,0.0,7.313886831633462,0.0,0.0,0.0,0.0,0.0,6.2166061010848646,0.0,0.0,0.0,0.0,0.0,6.2166061010848646,0.0,0.0,0.0,0.0,0.0,0.0,0.0
8010,0.0,0.0,0.0,0.0,0.0,0.0,0.0,0.0,0.0,0.0,0.0,0.0,0.0,0.0,0.0,0.0,0.0,0.0,0.0,0.0,0.0,6.167915732334905,0.0,0.0,0.0,0.0,0.0,7.775675758511548,6.167915732334905,0.0,0.0,7.265129978035143,0.0,6.167915732334905,0.0,0.0,8.11202803831707,0.0,0.0,6.167915732334905,0.0,0.0,0.0,0.0,0.0,0.0,6.167915732334905,0.0,0.0,6.167915732334905,0.0,0.0,0.0,0.0,0.0,0.0,0.0,0.0,0.0
8107,0.0,0.0,0.0,0.0,0.0,0.0,0.0,0.0,0.0,0.0,0.0,0.0,0.0,0.0,0.0,0.0,0.0,0.0,0.0,0.0,0.0,0.0,0.0,0.0,0.0,0.0,0.0,7.313886831633462,6.90875477931522,0.0,0.0,0.0,0.0,0.0,0.0,0.0,8.517393171418904,0.0,0.0,7.313886831633462,0.0,0.0,0.0,0.0,0.0,0.0,6.90875477931522,0.0,0.0,0.0,0.0,0.0,0.0,0.0,0.0,0.0,0.0,0.0,0.0
8232,0.0,0.0,0.0,0.0,0.0,0.0,0.0,0.0,0.0,0.0,0.0,0.0,5.954840459801967,0.0,0.0,0.0,0.0,0.0,0.0,0.0,0.0,0.0,0.0,0.0,0.0,0.0,0.0,7.339187983916088,7.051722413950769,0.0,0.0,0.0,0.0,0.0,0.0,0.0,8.59148686061291,0.0,0.0,6.646690170246266,0.0,0.0,0.0,0.0,0.0,5.954840459801967,0.0,0.0,0.0,0.0,0.0,0.0,0.0,0.0,5.954840459801967,0.0,0.0,0.0,0.0
8235,0.0,0.0,0.0,0.0,0.0,0.0,0.0,0.0,0.0,0.0,0.0,0.0,0.0,6.034683666227958,0.0,0.0,0.0,0.0,0.0,0.0,0.0,6.034683666227958,0.0,0.0,0.0,0.0,0.0,7.642204338899188,7.1316985104669115,0.0,0.0,0.0,0.0,0.0,0.0,0.0,8.597420497435067,0.0,0.0,6.034683666227958,0.0,0.0,0.0,0.0,0.0,0.0,0.0,0.0,0.0,0.0,0.0,0.0,0.0,0.0,0.0,0.0,0.0,0.0,0.0
8355,0.0,0.0,0.0,0.0,0.0,0.0,0.0,0.0,0.0,0.0,0.0,0.0,0.0,6.167915732334905,0.0,0.0,0.0,0.0,0.0,0.0,0.0,6.860014563948276,0.0,0.0,0.0,0.0,0.0,8.2455219414855,0.0,0.0,6.167915732334905,6.167915732334905,0.0,0.0,0.0,0.0,8.11202803831707,0.0,0.0,0.0,0.0,0.0,0.0,0.0,0.0,0.0,6.167915732334905,0.0,0.0,0.0,0.0,0.0,0.0,0.0,0.0,0.0,0.0,0.0,0.0
8543,0.0,0.0,0.0,0.0,0.0,0.0,0.0,0.0,0.0,0.0,0.0,0.0,0.0,0.0,0.0,0.0,0.0,0.0,0.0,0.0,0.0,6.167915732334905,0.0,0.0,0.0,0.0,0.0,6.167915732334905,7.265129978035143,0.0,0.0,6.167915732334905,0.0,6.167915732334905,0.0,0.0,8.2455219414855,0.0,0.0,0.0,0.0,0.0,0.0,0.0,0.0,6.167915732334905,7.265129978035143,0.0,0.0,0.0,0.0,0.0,0.0,0.0,6.860014563948276,0.0,0.0,0.0,0.0
8738,0.0,0.0,0.0,0.0,0.0,0.0,0.0,0.0,0.0,0.0,0.0,0.0,0.0,0.0,0.0,0.0,0.0,0.0,0.0,0.0,0.0,0.0,0.0,0.0,0.0,0.0,0.0,7.265129978035143,6.167915732334905,0.0,0.0,0.0,0.0,0.0,0.0,0.0,8.650899568730047,0.0,0.0,7.265129978035143,0.0,0.0,0.0,0.0,0.0,6.167915732334905,0.0,0.0,0.0,6.167915732334905,0.0,0.0,0.0,0.0,0.0,0.0,0.0,0.0,0.0
8763,0.0,6.167915732334905,0.0,0.0,7.775675758511548,6.860014563948276,6.860014563948276,0.0,0.0,0.0,0.0,6.167915732334905,0.0,0.0,0.0,0.0,0.0,0.0,0.0,6.167915732334905,0.0,0.0,0.0,0.0,0.0,0.0,0.0,0.0,0.0,0.0,0.0,6.167915732334905,0.0,0.0,6.167915732334905,0.0,6.860014563948276,0.0,0.0,0.0,0.0,0.0,0.0,0.0,0.0,0.0,6.167915732334905,0.0,6.167915732334905,0.0,7.265129978035143,0.0,0.0,0.0,0.0,0.0,0.0,0.0,0.0
8925,0.0,0.0,0.0,0.0,0.0,0.0,0.0,0.0,0.0,0.0,0.0,0.0,0.0,0.0,0.0,0.0,0.0,0.0,0.0,0.0,0.0,0.0,0.0,0.0,0.0,0.0,0.0,6.90875477931522,0.0,0.0,0.0,0.0,0.0,0.0,0.0,0.0,8.517393171418904,0.0,0.0,8.006700845440367,0.0,0.0,0.0,0.0,0.0,0.0,6.90875477931522,0.0,0.0,0.0,0.0,0.0,0.0,0.0,0.0,0.0,0.0,0.0,0.0
9013,0.0,0.0,0.0,0.0,0.0,0.0,0.0,0.0,0.0,0.0,0.0,0.0,0.0,0.0,0.0,0.0,0.0,0.0,0.0,0.0,0.0,6.7691426758635,0.0,0.0,0.0,0.0,0.0,6.7691426758635,7.174224817643044,0.0,0.0,0.0,0.0,0.0,0.0,0.0,8.55994445413599,0.0,0.0,6.7691426758635,0.0,0.0,0.0,0.0,0.0,0.0,6.7691426758635,0.0,0.0,0.0,0.0,0.0,0.0,0.0,0.0,0.0,0.0,0.0,0.0
9356,0.0,0.0,0.0,0.0,0.0,0.0,0.0,0.0,0.0,0.0,0.0,0.0,6.167915732334905,0.0,0.0,0.0,0.0,6.860014563948276,0.0,0.0,0.0,6.860014563948276,0.0,0.0,0.0,0.0,0.0,6.860014563948276,7.552637157608365,0.0,0.0,0.0,0.0,6.167915732334905,0.0,0.0,8.2455219414855,0.0,0.0,6.167915732334905,0.0,0.0,0.0,0.0,0.0,0.0,0.0,0.0,0.0,0.0,0.0,0.0,0.0,0.0,0.0,0.0,0.0,0.0,0.0
9543,0.0,0.0,0.0,0.0,0.0,0.0,0.0,0.0,0.0,0.0,0.0,0.0,0.0,0.0,0.0,0.0,0.0,0.0,0.0,0.0,0.0,6.167915732334905,0.0,0.0,0.0,0.0,0.0,8.2455219414855,0.0,0.0,6.167915732334905,7.265129978035143,0.0,0.0,0.0,0.0,0.0,0.0,6.167915732334905,0.0,0.0,0.0,0.0,0.0,0.0,6.167915732334905,7.957927342245102,0.0,0.0,0.0,0.0,0.0,0.0,0.0,0.0,0.0,0.0,0.0,0.0
9632,0.0,0.0,0.0,0.0,0.0,0.0,0.0,0.0,0.0,0.0,0.0,0.0,6.2166061010848646,0.0,0.0,0.0,0.0,0.0,0.0,0.0,0.0,7.313886831633462,0.0,0.0,0.0,0.0,0.0,0.0,6.90875477931522,0.0,0.0,0.0,0.0,0.0,0.0,0.0,8.412054873292933,0.0,0.0,7.313886831633462,0.0,0.0,0.0,0.0,0.0,0.0,0.0,0.0,0.0,6.2166061010848646,0.0,0.0,0.0,0.0,6.2166061010848646,0.0,0.0,0.0,0.0
9637,0.0,0.0,0.0,0.0,0.0,0.0,0.0,0.0,0.0,0.0,0.0,0.0,0.0,0.0,0.0,0.0,0.0,6.167915732334905,0.0,0.0,0.0,0.0,0.0,0.0,0.0,0.0,0.0,6.860014563948276,0.0,0.0,0.0,6.860014563948276,0.0,0.0,0.0,0.0,8.805025252619144,0.0,0.0,6.860014563948276,0.0,0.0,0.0,0.0,0.0,0.0,0.0,0.0,0.0,0.0,0.0,0.0,0.0,0.0,0.0,0.0,0.0,0.0,0.0
9935,0.0,0.0,0.0,0.0,0.0,0.0,0.0,0.0,0.0,0.0,0.0,0.0,0.0,0.0,0.0,0.0,0.0,6.167915732334905,0.0,0.0,0.0,0.0,0.0,0.0,0.0,0.0,0.0,7.265129978035143,0.0,0.0,0.0,0.0,6.167915732334905,0.0,0.0,0.0,7.775675758511548,0.0,0.0,8.2455219414855,0.0,0.0,0.0,0.0,0.0,0.0,6.860014563948276,0.0,0.0,0.0,0.0,0.0,0.0,0.0,0.0,6.167915732334905,0.0,0.0,0.0
10009,0.0,0.0,0.0,0.0,0.0,0.0,0.0,0.0,0.0,0.0,0.0,0.0,0.0,0.0,0.0,0.0,0.0,0.0,0.0,0.0,0.0,0.0,0.0,0.0,6.2166061010848646,0.0,0.0,0.0,6.2166061010848646,0.0,0.0,0.0,0.0,0.0,0.0,0.0,8.853808274977197,0.0,0.0,6.90875477931522,0.0,0.0,0.0,0.0,0.0,0.0,0.0,0.0,0.0,6.2166061010848646,0.0,0.0,0.0,0.0,0.0,0.0,6.2166061010848646,0.0,0.0
10738,0.0,0.0,6.7266330027636645,0.0,0.0,0.0,0.0,0.0,0.0,0.0,0.0,0.0,0.0,0.0,0.0,0.0,0.0,0.0,0.0,0.0,0.0,0.0,0.0,0.0,0.0,0.0,0.0,7.1316985104669115,0.0,0.0,0.0,0.0,0.0,0.0,0.0,0.0,7.824445930877619,6.034683666227958,0.0,6.7266330027636645,0.0,0.0,0.0,0.0,0.0,0.0,6.7266330027636645,0.0,0.0,7.978539489064328,0.0,0.0,0.0,0.0,6.034683666227958,0.0,0.0,0.0,0.0
10743,0.0,0.0,0.0,0.0,0.0,0.0,0.0,0.0,0.0,0.0,0.0,0.0,0.0,0.0,0.0,0.0,0.0,0.0,0.0,0.0,0.0,6.2166061010848646,0.0,0.0,0.0,0.0,0.0,0.0,6.90875477931522,0.0,0.0,0.0,0.0,0.0,0.0,0.0,8.853808274977197,0.0,0.0,6.90875477931522,0.0,0.0,0.0,0.0,0.0,0.0,6.2166061010848646,0.0,0.0,0.0,0.0,0.0,0.0,0.0,0.0,0.0,0.0,0.0,0.0
11206,0.0,0.0,0.0,0.0,0.0,0.0,0.0,0.0,0.0,0.0,0.0,0.0,0.0,0.0,0.0,0.0,0.0,6.121495502161354,0.0,0.0,0.0,6.121495502161354,0.0,0.0,0.0,0.0,0.0,0.0,6.121495502161354,0.0,0.0,6.813544494621113,0.0,6.121495502161354,0.0,0.0,8.604387884935699,0.0,0.0,7.218643271861805,0.0,0.0,0.0,0.0,0.0,0.0,0.0,0.0,0.0,0.0,0.0,0.0,0.0,0.0,0.0,0.0,0.0,6.121495502161354,0.0
11354,0.0,0.0,0.0,0.0,0.0,0.0,0.0,0.0,0.0,0.0,0.0,0.0,0.0,0.0,0.0,0.0,0.0,6.121495502161354,0.0,0.0,0.0,7.506142128543193,0.0,0.0,0.0,0.0,6.121495502161354,0.0,0.0,0.0,0.0,6.121495502161354,0.0,0.0,0.0,0.0,8.422102987415462,0.0,0.0,7.218643271861805,0.0,0.0,0.0,0.0,0.0,0.0,6.121495502161354,0.0,0.0,6.121495502161354,0.0,0.0,0.0,0.0,0.0,0.0,0.0,0.0,0.0
11602,0.0,0.0,0.0,0.0,0.0,0.0,0.0,0.0,0.0,0.0,0.0,0.0,0.0,0.0,0.0,0.0,0.0,0.0,0.0,0.0,0.0,0.0,0.0,0.0,0.0,0.0,0.0,6.90875477931522,0.0,0.0,0.0,6.90875477931522,0.0,6.2166061010848646,0.0,0.0,8.412054873292933,0.0,0.0,7.313886831633462,0.0,0.0,0.0,0.0,0.0,6.2166061010848646,6.2166061010848646,0.0,0.0,0.0,0.0,0.0,0.0,0.0,6.2166061010848646,0.0,0.0,0.0,0.0
11695,0.0,0.0,0.0,0.0,0.0,0.0,0.0,0.0,0.0,0.0,0.0,0.0,0.0,0.0,0.0,0.0,0.0,0.0,0.0,0.0,0.0,6.90875477931522,0.0,0.0,0.0,0.0,0.0,7.601402334583733,0.0,0.0,0.0,0.0,0.0,0.0,0.0,0.0,8.699681400989514,0.0,0.0,6.90875477931522,0.0,0.0,0.0,0.0,0.0,0.0,0.0,0.0,0.0,0.0,0.0,0.0,0.0,0.0,0.0,0.0,0.0,0.0,0.0
11779,0.0,0.0,0.0,0.0,0.0,0.0,0.0,0.0,0.0,0.0,0.0,0.0,0.0,0.0,0.0,0.0,0.0,6.167915732334905,0.0,0.0,0.0,0.0,0.0,0.0,0.0,0.0,0.0,8.11202803831707,0.0,6.167915732334905,0.0,6.860014563948276,0.0,6.167915732334905,0.0,0.0,6.860014563948276,6.167915732334905,0.0,0.0,0.0,0.0,0.0,0.0,0.0,0.0,7.775675758511548,0.0,0.0,0.0,0.0,0.0,0.0,0.0,6.167915732334905,0.0,0.0,0.0,0.0
12205,0.0,0.0,0.0,0.0,0.0,0.0,0.0,0.0,0.0,0.0,0.0,0.0,0.0,0.0,0.0,0.0,0.0,0.0,0.0,0.0,0.0,5.993961427306569,0.0,0.0,0.0,0.0,0.0,7.601402334583733,7.3783837129967145,0.0,0.0,5.993961427306569,5.993961427306569,0.0,0.0,0.0,7.783640596221253,0.0,0.0,7.3783837129967145,0.0,0.0,0.0,0.0,0.0,0.0,6.68586094706836,0.0,0.0,5.993961427306569,0.0,0.0,0.0,0.0,0.0,0.0,0.0,0.0,0.0
12489,0.0,0.0,0.0,0.0,0.0,0.0,0.0,0.0,0.0,0.0,0.0,0.0,0.0,0.0,0.0,0.0,0.0,0.0,0.0,0.0,0.0,0.0,0.0,0.0,0.0,0.0,0.0,6.646690170246266,5.954840459801967,0.0,0.0,0.0,5.954840459801967,5.954840459801967,0.0,0.0,8.660467353369757,5.954840459801967,0.0,7.339187983916088,0.0,0.0,0.0,0.0,0.0,0.0,0.0,0.0,0.0,5.954840459801967,0.0,0.0,0.0,0.0,0.0,0.0,0.0,0.0,0.0
12500,0.0,0.0,0.0,0.0,0.0,0.0,0.0,6.2166061010848646,0.0,0.0,0.0,0.0,6.2166061010848646,0.0,0.0,0.0,0.0,6.2166061010848646,0.0,0.0,0.0,0.0,0.0,0.0,0.0,0.0,0.0,6.90875477931522,6.90875477931522,0.0,0.0,6.90875477931522,0.0,0.0,0.0,0.0,8.517393171418904,0.0,0.0,6.2166061010848646,0.0,0.0,0.0,0.0,0.0,0.0,0.0,0.0,0.0,0.0,0.0,0.0,0.0,0.0,0.0,0.0,0.0,0.0,0.0
14380,0.0,0.0,0.0,0.0,0.0,0.0,6.121495502161354,0.0,0.0,0.0,0.0,0.0,0.0,0.0,0.0,0.0,0.0,0.0,0.0,0.0,0.0,6.121495502161354,0.0,0.0,0.0,0.0,0.0,6.813544494621113,6.121495502161354,0.0,0.0,6.121495502161354,0.0,0.0,0.0,0.0,8.065522304010056,0.0,0.0,8.199014422492134,0.0,0.0,0.0,0.0,0.0,0.0,0.0,0.0,0.0,6.121495502161354,0.0,0.0,0.0,0.0,0.0,0.0,0.0,0.0,0.0
15284,0.0,0.0,0.0,0.0,0.0,0.0,0.0,0.0,0.0,0.0,0.0,0.0,0.0,0.0,0.0,0.0,0.0,6.121495502161354,0.0,0.0,0.0,6.121495502161354,0.0,0.0,0.0,0.0,0.0,7.218643271861805,6.121495502161354,0.0,0.0,6.813544494621113,0.0,0.0,0.0,0.0,8.422102987415462,0.0,0.0,6.813544494621113,0.0,0.0,0.0,0.0,0.0,0.0,6.121495502161354,0.0,0.0,6.121495502161354,0.0,0.0,0.0,0.0,0.0,0.0,0.0,0.0,0.0
23262,0.0,0.0,0.0,0.0,0.0,0.0,0.0,0.0,0.0,0.0,0.0,0.0,0.0,0.0,0.0,0.0,0.0,0.0,0.0,0.0,0.0,0.0,0.0,0.0,0.0,0.0,0.0,7.601402334583733,0.0,0.0,0.0,0.0,0.0,0.0,0.0,0.0,8.517393171418904,0.0,0.0,6.2166061010848646,6.2166061010848646,0.0,0.0,0.0,6.2166061010848646,0.0,7.313886831633462,0.0,0.0,0.0,0.0,0.0,0.0,0.0,0.0,0.0,0.0,0.0,0.0
